row_index	sequence_id	source_group	label
109927	PQ867852_w2000_s5000	PQ867852	2
109941	NC_021349_w5000_s70000	NC_021349	2
109953	LR800396_w5000_s150000	LR800396	2
109956	LT714109_w5000_s0	LT714109	2
109962	NC_051633_w2000_s27000	NC_051633	2
109964	MK138526_w2000_s8000	MK138526	2
109966	LN610585_w10000_s25000	LN610585	2
109985	PQ432285_w10000_s20000	PQ432285	2
109997	NC_041978_w20000_s40000	NC_041978	2
109998	NC_070860_w20000_s50000	NC_070860	2
110001	PQ505080_w20000_s40000	PQ505080	2
110005	OR424388_w5000_s25000	OR424388	2
110032	NC_053235_w1000_s36500	NC_053235	2
110037	MZ417323_w2000_s114000	MZ417323	2
110051	NC_031256_w20000_s20000	NC_031256	2
110060	MN562221_w10000_s30000	MN562221	2
110064	OR896295_w2000_s37000	OR896295	2
110072	LR800396_w1000_s24000	LR800396	2
110079	MK408758_w10000_s95000	MK408758	2
110101	MW021758_w10000_s240000	MW021758	2
110111	MH807819_w5000_s17500	MH807819	2
110129	NC_031061_w1000_s14000	NC_031061	2
110134	MF919495_w10000_s75000	MF919495	2
110140	OR575929_w1000_s122000	OR575929	2
110151	MN252582_w5000_s20000	MN252582	2
110155	ON529532_w20000_s30000	ON529532	2
110181	PQ309151_w10000_s40000	PQ309151	2
110191	MT684598_w5000_s17500	MT684598	2
110202	OR822025_w1000_s18500	OR822025	2
110219	AP014889_w20000_s50000	AP014889	2
110231	MT438761_w5000_s100000	MT438761	2
110238	MF288922_w2000_s75000	MF288922	2
110276	MN204499_w5000_s20000	MN204499	2
110282	MN095771_w10000_s80000	MN095771	2
110298	NC_006884_w5000_s80000	NC_006884	2
110315	PQ159901_w5000_s37500	PQ159901	2
110347	OP978391_w5000_s55000	OP978391	2
110351	MW421579_w5000_s37500	MW421579	2
110355	MG065645_w2000_s112000	MG065645	2
110360	NC_054937_w20000_s0	NC_054937	2
110369	OZ035734_w1000_s1000	OZ035734	2
110375	PQ850612_w10000_s20000	PQ850612	2
110389	NC_055882_w2000_s84000	NC_055882	2
110397	OR521064_w5000_s0	OR521064	2
110419	ON190024_w10000_s150000	ON190024	2
110461	MN164484_w5000_s30000	MN164484	2
110467	MZ622164_w10000_s0	MZ622164	2
110472	OR539220_w20000_s140000	OR539220	2
110478	KX369584_w20000_s30000	KX369584	2
110480	NC_021348_w5000_s55000	NC_021348	2
110498	PQ642265_w1000_s8500	PQ642265	2
110500	MZ501102_w2000_s70000	MZ501102	2
110517	MH688040_w20000_s30000	MH688040	2
110548	MT012302_w10000_s10000	MT012302	2
110551	MN586024_w5000_s62500	MN586024	2
110571	MT118290_w10000_s45000	MT118290	2
110626	OR553912_w2000_s0	OR553912	2
110627	KX397373_w1000_s59000	KX397373	2
110643	MN038177_w20000_s0	MN038177	2
110644	NC_007581_w5000_s90000	NC_007581	2
110649	MG592411_w10000_s15000	MG592411	2
110673	OZ196095_w1000_s46000	OZ196095	2
110678	OP352124_w2000_s21000	OP352124	2
110679	KY703222_w1000_s500	KY703222	2
110714	MZ234009_w1000_s30000	MZ234009	2
110715	AP008983_w10000_s35000	AP008983	2
110718	AY266303_w20000_s20000	AY266303	2
110737	KU686210_w20000_s110000	KU686210	2
110738	KC182548_w10000_s10000	KC182548	2
110748	KJ473422_w10000_s70000	KJ473422	2
110753	MG770379_w10000_s105000	MG770379	2
110756	MN695334_w20000_s190000	MN695334	2
110774	OQ466432_w1000_s41000	OQ466432	2
110785	OK340820_w20000_s60000	OK340820	2
110787	MZ375249_w5000_s22500	MZ375249	2
110797	OR053651_w2000_s8000	OR053651	2
110822	MW349129_w1000_s168500	MW349129	2
110845	OP021681_w2000_s132000	OP021681	2
110854	PP597384_w2000_s27000	PP597384	2
110858	OZ195950_w5000_s15000	OZ195950	2
110866	PQ189589_w10000_s35000	PQ189589	2
110871	OZ195766_w20000_s0	OZ195766	2
110887	PQ666539_w2000_s10000	PQ666539	2
110889	NC_023599_w20000_s0	NC_023599	2
110898	PQ741025_w2000_s18000	PQ741025	2
110913	PQ505481_w10000_s15000	PQ505481	2
110933	MZ443787_w20000_s70000	MZ443787	2
110956	KU160638_w10000_s30000	KU160638	2
110966	NC_009804_w2000_s61000	NC_009804	2
110968	OK076929_w1000_s125000	OK076929	2
110974	MN871446_w10000_s135000	MN871446	2
110975	JQ686190_w10000_s110000	JQ686190	2
110988	MN813051_w5000_s27500	MN813051	2
110990	NC_028969_w20000_s30000	NC_028969	2
111047	PP680568_w10000_s95000	PP680568	2
111066	NC_054945_w2000_s91000	NC_054945	2
111074	ON470582_w10000_s10000	ON470582	2
111078	NC_051614_w2000_s27000	NC_051614	2
111105	CP008753_w2000_s25000	CP008753	2
111128	KU998245_w20000_s10000	KU998245	2
111130	HM144386_w20000_s10000	HM144386	2
111132	KY385384_w5000_s17500	KY385384	2
111143	KP836356_w10000_s15000	KP836356	2
111151	MT889398_w20000_s0	MT889398	2
111180	PQ096439_w10000_s20000	PQ096439	2
111203	PQ642265_w10000_s100000	PQ642265	2
111209	MG592665_w1000_s13500	MG592665	2
111233	PP925833_w5000_s32500	PP925833	2
111234	MT552976_w1000_s3000	MT552976	2
111235	MH299806_w1000_s51500	MH299806	2
111243	OL800604_w10000_s35000	OL800604	2
111247	OQ378314_w5000_s35000	OQ378314	2
111250	MW546067_w2000_s18000	MW546067	2
111251	OZ196448_w20000_s10000	OZ196448	2
111275	KY883635_w10000_s35000	KY883635	2
111311	MW421578_w5000_s70000	MW421578	2
111319	OZ195827_w20000_s30000	OZ195827	2
111320	MG973030_w10000_s80000	MG973030	2
111329	MF459646_w20000_s100000	MF459646	2
111336	KR347354_w1000_s14000	KR347354	2
111341	OR594342_w20000_s0	OR594342	2
111345	PP786691_w2000_s41000	PP786691	2
111354	OR532873_w10000_s5000	OR532873	2
111373	OZ196368_w1000_s3000	OZ196368	2
111403	MW629017_w1000_s34000	MW629017	2
111422	MZ475898_w20000_s220000	MZ475898	2
111423	PQ656107_w10000_s85000	PQ656107	2
111439	PP359530_w2000_s21000	PP359530	2
111441	OZ195725_w5000_s2500	OZ195725	2
111463	NC_070951_w5000_s112500	NC_070951	2
111466	NC_030915_w1000_s8500	NC_030915	2
111474	OP926972_w5000_s15000	OP926972	2
111489	OR539218_w1000_s121500	OR539218	2
111501	LC739537_w2000_s127000	LC739537	2
111506	KM408320_w2000_s36000	KM408320	2
111512	MK448727_w2000_s22000	MK448727	2
111515	OL770260_w1000_s26000	OL770260	2
111538	NC_021348_w20000_s80000	NC_021348	2
111601	NC_025429_w2000_s141000	NC_025429	2
111604	PP724615_w1000_s49000	PP724615	2
111605	OR352949_w20000_s30000	OR352949	2
111608	NC_047835_w10000_s75000	NC_047835	2
111636	NC_048770_w2000_s70000	NC_048770	2
111669	OM728302_w5000_s60000	OM728302	2
111675	OM912978_w10000_s85000	OM912978	2
111676	MN114083_w2000_s50000	MN114083	2
111679	OR896172_w20000_s10000	OR896172	2
111681	MW584155_w20000_s10000	MW584155	2
111685	KT337362_w10000_s0	KT337362	2
111688	OL539464_w2000_s24000	OL539464	2
111694	AP008983_w2000_s57000	AP008983	2
111695	NC_028817_w1000_s3500	NC_028817	2
111704	KU160654_w20000_s10000	KU160654	2
111714	PP993148_w5000_s105000	PP993148	2
111720	MF036691_w20000_s20000	MF036691	2
111721	MF490238_w2000_s31000	MF490238	2
111732	OM249648_w2000_s156000	OM249648	2
111735	NC_003288_w2000_s34000	NC_003288	2
111742	OQ653963_w10000_s80000	OQ653963	2
111749	MW247143_w1000_s5000	MW247143	2
111765	MK448824_w2000_s25000	MK448824	2
111772	MH669006_w1000_s35000	MH669006	2
111801	AF335538_w2000_s2000	AF335538	2
111806	OZ196701_w1000_s104000	OZ196701	2
111808	MZ234053_w10000_s35000	MZ234053	2
111809	PV029541_w2000_s53000	PV029541	2
111821	ON881243_w5000_s25000	ON881243	2
111835	NC_020478_w10000_s35000	NC_020478	2
111844	NC_028907_w2000_s17000	NC_028907	2
111850	KR052482_w2000_s200000	KR052482	2
111856	PP301341_w10000_s0	PP301341	2
111859	OZ195733_w10000_s15000	OZ195733	2
111864	OR896834_w5000_s25000	OR896834	2
111865	OZ035773_w5000_s92500	OZ035773	2
111878	NC_049423_w2000_s8000	NC_049423	2
111881	MK450429_w10000_s15000	MK450429	2
111888	MN850656_w10000_s20000	MN850656	2
111899	NC_018843_w2000_s74000	NC_018843	2
111909	KU981050_w20000_s0	KU981050	2
111914	MG707188_w20000_s10000	MG707188	2
111921	PV112476_w20000_s20000	PV112476	2
111940	NC_015252_w2000_s3000	NC_015252	2
111958	KX664455_w1000_s35000	KX664455	2
111975	MN218190_w10000_s50000	MN218190	2
111984	OZ195913_w10000_s30000	OZ195913	2
111987	KY779849_w10000_s110000	KY779849	2
111988	PP977456_w20000_s10000	PP977456	2
111997	PP047755_w20000_s0	PP047755	2
112000	NC_073315_w10000_s20000	NC_073315	2
112004	NC_070703_w2000_s32000	NC_070703	2
112044	MK972689_w10000_s15000	MK972689	2
112051	NC_051582_w20000_s10000	NC_051582	2
112068	KP881232_w2000_s40000	KP881232	2
112073	NC_023736_w2000_s27000	NC_023736	2
112077	NC_021348_w2000_s86000	NC_021348	2
112082	KX349296_w2000_s128000	KX349296	2
112104	MN096376_w10000_s15000	MN096376	2
112108	KX369584_w1000_s20500	KX369584	2
112116	MN395285_w10000_s5000	MN395285	2
112125	LC465543_w1000_s42000	LC465543	2
112141	MT446405_w10000_s25000	MT446405	2
112145	MG581355_w5000_s25000	MG581355	2
112161	PQ869677_w5000_s30000	PQ869677	2
112187	DQ466086_w20000_s10000	DQ466086	2
112192	KX349247_w5000_s27500	KX349247	2
112212	PP824815_w2000_s41000	PP824815	2
112234	NC_019487_w1000_s66000	NC_019487	2
112238	DQ398050_w5000_s5000	DQ398050	2
112240	MH547045_w5000_s30000	MH547045	2
112253	OZ195716_w5000_s25000	OZ195716	2
112257	OR779980_w1000_s30500	OR779980	2
112270	OR896843_w2000_s69000	OR896843	2
112289	OK040807_w20000_s50000	OK040807	2
112298	PQ287319_w2000_s172000	PQ287319	2
112304	MW824400_w1000_s22500	MW824400	2
112318	MH045563_w2000_s7000	MH045563	2
112327	KJ019069_w1000_s66500	KJ019069	2
112334	NC_053242_w1000_s53000	NC_053242	2
112336	KT270441_w2000_s1000	KT270441	2
112346	MT104122_w5000_s25000	MT104122	2
112388	NC_021537_w5000_s15000	NC_021537	2
112397	HQ186308_w20000_s10000	HQ186308	2
112398	OQ579025_w2000_s1000	OQ579025	2
112404	NC_030950_w1000_s38000	NC_030950	2
112409	MT711526_w1000_s20500	MT711526	2
112431	ON548417_w2000_s112000	ON548417	2
112438	PP889454_w10000_s0	PP889454	2
112469	OM634661_w1000_s33000	OM634661	2
112472	MK994522_w20000_s20000	MK994522	2
112483	MT446407_w5000_s2500	MT446407	2
112503	OQ709198_w1000_s63000	OQ709198	2
112504	MW546067_w2000_s49000	MW546067	2
112507	MZ209300_w2000_s5000	MZ209300	2
112532	KX011028_w5000_s85000	KX011028	2
112533	LC644974_w1000_s5500	LC644974	2
112537	PP931173_w1000_s35000	PP931173	2
112538	MZ593174_w20000_s20000	MZ593174	2
112539	MN703411_w5000_s52500	MN703411	2
112553	MW478290_w5000_s27500	MW478290	2
112563	OM728302_w20000_s70000	OM728302	2
112572	NC_055870_w5000_s30000	NC_055870	2
112593	MK721199_w1000_s6000	MK721199	2
112618	KJ019128_w1000_s87500	KJ019128	2
112625	MN901520_w5000_s10000	MN901520	2
112626	NC_070975_w20000_s60000	NC_070975	2
112636	MZ501046_w5000_s77500	MZ501046	2
112642	NC_019442_w2000_s18000	NC_019442	2
112671	MW021750_w2000_s24000	MW021750	2
112679	MK448795_w1000_s4000	MK448795	2
112684	OR770614_w20000_s130000	OR770614	2
112692	NC_054945_w5000_s110000	NC_054945	2
112694	LC805022_w10000_s15000	LC805022	2
112699	LC616033_w20000_s30000	LC616033	2
112720	MN095771_w5000_s80000	MN095771	2
112722	MN695334_w2000_s214000	MN695334	2
112728	NC_007581_w10000_s150000	NC_007581	2
112729	NC_025115_w20000_s0	NC_025115	2
112743	MW314854_w10000_s40000	MW314854	2
112747	MK318076_w20000_s10000	MK318076	2
112756	MZ375251_w2000_s13000	MZ375251	2
112762	MT552976_w20000_s40000	MT552976	2
112769	MZ417321_w10000_s30000	MZ417321	2
112775	KY210139_w5000_s25000	KY210139	2
112781	KX397373_w10000_s180000	KX397373	2
112790	HE614282_w2000_s10000	HE614282	2
112798	NC_073679_w20000_s0	NC_073679	2
112811	MT118296_w1000_s16500	MT118296	2
112830	OQ680481_w10000_s60000	OQ680481	2
112841	JQ340389_w5000_s30000	JQ340389	2
112847	ON920540_w10000_s10000	ON920540	2
112848	PP212877_w1000_s162500	PP212877	2
112851	NC_061444_w20000_s140000	NC_061444	2
112856	NC_054998_w10000_s10000	NC_054998	2
112871	OP985600_w10000_s25000	OP985600	2
112881	MN813051_w20000_s30000	MN813051	2
112886	PP725410_w5000_s17500	PP725410	2
112888	PP212877_w10000_s110000	PP212877	2
112891	KJ019095_w20000_s110000	KJ019095	2
112899	MF158046_w5000_s22500	MF158046	2
112903	NC_019456_w10000_s35000	NC_019456	2
112915	MN988523_w1000_s118000	MN988523	2
112919	OZ196115_w1000_s39500	OZ196115	2
112922	PP541513_w5000_s27500	PP541513	2
112943	NC_031007_w10000_s75000	NC_031007	2
112956	MH431931_w10000_s10000	MH431931	2
112958	OQ622092_w5000_s17500	OQ622092	2
112959	JN797797_w10000_s125000	JN797797	2
112981	NC_028744_w1000_s45000	NC_028744	2
113010	MK310139_w1000_s2000	MK310139	2
113018	MZ501094_w20000_s80000	MZ501094	2
113023	PP934445_w2000_s15000	PP934445	2
113028	MG763894_w5000_s155000	MG763894	2
113029	KJ473422_w2000_s91000	KJ473422	2
113052	OR896853_w10000_s5000	OR896853	2
113065	KC595511_w10000_s60000	KC595511	2
113070	ON602754_w20000_s10000	ON602754	2
113080	OR105946_w1000_s46000	OR105946	2
113085	KJ019105_w1000_s152500	KJ019105	2
113099	PP213450_w5000_s5000	PP213450	2
113111	MW055903_w10000_s30000	MW055903	2
113117	KJ174318_w10000_s150000	KJ174318	2
113123	NC_023578_w2000_s34000	NC_023578	2
113190	MN164484_w20000_s10000	MN164484	2
113245	OR253900_w20000_s20000	OR253900	2
113249	LC768468_w20000_s20000	LC768468	2
113265	OV877085_w20000_s110000	OV877085	2
113276	MN234220_w5000_s32500	MN234220	2
113282	MT684598_w10000_s15000	MT684598	2
113287	NC_091964_w2000_s84000	NC_091964	2
113292	NC_007581_w20000_s110000	NC_007581	2
113294	NC_026013_w1000_s1000	NC_026013	2
113307	OZ038334_w1000_s29500	OZ038334	2
113316	MN096367_w5000_s7500	MN096367	2
113320	MT684597_w2000_s37000	MT684597	2
113329	OR521064_w10000_s20000	OR521064	2
113342	NC_055034_w2000_s39000	NC_055034	2
113350	MW353175_w1000_s118500	MW353175	2
113357	OR352940_w2000_s99000	OR352940	2
113372	JN797797_w20000_s20000	JN797797	2
113376	OQ921337_w10000_s120000	OQ921337	2
113412	MN812217_w10000_s20000	MN812217	2
113442	OP947159_w20000_s20000	OP947159	2
113448	OR539218_w1000_s54000	OR539218	2
113460	NC_028681_w5000_s27500	NC_028681	2
113487	KT270441_w10000_s5000	KT270441	2
113489	JQ965645_w10000_s90000	JQ965645	2
113492	NC_054937_w10000_s30000	NC_054937	2
113504	GU071090_w5000_s87500	GU071090	2
113520	MF288922_w5000_s107500	MF288922	2
113530	MN027503_w20000_s130000	MN027503	2
113534	KC801932_w2000_s111000	KC801932	2
113535	KY316062_w10000_s0	KY316062	2
113557	OP297178_w2000_s94000	OP297178	2
113567	MH746814_w5000_s5000	MH746814	2
113577	NC_010811_w5000_s15000	NC_010811	2
113582	MN895438_w5000_s47500	MN895438	2
113606	OQ221544_w1000_s23000	OQ221544	2
113608	MZ333132_w20000_s0	MZ333132	2
113615	PP312924_w5000_s37500	PP312924	2
113624	MT774375_w10000_s70000	MT774375	2
113628	OQ383323_w20000_s20000	OQ383323	2
113674	MK359331_w1000_s5000	MK359331	2
113679	KJ628499_w10000_s35000	KJ628499	2
113680	NC_021327_w20000_s40000	NC_021327	2
113691	MG018928_w20000_s10000	MG018928	2
113706	OZ196106_w10000_s15000	OZ196106	2
113707	PP738794_w10000_s0	PP738794	2
113723	ON190024_w10000_s185000	ON190024	2
113729	MN505213_w20000_s10000	MN505213	2
113733	NC_018843_w20000_s50000	NC_018843	2
113750	LR535921_w5000_s197500	LR535921	2
113767	KJ019029_w20000_s60000	KJ019029	2
113785	NC_028681_w5000_s2500	NC_028681	2
113801	NC_021784_w1000_s29000	NC_021784	2
113827	MG065646_w10000_s125000	MG065646	2
113845	PP412816_w1000_s12000	PP412816	2
113874	NC_091964_w10000_s115000	NC_091964	2
113878	KY658680_w20000_s30000	KY658680	2
113913	NC_091964_w10000_s60000	NC_091964	2
113918	PV112476_w2000_s14000	PV112476	2
113927	NC_041908_w20000_s0	NC_041908	2
113948	PP479939_w1000_s2000	PP479939	2
113951	NC_054940_w1000_s155000	NC_054940	2
113971	MH479914_w10000_s25000	MH479914	2
113981	NC_054924_w5000_s2500	NC_054924	2
114023	MW021757_w20000_s0	MW021757	2
114030	NC_054937_w10000_s35000	NC_054937	2
114036	OV877085_w10000_s10000	OV877085	2
114040	MT776812_w1000_s28500	MT776812	2
114043	NC_070777_w5000_s45000	NC_070777	2
114045	MZ417339_w20000_s30000	MZ417339	2
114063	MZ669808_w20000_s0	MZ669808	2
114065	KM652554_w10000_s5000	KM652554	2
114072	LT961838_w2000_s33000	LT961838	2
114084	MT580897_w1000_s56000	MT580897	2
114089	OQ603359_w2000_s142000	OQ603359	2
114126	MN329677_w10000_s10000	MN329677	2
114148	ON814134_w1000_s23500	ON814134	2
114154	KF669663_w1000_s36500	KF669663	2
114157	ON716453_w10000_s25000	ON716453	2
114179	MN032614_w2000_s45000	MN032614	2
114188	MH077577_w1000_s39000	MH077577	2
114191	PP468606_w5000_s65000	PP468606	2
114198	MH590591_w2000_s21000	MH590591	2
114199	GU071090_w2000_s47000	GU071090	2
114210	NC_029060_w2000_s45000	NC_029060	2
114225	PQ657784_w5000_s32500	PQ657784	2
114238	MN043730_w10000_s25000	MN043730	2
114247	OZ195950_w20000_s50000	OZ195950	2
114258	NC_070709_w2000_s10000	NC_070709	2
114260	OQ378314_w5000_s25000	OQ378314	2
114264	MF476925_w2000_s52000	MF476925	2
114297	GU936714_w5000_s62500	GU936714	2
114311	OZ195766_w20000_s70000	OZ195766	2
114313	HM114277_w2000_s134000	HM114277	2
114318	NC_055783_w2000_s95000	NC_055783	2
114328	MW202473_w10000_s20000	MW202473	2
114333	MT897904_w1000_s18500	MT897904	2
114335	MG867727_w5000_s125000	MG867727	2
114345	OM634661_w1000_s120000	OM634661	2
114362	KY779849_w20000_s20000	KY779849	2
114375	MH745368_w10000_s0	MH745368	2
114385	NC_055817_w2000_s5000	NC_055817	2
114389	MH536736_w10000_s55000	MH536736	2
114397	MZ616364_w20000_s20000	MZ616364	2
114409	OQ850183_w2000_s57000	OQ850183	2
114420	MK112548_w2000_s121000	MK112548	2
114423	NC_025115_w2000_s6000	NC_025115	2
114432	MH371109_w10000_s10000	MH371109	2
114448	KU927497_w10000_s85000	KU927497	2
114472	MW822536_w10000_s25000	MW822536	2
114491	MF612072_w2000_s25000	MF612072	2
114492	OL539441_w2000_s13000	OL539441	2
114494	NC_054934_w5000_s62500	NC_054934	2
114517	LC616062_w1000_s3000	LC616062	2
114518	NC_008562_w5000_s122500	NC_008562	2
114542	PQ309151_w2000_s207000	PQ309151	2
114544	MK994515_w1000_s226000	MK994515	2
114551	JN377895_w2000_s133000	JN377895	2
114552	OZ196227_w1000_s126500	OZ196227	2
114554	OZ196096_w2000_s19000	OZ196096	2
114561	NC_009875_w2000_s5000	NC_009875	2
114583	OM634661_w20000_s130000	OM634661	2
114594	PP047754_w5000_s115000	PP047754	2
114606	KF669653_w10000_s30000	KF669653	2
114610	JQ086371_w10000_s20000	JQ086371	2
114611	NC_005091_w1000_s31500	NC_005091	2
114620	MF327003_w1000_s81500	MF327003	2
114633	PQ141284_w20000_s0	PQ141284	2
114639	PQ133597_w5000_s20000	PQ133597	2
114645	JX181828_w1000_s12500	JX181828	2
114649	AY962392_w20000_s120000	AY962392	2
114667	OP172695_w1000_s29000	OP172695	2
114694	MH746814_w20000_s10000	MH746814	2
114695	MZ648039_w5000_s17500	MZ648039	2
114697	KT363731_w1000_s25500	KT363731	2
114703	MW794147_w1000_s78000	MW794147	2
114706	MT682710_w20000_s90000	MT682710	2
114716	NC_054923_w20000_s60000	NC_054923	2
114725	NC_049410_w10000_s5000	NC_049410	2
114744	OR253900_w1000_s37500	OR253900	2
114751	NC_028755_w10000_s110000	NC_028755	2
114757	KX119175_w10000_s0	KX119175	2
114779	HQ634195_w2000_s98000	HQ634195	2
114803	KY368640_w2000_s39000	KY368640	2
114806	PQ571261_w5000_s10000	PQ571261	2
114812	MF327003_w20000_s40000	MF327003	2
114818	LR031359_w20000_s110000	LR031359	2
114827	PP579742_w1000_s122000	PP579742	2
114837	OQ653963_w20000_s60000	OQ653963	2
114838	PP725410_w5000_s22500	PP725410	2
114856	PP464953_w10000_s100000	PP464953	2
114863	LC567831_w20000_s10000	LC567831	2
114867	OP867026_w2000_s14000	OP867026	2
114868	NC_048711_w5000_s25000	NC_048711	2
114873	LC727699_w10000_s260000	LC727699	2
114885	OQ095916_w2000_s117000	OQ095916	2
114908	OX335405_w20000_s60000	OX335405	2
114920	ON814134_w5000_s117500	ON814134	2
114924	MT700412_w20000_s30000	MT700412	2
114934	KJ019076_w1000_s500	KJ019076	2
114939	OQ383323_w5000_s32500	OQ383323	2
114968	ON086985_w20000_s0	ON086985	2
114993	OL539471_w1000_s7000	OL539471	2
114996	OZ196412_w1000_s1500	OZ196412	2
114999	OQ588745_w10000_s10000	OQ588745	2
115008	MT074476_w5000_s60000	MT074476	2
115010	MW021757_w5000_s62500	MW021757	2
115024	OL656108_w10000_s70000	OL656108	2
115025	OZ195848_w2000_s11000	OZ195848	2
115046	MK511034_w20000_s10000	MK511034	2
115048	PP511574_w5000_s0	PP511574	2
115050	MK095198_w1000_s26000	MK095198	2
115065	NC_025451_w1000_s34500	NC_025451	2
115084	OL631482_w2000_s53000	OL631482	2
115117	NC_026923_w2000_s122000	NC_026923	2
115123	AY266303_w2000_s151000	AY266303	2
115129	OR420686_w1000_s30500	OR420686	2
115130	OQ743452_w1000_s6500	OQ743452	2
115135	AP014889_w2000_s40000	AP014889	2
115145	KX664455_w2000_s26000	KX664455	2
115152	GQ153921_w1000_s4000	GQ153921	2
115174	MN871446_w20000_s190000	MN871446	2
115184	OZ196552_w1000_s65000	OZ196552	2
115190	MN988497_w5000_s25000	MN988497	2
115195	PQ480333_w1000_s22000	PQ480333	2
115222	NC_048115_w20000_s20000	NC_048115	2
115228	AP014889_w5000_s42500	AP014889	2
115229	MF678789_w2000_s32000	MF678789	2
115232	NC_048633_w2000_s9000	NC_048633	2
115243	NC_070973_w5000_s60000	NC_070973	2
115253	NC_031226_w10000_s10000	NC_031226	2
115267	PP660558_w2000_s46000	PP660558	2
115291	NC_051730_w2000_s17000	NC_051730	2
115295	OQ791220_w10000_s40000	OQ791220	2
115301	MW056502_w5000_s7500	MW056502	2
115303	NC_070951_w2000_s135000	NC_070951	2
115307	KJ473422_w5000_s40000	KJ473422	2
115315	OQ927986_w2000_s7000	OQ927986	2
115318	NC_006884_w1000_s121000	NC_006884	2
115327	NC_041953_w5000_s5000	NC_041953	2
115380	PQ133614_w2000_s29000	PQ133614	2
115395	JQ806764_w10000_s25000	JQ806764	2
115415	NC_055034_w1000_s2000	NC_055034	2
115416	PP496433_w5000_s35000	PP496433	2
115422	NC_001902_w20000_s0	NC_001902	2
115425	MW822601_w1000_s13500	MW822601	2
115461	MZ475898_w10000_s140000	MZ475898	2
115471	KU886223_w2000_s103000	KU886223	2
115493	NC_051683_w5000_s20000	NC_051683	2
115497	NC_011810_w20000_s0	NC_011810	2
115509	OQ357823_w1000_s15500	OQ357823	2
115511	NC_048723_w2000_s11000	NC_048723	2
115522	OP272493_w20000_s0	OP272493	2
115542	NC_051665_w1000_s17000	NC_051665	2
115549	OM386659_w10000_s105000	OM386659	2
115553	PP725410_w1000_s15500	PP725410	2
115574	NC_055900_w5000_s35000	NC_055900	2
115587	ON970566_w20000_s0	ON970566	2
115592	MW812339_w5000_s235000	MW812339	2
115601	PP357460_w5000_s22500	PP357460	2
115613	MN119379_w2000_s41000	MN119379	2
115620	KU686197_w1000_s54000	KU686197	2
115621	ON170184_w5000_s10000	ON170184	2
115622	OR770614_w10000_s20000	OR770614	2
115635	KM606995_w1000_s44500	KM606995	2
115636	LC788704_w2000_s13000	LC788704	2
115648	LC788704_w1000_s135500	LC788704	2
115657	KM092515_w1000_s23500	KM092515	2
115661	OK272472_w1000_s52500	OK272472	2
115675	PP695294_w20000_s30000	PP695294	2
115677	OY720014_w5000_s7500	OY720014	2
115684	OR354830_w20000_s50000	OR354830	2
115691	PQ768829_w10000_s55000	PQ768829	2
115702	MG973030_w5000_s157500	MG973030	2
115711	KX130727_w5000_s40000	KX130727	2
115719	MW794176_w10000_s95000	MW794176	2
115730	KT438500_w1000_s36500	KT438500	2
115742	NC_025417_w5000_s45000	NC_025417	2
115764	MG770213_w1000_s22500	MG770213	2
115775	MH271321_w10000_s5000	MH271321	2
115776	CP062422_w10000_s0	CP062422	2
115781	MH807816_w1000_s32000	MH807816	2
115792	NC_010811_w5000_s2500	NC_010811	2
115832	KR534323_w20000_s100000	KR534323	2
115860	MT580897_w10000_s110000	MT580897	2
115866	OZ195946_w1000_s51500	OZ195946	2
115876	MN043730_w10000_s90000	MN043730	2
115888	NC_047888_w10000_s25000	NC_047888	2
115899	NC_047881_w20000_s0	NC_047881	2
115911	OZ196125_w5000_s37500	OZ196125	2
115918	NC_048711_w2000_s19000	NC_048711	2
115931	KJ019029_w20000_s40000	KJ019029	2
115934	MN850579_w1000_s109500	MN850579	2
115935	NC_047822_w5000_s70000	NC_047822	2
115941	CP072507_w2000_s34000	CP072507	2
115949	OV696621_w1000_s26000	OV696621	2
115955	KM408320_w1000_s13500	KM408320	2
115965	MT799840_w5000_s12500	MT799840	2
115971	LN610581_w5000_s67500	LN610581	2
115977	OQ319934_w2000_s35000	OQ319934	2
115979	PP695294_w20000_s140000	PP695294	2
116002	MZ622177_w1000_s16000	MZ622177	2
116003	MZ443787_w20000_s240000	MZ443787	2
116016	NC_042067_w5000_s62500	NC_042067	2
116045	OQ743452_w2000_s30000	OQ743452	2
116053	PP514361_w20000_s20000	PP514361	2
116054	MG835858_w10000_s45000	MG835858	2
116056	OR475249_w2000_s51000	OR475249	2
116092	LT961841_w2000_s22000	LT961841	2
116099	MZ209300_w2000_s6000	MZ209300	2
116104	MG779474_w5000_s7500	MG779474	2
116116	NC_048084_w5000_s95000	NC_048084	2
116121	NC_031082_w10000_s35000	NC_031082	2
116123	OQ129425_w1000_s32000	OQ129425	2
116124	HQ634190_w10000_s135000	HQ634190	2
116156	KF156340_w1000_s109500	KF156340	2
116169	JN371768_w10000_s65000	JN371768	2
116189	PP978821_w1000_s18000	PP978821	2
116196	OZ196255_w5000_s37500	OZ196255	2
116212	OK094519_w2000_s5000	OK094519	2
116214	KY368640_w5000_s117500	KY368640	2
116216	KC900379_w20000_s20000	KC900379	2
116219	MG646669_w2000_s59000	MG646669	2
116244	KX557273_w5000_s15000	KX557273	2
116265	FJ168662_w20000_s30000	FJ168662	2
116266	OR896172_w20000_s20000	OR896172	2
116275	MW824417_w20000_s0	MW824417	2
116289	PQ642265_w2000_s2000	PQ642265	2
116302	KY554774_w2000_s88000	KY554774	2
116306	MT118296_w5000_s2500	MT118296	2
116338	PP496443_w1000_s40500	PP496443	2
116346	MG592665_w5000_s32500	MG592665	2
116359	NC_027293_w2000_s18000	NC_027293	2
116364	OZ195913_w10000_s120000	OZ195913	2
116365	MG663582_w5000_s17500	MG663582	2
116375	NC_055882_w20000_s30000	NC_055882	2
116376	NC_016564_w20000_s50000	NC_016564	2
116379	CP069348_w10000_s40000	CP069348	2
116388	MK005300_w5000_s60000	MK005300	2
116391	OQ603353_w20000_s160000	OQ603353	2
116408	MK112548_w5000_s137500	MK112548	2
116412	MF288922_w1000_s131000	MF288922	2
116445	OP263967_w20000_s120000	OP263967	2
116456	OQ653963_w1000_s148000	OQ653963	2
116463	LN881734_w20000_s50000	LN881734	2
116483	GU169904_w5000_s72500	GU169904	2
116486	KY703222_w2000_s80000	KY703222	2
116498	OR352940_w20000_s70000	OR352940	2
116530	OQ860966_w10000_s5000	OQ860966	2
116556	MK994515_w1000_s210000	MK994515	2
116566	MN813051_w2000_s63000	MN813051	2
116575	MH051248_w2000_s7000	MH051248	2
116577	OQ873415_w5000_s147500	OQ873415	2
116582	OL451946_w5000_s10000	OL451946	2
116583	ON113167_w5000_s117500	ON113167	2
116584	OM416765_w5000_s5000	OM416765	2
116586	OQ291031_w1000_s36500	OQ291031	2
116595	LC567820_w20000_s60000	LC567820	2
116598	KU886223_w20000_s250000	KU886223	2
116616	OZ035766_w1000_s85000	OZ035766	2
116674	PQ505476_w10000_s0	PQ505476	2
116685	OR575929_w1000_s115500	OR575929	2
116716	MF158044_w20000_s10000	MF158044	2
116726	CP008753_w20000_s10000	CP008753	2
116730	OM210019_w20000_s20000	OM210019	2
116733	PP213450_w10000_s5000	PP213450	2
116739	NC_052660_w10000_s0	NC_052660	2
116760	MK496696_w1000_s0	MK496696	2
116792	MW394390_w1000_s20500	MW394390	2
116804	PP993148_w5000_s167500	PP993148	2
116816	OX241573_w1000_s45000	OX241573	2
116846	PQ666539_w2000_s115000	PQ666539	2
116847	MZ375353_w2000_s22000	MZ375353	2
116877	PP405127_w20000_s10000	PP405127	2
116886	MF805809_w10000_s30000	MF805809	2
116909	OR844999_w1000_s60500	OR844999	2
116917	NC_020489_w20000_s0	NC_020489	2
116919	MZ417338_w20000_s60000	MZ417338	2
116927	HQ634190_w2000_s132000	HQ634190	2
116931	KX198614_w20000_s0	KX198614	2
116933	ON970604_w5000_s25000	ON970604	2
116938	MT074476_w10000_s90000	MT074476	2
116941	MT732453_w2000_s30000	MT732453	2
116948	MK448817_w20000_s0	MK448817	2
116957	PP856727_w1000_s63000	PP856727	2
116974	MG065641_w10000_s20000	MG065641	2
116994	NC_051614_w10000_s30000	NC_051614	2
117000	LC552830_w10000_s20000	LC552830	2
117013	OK040780_w5000_s5000	OK040780	2
117016	NC_006884_w2000_s23000	NC_006884	2
117025	OK490404_w5000_s30000	OK490404	2
117031	KY368640_w2000_s38000	KY368640	2
117033	MK450543_w1000_s50000	MK450543	2
117035	NC_070786_w2000_s6000	NC_070786	2
117038	MK448788_w20000_s10000	MK448788	2
117047	OZ195903_w10000_s35000	OZ195903	2
117049	JN984867_w20000_s10000	JN984867	2
117063	KT373978_w10000_s0	KT373978	2
117084	MZ501094_w10000_s35000	MZ501094	2
117085	MN032614_w20000_s10000	MN032614	2
117104	MN988534_w2000_s136000	MN988534	2
117108	MK524486_w10000_s50000	MK524486	2
117118	GQ915271_w20000_s0	GQ915271	2
117120	MW822601_w10000_s15000	MW822601	2
117127	MF189176_w1000_s23500	MF189176	2
117147	NC_047964_w10000_s10000	NC_047964	2
117159	CP000625_w2000_s37000	CP000625	2
117162	KU886223_w5000_s180000	KU886223	2
117183	MF189177_w5000_s15000	MF189177	2
117201	OK490404_w20000_s0	OK490404	2
117208	NC_019522_w2000_s46000	NC_019522	2
117226	MN234211_w1000_s82500	MN234211	2
117227	KC465899_w1000_s12000	KC465899	2
117249	MG770213_w1000_s25000	MG770213	2
117250	MG065662_w1000_s72000	MG065662	2
117263	NC_051649_w20000_s10000	NC_051649	2
117270	MN562221_w2000_s179000	MN562221	2
117274	PP047752_w5000_s52500	PP047752	2
117281	OQ221544_w1000_s46000	OQ221544	2
117299	OM475429_w5000_s5000	OM475429	2
117314	MH001446_w1000_s42000	MH001446	2
117315	MN584918_w2000_s12000	MN584918	2
117319	MT074462_w5000_s7500	MT074462	2
117323	MZ398247_w10000_s5000	MZ398247	2
117327	MW794176_w10000_s115000	MW794176	2
117333	NC_070973_w5000_s45000	NC_070973	2
117351	ON716453_w1000_s45500	ON716453	2
117359	MN043729_w2000_s45000	MN043729	2
117366	MT446405_w10000_s45000	MT446405	2
117389	AY954953_w10000_s15000	AY954953	2
117402	PQ741025_w1000_s25000	PQ741025	2
117415	JF704116_w20000_s0	JF704116	2
117426	OZ035850_w1000_s105500	OZ035850	2
117427	MN234211_w20000_s80000	MN234211	2
117454	PP534475_w1000_s44500	PP534475	2
117473	NC_053508_w5000_s40000	NC_053508	2
117474	MF158044_w2000_s15000	MF158044	2
117485	MW021758_w1000_s124000	MW021758	2
117503	MN101230_w5000_s42500	MN101230	2
117515	OQ291031_w20000_s80000	OQ291031	2
117521	PQ096439_w10000_s15000	PQ096439	2
117528	NC_061444_w5000_s220000	NC_061444	2
117538	NC_019487_w20000_s110000	NC_019487	2
117545	MN994500_w20000_s10000	MN994500	2
117546	NC_054998_w20000_s0	NC_054998	2
117554	EU350361_w1000_s16500	EU350361	2
117562	OR475249_w10000_s25000	OR475249	2
117566	MG925338_w20000_s30000	MG925338	2
117572	PP738775_w5000_s80000	PP738775	2
117604	OP352125_w20000_s90000	OP352125	2
117630	PP429240_w20000_s40000	PP429240	2
117661	NC_020489_w10000_s25000	NC_020489	2
117680	NC_029042_w1000_s43000	NC_029042	2
117699	OZ195969_w10000_s20000	OZ195969	2
117701	OL539471_w5000_s162500	OL539471	2
117709	LC465543_w2000_s94000	LC465543	2
117714	MK521906_w5000_s15000	MK521906	2
117715	PQ818762_w2000_s50000	PQ818762	2
117718	MW546072_w2000_s109000	MW546072	2
117719	OQ999401_w5000_s35000	OQ999401	2
117723	AJ414696_w2000_s15000	AJ414696	2
117740	MK069403_w1000_s71000	MK069403	2
117746	MN043730_w20000_s110000	MN043730	2
117764	OP380601_w5000_s215000	OP380601	2
117780	MH059636_w20000_s90000	MH059636	2
117781	MT446392_w2000_s53000	MT446392	2
117783	MN584918_w2000_s1000	MN584918	2
117822	NC_028844_w10000_s10000	NC_028844	2
117825	OZ195763_w10000_s120000	OZ195763	2
117828	PQ141284_w2000_s39000	PQ141284	2
117836	NC_031029_w5000_s20000	NC_031029	2
117844	MW021758_w20000_s220000	MW021758	2
117846	KX066068_w20000_s20000	KX066068	2
117849	NC_054937_w20000_s130000	NC_054937	2
117853	OL656108_w5000_s40000	OL656108	2
117855	NC_049813_w2000_s10000	NC_049813	2
117861	NC_041923_w2000_s0	NC_041923	2
117868	OP451931_w10000_s15000	OP451931	2
117869	OZ196109_w10000_s95000	OZ196109	2
117897	OQ873415_w1000_s74000	OQ873415	2
117901	NC_018843_w5000_s35000	NC_018843	2
117905	OZ195950_w5000_s65000	OZ195950	2
117925	OZ195735_w1000_s20500	OZ195735	2
117928	PP883967_w10000_s50000	PP883967	2
117933	MW419087_w10000_s50000	MW419087	2
117949	OR754314_w20000_s0	OR754314	2
117953	OX241437_w1000_s20000	OX241437	2
117957	OZ196095_w20000_s60000	OZ196095	2
117970	MW021758_w10000_s120000	MW021758	2
117973	MN871446_w2000_s20000	MN871446	2
117985	HQ634190_w20000_s10000	HQ634190	2
117990	PP738794_w1000_s13000	PP738794	2
117998	MZ868726_w20000_s0	MZ868726	2
118000	MG748547_w1000_s113000	MG748547	2
118019	NC_055824_w2000_s49000	NC_055824	2
118020	HQ634195_w20000_s60000	HQ634195	2
118021	NC_006552_w1000_s54500	NC_006552	2
118022	PP083312_w5000_s60000	PP083312	2
118033	HE614282_w1000_s17000	HE614282	2
118051	PP925828_w1000_s48000	PP925828	2
118055	LR595861_w1000_s9500	LR595861	2
118062	MN096361_w1000_s60500	MN096361	2
118077	NC_054940_w2000_s36000	NC_054940	2
118082	KU199710_w10000_s15000	KU199710	2
118086	OZ196140_w5000_s62500	OZ196140	2
118093	NC_042030_w1000_s41500	NC_042030	2
118099	MK433264_w2000_s29000	MK433264	2
118103	CAJDKB010000002_w10000_s15000	CAJDKB010000002	2
118112	OM810255_w10000_s20000	OM810255	2
118113	PP978799_w5000_s22500	PP978799	2
118119	AY954953_w1000_s8500	AY954953	2
118121	KX130727_w1000_s113500	KX130727	2
118124	KT804923_w20000_s10000	KT804923	2
118138	OQ744526_w2000_s42000	OQ744526	2
118160	OR532796_w1000_s165500	OR532796	2
118168	MN101226_w10000_s110000	MN101226	2
118169	OR472445_w20000_s10000	OR472445	2
118175	GU071090_w10000_s45000	GU071090	2
118180	MN895438_w20000_s30000	MN895438	2
118187	LC788709_w5000_s25000	LC788709	2
118192	MW546067_w1000_s29500	MW546067	2
118202	NC_014635_w10000_s5000	NC_014635	2
118205	KP836356_w10000_s5000	KP836356	2
118209	MW353175_w20000_s140000	MW353175	2
118228	NC_029073_w20000_s70000	NC_029073	2
118235	KF929199_w5000_s25000	KF929199	2
118240	ON170315_w5000_s17500	ON170315	2
118253	MW055903_w5000_s40000	MW055903	2
118267	OK040785_w10000_s0	OK040785	2
118269	KY065491_w5000_s10000	KY065491	2
118281	PQ666542_w20000_s70000	PQ666542	2
118286	KT151956_w2000_s42000	KT151956	2
118289	NC_048818_w20000_s40000	NC_048818	2
118294	MN695334_w5000_s172500	MN695334	2
118299	MW924640_w10000_s10000	MW924640	2
118300	MF158046_w20000_s70000	MF158046	2
118302	PP695294_w20000_s170000	PP695294	2
118318	OP172869_w2000_s16000	OP172869	2
118334	OR539218_w2000_s164000	OR539218	2
118338	MK069403_w20000_s50000	MK069403	2
118344	MN988544_w1000_s18500	MN988544	2
118345	NC_014635_w10000_s30000	NC_014635	2
118365	NC_041898_w20000_s20000	NC_041898	2
118367	MT074432_w2000_s34000	MT074432	2
118396	MH460463_w2000_s229000	MH460463	2
118401	NC_048182_w1000_s14000	NC_048182	2
118424	KU886223_w20000_s210000	KU886223	2
118430	KT373978_w10000_s10000	KT373978	2
118437	MW419084_w1000_s72500	MW419084	2
118448	MK095193_w20000_s10000	MK095193	2
118455	MH807816_w10000_s20000	MH807816	2
118459	OZ196417_w5000_s20000	OZ196417	2
118465	OR354826_w1000_s36000	OR354826	2
118466	LR877331_w20000_s0	LR877331	2
118468	PQ864023_w20000_s30000	PQ864023	2
118472	NC_028755_w20000_s70000	NC_028755	2
118476	PP706156_w2000_s11000	PP706156	2
118481	MW794146_w1000_s84000	MW794146	2
118488	OL770260_w2000_s128000	OL770260	2
118497	MG646671_w5000_s37500	MG646671	2
118516	LR757892_w1000_s7000	LR757892	2
118518	MZ234053_w10000_s25000	MZ234053	2
118528	MN197465_w1000_s93000	MN197465	2
118537	OQ709198_w5000_s15000	OQ709198	2
118549	NC_055783_w10000_s25000	NC_055783	2
118572	NC_011222_w10000_s15000	NC_011222	2
118589	OZ196206_w20000_s40000	OZ196206	2
118590	OZ035815_w1000_s20000	OZ035815	2
118602	OP272493_w2000_s3000	OP272493	2
118631	PQ656107_w5000_s127500	PQ656107	2
118644	PQ249396_w2000_s58000	PQ249396	2
118646	MT491205_w2000_s33000	MT491205	2
118656	OL343755_w10000_s55000	OL343755	2
118659	OQ791220_w20000_s30000	OQ791220	2
118663	KR052482_w2000_s125000	KR052482	2
118664	NC_051607_w2000_s38000	NC_051607	2
118667	OY757066_w5000_s32500	OY757066	2
118689	NC_001835_w5000_s15000	NC_001835	2
118692	KT254132_w20000_s40000	KT254132	2
118702	OZ196096_w10000_s45000	OZ196096	2
118720	MT639649_w20000_s20000	MT639649	2
118725	MT129653_w2000_s0	MT129653	2
118728	ON970603_w10000_s20000	ON970603	2
118730	OQ129425_w10000_s90000	OQ129425	2
118739	PP680568_w5000_s70000	PP680568	2
118747	PQ181262_w2000_s10000	PQ181262	2
118749	NC_028962_w10000_s85000	NC_028962	2
118759	MH590593_w10000_s90000	MH590593	2
118764	MK907235_w1000_s26000	MK907235	2
118778	OR475284_w5000_s22500	OR475284	2
118784	PP047755_w5000_s7500	PP047755	2
118793	AY135739_w10000_s15000	AY135739	2
118803	OQ446486_w5000_s25000	OQ446486	2
118808	MG065658_w20000_s40000	MG065658	2
118818	MF805809_w1000_s32000	MF805809	2
118839	PP400782_w10000_s85000	PP400782	2
118849	KJ194584_w1000_s66500	KJ194584	2
118871	OX335403_w10000_s60000	OX335403	2
118872	MH077577_w10000_s30000	MH077577	2
118880	NC_026589_w2000_s4000	NC_026589	2
118899	MH892379_w10000_s5000	MH892379	2
118908	HQ316604_w5000_s52500	HQ316604	2
118912	OR472445_w20000_s0	OR472445	2
118946	NC_022753_w1000_s26000	NC_022753	2
118954	MW325771_w1000_s140500	MW325771	2
118960	OP114731_w10000_s10000	OP114731	2
118972	MT446387_w2000_s9000	MT446387	2
118976	KY554774_w10000_s80000	KY554774	2
118978	OZ196473_w2000_s19000	OZ196473	2
118979	NC_054937_w20000_s80000	NC_054937	2
118995	PQ516283_w10000_s130000	PQ516283	2
118997	NC_021349_w20000_s20000	NC_021349	2
119003	MW794147_w2000_s58000	MW794147	2
119015	OQ319933_w20000_s40000	OQ319933	2
119016	MK448772_w10000_s0	MK448772	2
119023	PP738791_w5000_s7500	PP738791	2
119026	NC_008562_w5000_s110000	NC_008562	2
119035	OQ095916_w10000_s50000	OQ095916	2
119043	NC_016567_w10000_s70000	NC_016567	2
119063	KM983333_w2000_s18000	KM983333	2
119066	MT497274_w5000_s47500	MT497274	2
119067	PP597384_w1000_s148000	PP597384	2
119076	MN164484_w10000_s30000	MN164484	2
119107	MZ375244_w10000_s15000	MZ375244	2
119109	MH552500_w20000_s50000	MH552500	2
119137	NC_053514_w20000_s20000	NC_053514	2
119156	MZ475898_w10000_s125000	MZ475898	2
119164	PP810247_w5000_s32500	PP810247	2
119174	MW021757_w2000_s149000	MW021757	2
119191	OR608735_w5000_s175000	OR608735	2
119209	OQ378314_w10000_s20000	OQ378314	2
119213	NC_028922_w2000_s4000	NC_028922	2
119217	OQ873415_w20000_s80000	OQ873415	2
119224	OP172832_w5000_s0	OP172832	2
119234	MH791402_w1000_s14000	MH791402	2
119239	MT129653_w20000_s50000	MT129653	2
119240	NC_041953_w5000_s12500	NC_041953	2
119242	PP706156_w2000_s32000	PP706156	2
119258	OQ338182_w10000_s20000	OQ338182	2
119273	MK994515_w20000_s140000	MK994515	2
119318	KU886223_w2000_s251000	KU886223	2
119321	OY731444_w10000_s35000	OY731444	2
119331	MT497087_w2000_s4000	MT497087	2
119339	KJ019049_w1000_s107500	KJ019049	2
119347	MT708545_w20000_s0	MT708545	2
119353	PQ244012_w20000_s10000	PQ244012	2
119366	PV112476_w1000_s34000	PV112476	2
119384	PP208919_w10000_s55000	PP208919	2
119389	OK913679_w5000_s32500	OK913679	2
119390	OL539471_w1000_s134000	OL539471	2
119396	MT104465_w2000_s31000	MT104465	2
119401	NC_023859_w10000_s45000	NC_023859	2
119408	MW421579_w5000_s82500	MW421579	2
119432	LN610572_w10000_s65000	LN610572	2
119443	MT684598_w1000_s126500	MT684598	2
119476	MT771344_w2000_s11000	MT771344	2
119488	KR997933_w10000_s40000	KR997933	2
119498	PQ768829_w20000_s40000	PQ768829	2
119503	AY962392_w2000_s88000	AY962392	2
119513	KM279937_w5000_s0	KM279937	2
119523	LC645425_w10000_s40000	LC645425	2
119533	AY176327_w2000_s78000	AY176327	2
119564	PP938272_w2000_s47000	PP938272	2
119575	NC_042031_w5000_s10000	NC_042031	2
119597	NC_006884_w2000_s99000	NC_006884	2
119621	NC_055739_w20000_s140000	NC_055739	2
119633	MT828552_w10000_s65000	MT828552	2
119634	NC_049506_w20000_s100000	NC_049506	2
119655	OZ196417_w10000_s60000	OZ196417	2
119661	MF405094_w1000_s91500	MF405094	2
119667	OL539468_w1000_s0	OL539468	2
119669	KJ019094_w1000_s97000	KJ019094	2
119673	MF919528_w2000_s8000	MF919528	2
119675	MK813939_w1000_s8000	MK813939	2
119686	GU936714_w20000_s40000	GU936714	2
119694	NC_041989_w5000_s20000	NC_041989	2
119696	KX349323_w20000_s0	KX349323	2
119709	MH450130_w20000_s10000	MH450130	2
119723	AY266303_w1000_s61000	AY266303	2
119731	ON190024_w5000_s140000	ON190024	2
119762	MN508618_w1000_s149500	MN508618	2
119763	OL539468_w5000_s37500	OL539468	2
119779	JQ729991_w2000_s13000	JQ729991	2
119780	OZ195913_w2000_s99000	OZ195913	2
119789	MK813939_w10000_s20000	MK813939	2
119797	OK499980_w20000_s120000	OK499980	2
119803	KC801932_w5000_s170000	KC801932	2
119811	KX452695_w5000_s127500	KX452695	2
119812	PQ642265_w1000_s2000	PQ642265	2
119816	MT774392_w5000_s57500	MT774392	2
119828	KY549659_w2000_s42000	KY549659	2
119833	KJ019029_w2000_s128000	KJ019029	2
119834	NC_069749_w10000_s0	NC_069749	2
119839	NC_055799_w20000_s0	NC_055799	2
119850	MT711524_w10000_s5000	MT711524	2
119858	KX349247_w10000_s25000	KX349247	2
119871	OZ035738_w10000_s30000	OZ035738	2
119882	NC_020843_w20000_s50000	NC_020843	2
119886	MK813939_w20000_s60000	MK813939	2
119906	KY389315_w1000_s31000	KY389315	2
119932	AJ556162_w20000_s0	AJ556162	2
119934	MF285619_w2000_s123000	MF285619	2
119938	PP738775_w2000_s74000	PP738775	2
119954	MN032614_w20000_s170000	MN032614	2
119981	NC_073592_w1000_s23500	NC_073592	2
119985	MZ234053_w5000_s15000	MZ234053	2
119989	LC768468_w10000_s15000	LC768468	2
120000	OL539454_w1000_s22500	OL539454	2
120004	OR159660_w1000_s5500	OR159660	2
120015	OK040789_w10000_s45000	OK040789	2
120016	ON170164_w10000_s5000	ON170164	2
120027	MG592470_w20000_s50000	MG592470	2
120038	KJ019117_w2000_s82000	KJ019117	2
120045	MG592411_w20000_s30000	MG592411	2
120066	OR472445_w1000_s65000	OR472445	2
120086	JN699625_w2000_s70000	JN699625	2
120088	OR608735_w20000_s240000	OR608735	2
120090	MT552976_w20000_s50000	MT552976	2
120094	OK340820_w1000_s78500	OK340820	2
120122	NC_048182_w1000_s183500	NC_048182	2
120136	NC_047772_w20000_s0	NC_047772	2
120168	MW546072_w20000_s0	MW546072	2
120180	PP848851_w10000_s50000	PP848851	2
120192	OK076929_w1000_s60000	OK076929	2
120193	OZ196403_w10000_s10000	OZ196403	2
120195	MK448727_w2000_s25000	MK448727	2
120202	PQ656107_w10000_s130000	PQ656107	2
120227	MG209611_w1000_s111000	MG209611	2
120244	MG757164_w10000_s0	MG757164	2
120246	OM912978_w10000_s145000	OM912978	2
120253	ON470608_w1000_s45500	ON470608	2
120255	NC_030923_w10000_s0	NC_030923	2
120260	PQ189388_w5000_s12500	PQ189388	2
120287	MZ475898_w2000_s118000	MZ475898	2
120289	PP810247_w1000_s38000	PP810247	2
120305	NC_048102_w5000_s10000	NC_048102	2
120310	OR896230_w10000_s35000	OR896230	2
120323	KJ019041_w10000_s95000	KJ019041	2
120329	OL580764_w20000_s0	OL580764	2
120338	OZ195733_w20000_s120000	OZ195733	2
120340	OZ196403_w20000_s120000	OZ196403	2
120350	MG592644_w20000_s20000	MG592644	2
120377	MG065645_w2000_s104000	MG065645	2
120379	NC_048806_w10000_s30000	NC_048806	2
120382	OR844767_w10000_s35000	OR844767	2
120385	MK050846_w10000_s40000	MK050846	2
120390	NC_031245_w2000_s86000	NC_031245	2
120396	MH746814_w2000_s27000	MH746814	2
120399	MT585300_w1000_s42500	MT585300	2
120403	NC_071054_w2000_s28000	NC_071054	2
120407	NC_091964_w10000_s70000	NC_091964	2
120417	MK061411_w1000_s22000	MK061411	2
120425	OZ195889_w2000_s111000	OZ195889	2
120427	OR896173_w2000_s20000	OR896173	2
120430	KU927497_w2000_s67000	KU927497	2
120443	MT345684_w20000_s30000	MT345684	2
120453	NC_070945_w2000_s19000	NC_070945	2
120454	MZ375311_w2000_s1000	MZ375311	2
120480	OZ196444_w10000_s30000	OZ196444	2
120488	NC_071037_w5000_s20000	NC_071037	2
120491	OR234010_w20000_s10000	OR234010	2
120508	KX557284_w10000_s25000	KX557284	2
120511	MZ501098_w10000_s145000	MZ501098	2
120514	OQ680521_w1000_s2500	OQ680521	2
120519	MK448903_w5000_s15000	MK448903	2
120553	PQ859379_w5000_s12500	PQ859379	2
120569	EU822883_w2000_s28000	EU822883	2
120577	MZ501265_w1000_s63000	MZ501265	2
120585	MW629017_w10000_s95000	MW629017	2
120597	MZ622175_w5000_s22500	MZ622175	2
120613	JN797797_w1000_s113000	JN797797	2
120620	OM475429_w2000_s6000	OM475429	2
120625	KT321476_w10000_s70000	KT321476	2
120626	OL780484_w10000_s60000	OL780484	2
120628	NC_000924_w20000_s40000	NC_000924	2
120635	PQ217616_w10000_s80000	PQ217616	2
120659	NC_055739_w2000_s26000	NC_055739	2
120662	MN871446_w5000_s277500	MN871446	2
120663	MT663719_w5000_s27500	MT663719	2
120678	KF006818_w2000_s5000	KF006818	2
120679	PP496414_w10000_s30000	PP496414	2
120686	MK448817_w5000_s12500	MK448817	2
120690	PQ362680_w1000_s15500	PQ362680	2
120691	MK972689_w5000_s7500	MK972689	2
120709	HQ634195_w1000_s54500	HQ634195	2
120710	MT552976_w10000_s125000	MT552976	2
120728	OZ196163_w20000_s20000	OZ196163	2
120731	NC_055900_w10000_s55000	NC_055900	2
120737	MN994500_w1000_s37000	MN994500	2
120752	KY744229_w10000_s0	KY744229	2
120753	AY129338_w10000_s40000	AY129338	2
120755	MH727546_w5000_s20000	MH727546	2
120780	NC_048754_w10000_s45000	NC_048754	2
120789	ON170245_w2000_s11000	ON170245	2
120792	OM249648_w2000_s91000	OM249648	2
120795	NC_042065_w2000_s24000	NC_042065	2
120824	KT321476_w5000_s35000	KT321476	2
120838	PQ510734_w2000_s60000	PQ510734	2
120851	OZ196096_w5000_s40000	OZ196096	2
120853	LC465543_w2000_s127000	LC465543	2
120897	NC_027342_w2000_s28000	NC_027342	2
120903	OR896845_w20000_s20000	OR896845	2
120904	NC_042111_w5000_s32500	NC_042111	2
120905	OL960567_w20000_s40000	OL960567	2
120916	NC_055753_w10000_s5000	NC_055753	2
120917	PP856728_w5000_s147500	PP856728	2
120946	MN270272_w10000_s40000	MN270272	2
120951	OR413581_w1000_s86000	OR413581	2
120955	OR125554_w2000_s88000	OR125554	2
120963	PQ819472_w20000_s40000	PQ819472	2
120971	OZ196473_w10000_s70000	OZ196473	2
120982	ON529864_w1000_s60500	ON529864	2
120987	OZ196059_w2000_s10000	OZ196059	2
121017	KX431560_w1000_s61000	KX431560	2
121019	OL800604_w10000_s50000	OL800604	2
121020	PQ295877_w5000_s15000	PQ295877	2
121030	MT682710_w20000_s80000	MT682710	2
121033	MZ078141_w10000_s55000	MZ078141	2
121045	NC_029010_w10000_s30000	NC_029010	2
121074	KU686197_w1000_s120000	KU686197	2
121080	PQ516283_w10000_s75000	PQ516283	2
121090	KX229736_w5000_s32500	KX229736	2
121096	NC_023741_w1000_s43500	NC_023741	2
121110	MN101230_w5000_s25000	MN101230	2
121119	NC_030953_w10000_s20000	NC_030953	2
121128	KY744229_w1000_s15000	KY744229	2
121153	NC_070824_w1000_s38500	NC_070824	2
121161	MG065662_w20000_s110000	MG065662	2
121179	MZ568826_w20000_s20000	MZ568826	2
121182	MW353175_w10000_s100000	MW353175	2
121183	MK327942_w5000_s65000	MK327942	2
121188	PP514361_w1000_s59000	PP514361	2
121189	MK095206_w5000_s12500	MK095206	2
121216	OL770260_w2000_s68000	OL770260	2
121223	ON470608_w20000_s10000	ON470608	2
121225	MF036691_w2000_s167000	MF036691	2
121234	NC_042117_w1000_s14500	NC_042117	2
121255	MG763894_w10000_s0	MG763894	2
121256	MW355449_w10000_s45000	MW355449	2
121260	NC_070951_w2000_s92000	NC_070951	2
121261	MH479914_w1000_s36500	MH479914	2
121263	ON602753_w10000_s30000	ON602753	2
121266	KT870145_w10000_s20000	KT870145	2
121282	OR770614_w10000_s90000	OR770614	2
121336	MN218190_w1000_s42000	MN218190	2
121341	KC801932_w1000_s51000	KC801932	2
121347	PQ217616_w5000_s67500	PQ217616	2
121349	NC_031245_w5000_s52500	NC_031245	2
121359	NC_047715_w10000_s80000	NC_047715	2
121373	MN988497_w10000_s65000	MN988497	2
121390	PP925833_w10000_s30000	PP925833	2
121393	OZ196106_w1000_s53500	OZ196106	2
121398	OM728302_w10000_s20000	OM728302	2
121399	PQ505476_w2000_s6000	PQ505476	2
121408	MZ820085_w10000_s50000	MZ820085	2
121411	MK443264_w20000_s60000	MK443264	2
121416	OZ195796_w5000_s7500	OZ195796	2
121425	MZ820085_w1000_s123500	MZ820085	2
121438	MW042804_w10000_s10000	MW042804	2
121439	MW584155_w20000_s30000	MW584155	2
121478	AY266303_w20000_s120000	AY266303	2
121486	MT774375_w20000_s50000	MT774375	2
121489	PP496443_w5000_s137500	PP496443	2
121490	PP978794_w2000_s28000	PP978794	2
121526	NC_022981_w10000_s40000	NC_022981	2
121534	KP137434_w10000_s25000	KP137434	2
121545	MH371115_w10000_s10000	MH371115	2
121548	NC_019419_w10000_s0	NC_019419	2
121567	NC_021787_w5000_s30000	NC_021787	2
121576	OR640346_w5000_s80000	OR640346	2
121583	ON645338_w10000_s15000	ON645338	2
121587	PQ844485_w2000_s53000	PQ844485	2
121596	HQ634190_w10000_s145000	HQ634190	2
121607	JN699625_w20000_s40000	JN699625	2
121610	MT552976_w10000_s95000	MT552976	2
121649	MZ234053_w1000_s102000	MZ234053	2
121657	NC_028805_w10000_s25000	NC_028805	2
121670	NC_042117_w1000_s25500	NC_042117	2
121683	PQ533658_w1000_s68000	PQ533658	2
121689	MT446405_w20000_s30000	MT446405	2
121694	NC_054999_w1000_s9500	NC_054999	2
121695	NC_047729_w1000_s71500	NC_047729	2
121696	NC_054678_w1000_s37500	NC_054678	2
121703	NC_025429_w5000_s87500	NC_025429	2
121714	NC_008562_w2000_s150000	NC_008562	2
121719	KT266805_w1000_s4500	KT266805	2
121723	OR584013_w20000_s80000	OR584013	2
121728	LN881734_w2000_s127000	LN881734	2
121735	KX349323_w20000_s20000	KX349323	2
121740	PP856728_w2000_s77000	PP856728	2
121741	MK448673_w10000_s0	MK448673	2
121746	NC_028881_w5000_s100000	NC_028881	2
121772	NC_020877_w10000_s95000	NC_020877	2
121777	OL840900_w2000_s44000	OL840900	2
121778	OR256022_w20000_s0	OR256022	2
121801	PQ723756_w1000_s47000	PQ723756	2
121803	OQ921337_w5000_s97500	OQ921337	2
121806	HG518155_w10000_s20000	HG518155	2
121820	NC_009804_w2000_s70000	NC_009804	2
121842	MN988521_w20000_s70000	MN988521	2
121848	MT311967_w10000_s20000	MT311967	2
121854	OK570374_w20000_s70000	OK570374	2
121858	MN901520_w20000_s0	MN901520	2
121865	MZ501099_w1000_s33000	MZ501099	2
121874	OZ196140_w10000_s95000	OZ196140	2
121875	MK240351_w1000_s66000	MK240351	2
121910	OL964745_w1000_s90000	OL964745	2
121912	OP021681_w1000_s91500	OP021681	2
121946	OR539220_w1000_s24500	OR539220	2
121955	OP947161_w20000_s20000	OP947161	2
121959	NC_050152_w10000_s0	NC_050152	2
121976	KY951964_w1000_s37500	KY951964	2
122001	JQ837901_w20000_s0	JQ837901	2
122014	NC_048071_w20000_s10000	NC_048071	2
122017	OR608735_w10000_s250000	OR608735	2
122018	OQ291031_w10000_s75000	OQ291031	2
122030	NC_028676_w20000_s0	NC_028676	2
122033	LC727699_w1000_s107500	LC727699	2
122066	KP313532_w5000_s10000	KP313532	2
122076	MZ375251_w2000_s17000	MZ375251	2
122102	MK359318_w20000_s10000	MK359318	2
122115	MK962640_w20000_s0	MK962640	2
122165	PQ510734_w10000_s125000	PQ510734	2
122166	MF919495_w5000_s65000	MF919495	2
122182	MT104465_w10000_s10000	MT104465	2
122187	KX349296_w5000_s17500	KX349296	2
122195	NC_042067_w20000_s80000	NC_042067	2
122201	OQ985168_w10000_s0	OQ985168	2
122203	CP062442_w20000_s0	CP062442	2
122215	OR475272_w1000_s51500	OR475272	2
122224	MW055912_w2000_s43000	MW055912	2
122242	NC_029042_w5000_s107500	NC_029042	2
122247	MH920362_w1000_s35000	MH920362	2
122259	MK373778_w1000_s129500	MK373778	2
122262	KJ019069_w10000_s95000	KJ019069	2
122264	NC_021787_w2000_s50000	NC_021787	2
122272	JQ086372_w20000_s0	JQ086372	2
122287	KX119175_w5000_s2500	KX119175	2
122292	ON528745_w2000_s122000	ON528745	2
122304	NC_014635_w5000_s80000	NC_014635	2
122325	MK359318_w20000_s60000	MK359318	2
122333	OR053651_w1000_s43000	OR053651	2
122342	MW507135_w5000_s25000	MW507135	2
122380	DQ466086_w2000_s30000	DQ466086	2
122389	OQ680139_w20000_s20000	OQ680139	2
122400	MH553563_w2000_s42000	MH553563	2
122406	LC727885_w1000_s44000	LC727885	2
122408	MK448795_w10000_s10000	MK448795	2
122411	KY705259_w20000_s10000	KY705259	2
122416	OR256022_w1000_s17000	OR256022	2
122420	MF541409_w5000_s42500	MF541409	2
122421	MW812339_w20000_s160000	MW812339	2
122427	KP790010_w2000_s51000	KP790010	2
122431	MW325771_w5000_s132500	MW325771	2
122436	MZ955869_w1000_s3500	MZ955869	2
122440	MH316565_w10000_s20000	MH316565	2
122441	NC_048659_w20000_s50000	NC_048659	2
122456	MH450116_w5000_s5000	MH450116	2
122464	MW546067_w1000_s65500	MW546067	2
122468	NC_070975_w1000_s81000	NC_070975	2
122491	MT366946_w10000_s30000	MT366946	2
122518	MK005300_w1000_s17500	MK005300	2
122522	NC_051607_w1000_s33000	NC_051607	2
122529	MH553563_w2000_s108000	MH553563	2
122533	MW349129_w10000_s95000	MW349129	2
122535	NC_048182_w20000_s240000	NC_048182	2
122540	OZ035821_w10000_s20000	OZ035821	2
122542	MF448559_w5000_s20000	MF448559	2
122553	MN709127_w5000_s115000	MN709127	2
122554	NC_022068_w1000_s46000	NC_022068	2
122557	JX181828_w20000_s20000	JX181828	2
122567	OQ225162_w10000_s60000	OQ225162	2
122568	NC_048195_w10000_s25000	NC_048195	2
122637	OZ035784_w20000_s70000	OZ035784	2
122667	OZ035773_w10000_s55000	OZ035773	2
122668	MH752840_w2000_s92000	MH752840	2
122673	MF189177_w1000_s44000	MF189177	2
122676	NC_023728_w5000_s32500	NC_023728	2
122677	NC_048723_w20000_s110000	NC_048723	2
122681	OR148985_w5000_s30000	OR148985	2
122690	OQ291058_w10000_s30000	OQ291058	2
122709	ON528731_w1000_s12500	ON528731	2
122719	NC_031048_w1000_s10500	NC_031048	2
122729	MG592658_w20000_s0	MG592658	2
122743	OZ035812_w10000_s15000	OZ035812	2
122747	DQ203855_w5000_s25000	DQ203855	2
122752	MK994515_w20000_s240000	MK994515	2
122763	NC_054896_w10000_s40000	NC_054896	2
122766	MZ326860_w20000_s20000	MZ326860	2
122768	OR424388_w1000_s144000	OR424388	2
122776	NC_025429_w1000_s138000	NC_025429	2
122777	MN218190_w20000_s90000	MN218190	2
122779	NC_021305_w2000_s26000	NC_021305	2
122780	AY962392_w5000_s115000	AY962392	2
122785	PP704628_w1000_s30500	PP704628	2
122819	OK490412_w2000_s0	OK490412	2
122837	PP978821_w20000_s10000	PP978821	2
122842	MZ375272_w20000_s0	MZ375272	2
122848	MG748547_w5000_s80000	MG748547	2
122855	NC_047715_w2000_s50000	NC_047715	2
122862	ON470616_w1000_s26500	ON470616	2
122868	KU599879_w5000_s57500	KU599879	2
122883	NC_018843_w5000_s87500	NC_018843	2
122888	NC_051607_w1000_s45000	NC_051607	2
122892	MN954399_w10000_s70000	MN954399	2
122913	NC_049444_w5000_s65000	NC_049444	2
122942	MK814755_w10000_s30000	MK814755	2
122948	MW812339_w10000_s75000	MW812339	2
122959	OK539824_w1000_s12000	OK539824	2
122973	OL944021_w20000_s0	OL944021	2
122981	NC_000924_w1000_s33000	NC_000924	2
122989	OZ196403_w5000_s95000	OZ196403	2
122990	MT074137_w1000_s39500	MT074137	2
122999	PP889457_w1000_s42500	PP889457	2
123003	KX349247_w10000_s155000	KX349247	2
123009	NC_055847_w2000_s28000	NC_055847	2
123013	MH752840_w20000_s50000	MH752840	2
123022	NC_029018_w5000_s10000	NC_029018	2
123035	MN096369_w2000_s29000	MN096369	2
123039	PP978799_w10000_s55000	PP978799	2
123045	KX349247_w5000_s45000	KX349247	2
123054	HG992588_w1000_s10500	HG992588	2
123057	MN043730_w2000_s127000	MN043730	2
123077	JQ340389_w10000_s95000	JQ340389	2
123103	MZ443787_w1000_s75000	MZ443787	2
123114	KJ019095_w2000_s2000	KJ019095	2
123120	NC_054929_w20000_s40000	NC_054929	2
123126	OZ196207_w20000_s0	OZ196207	2
123128	NC_028659_w5000_s37500	NC_028659	2
123130	OP751154_w10000_s20000	OP751154	2
123131	PQ516283_w20000_s0	PQ516283	2
123142	NC_054940_w20000_s150000	NC_054940	2
123144	OM475429_w1000_s14500	OM475429	2
123162	NC_029021_w5000_s27500	NC_029021	2
123183	MH078572_w5000_s77500	MH078572	2
123196	MT114160_w1000_s10000	MT114160	2
123199	OP978391_w10000_s30000	OP978391	2
123215	KY979241_w2000_s22000	KY979241	2
123222	MK373778_w20000_s140000	MK373778	2
123255	OQ653963_w10000_s15000	OQ653963	2
123258	KC691256_w20000_s10000	KC691256	2
123265	NC_047881_w2000_s2000	NC_047881	2
123268	KT373978_w5000_s17500	KT373978	2
123279	NC_054924_w5000_s165000	NC_054924	2
123285	MN329677_w10000_s25000	MN329677	2
123286	LC519601_w10000_s30000	LC519601	2
123300	NC_020877_w20000_s100000	NC_020877	2
123305	PP098623_w2000_s38000	PP098623	2
123324	KJ019069_w1000_s82500	KJ019069	2
123338	PQ184834_w10000_s15000	PQ184834	2
123375	OM249648_w20000_s60000	OM249648	2
123379	NC_019442_w2000_s25000	NC_019442	2
123384	NC_041993_w5000_s32500	NC_041993	2
123386	OZ196189_w10000_s15000	OZ196189	2
123388	MG763894_w10000_s145000	MG763894	2
123400	MW584183_w1000_s6000	MW584183	2
123407	MN813051_w20000_s20000	MN813051	2
123418	PQ039555_w5000_s12500	PQ039555	2
123421	ON602742_w10000_s10000	ON602742	2
123425	HE614282_w10000_s30000	HE614282	2
123446	OQ291031_w10000_s80000	OQ291031	2
123452	PQ046925_w20000_s40000	PQ046925	2
123462	MH590590_w1000_s6500	MH590590	2
123480	MT679221_w1000_s192000	MT679221	2
123485	MT774392_w2000_s87000	MT774392	2
123508	JN006062_w5000_s62500	JN006062	2
123514	MT215167_w10000_s25000	MT215167	2
123532	OP323073_w5000_s17500	OP323073	2
123550	OP985600_w1000_s31500	OP985600	2
123552	ON528745_w2000_s5000	ON528745	2
123555	ON113167_w2000_s14000	ON113167	2
123568	OK499980_w1000_s3500	OK499980	2
123576	PQ351672_w10000_s5000	PQ351672	2
123588	MN850633_w1000_s79000	MN850633	2
123600	OM728298_w10000_s95000	OM728298	2
123602	MZ501265_w10000_s55000	MZ501265	2
123626	MT776812_w20000_s30000	MT776812	2
123627	LC744188_w5000_s50000	LC744188	2
123628	NC_041978_w1000_s43500	NC_041978	2
123635	MW041639_w20000_s0	MW041639	2
123643	PQ505476_w5000_s2500	PQ505476	2
123658	PQ505080_w1000_s128500	PQ505080	2
123662	KP881232_w5000_s140000	KP881232	2
123666	NC_049506_w1000_s147500	NC_049506	2
123675	PP599996_w2000_s15000	PP599996	2
123699	OP947226_w2000_s40000	OP947226	2
123711	OM908766_w10000_s55000	OM908766	2
123712	MK494112_w5000_s20000	MK494112	2
123713	PP725410_w1000_s83000	PP725410	2
123721	LR877331_w20000_s130000	LR877331	2
123741	MZ443770_w20000_s220000	MZ443770	2
123744	PP597384_w20000_s10000	PP597384	2
123747	OR846601_w20000_s30000	OR846601	2
123765	NC_048069_w2000_s31000	NC_048069	2
123804	PQ657809_w10000_s95000	PQ657809	2
123807	MZ892992_w5000_s35000	MZ892992	2
123817	MN114083_w20000_s10000	MN114083	2
123818	MH460463_w10000_s60000	MH460463	2
123855	MH552500_w5000_s42500	MH552500	2
123863	MH669013_w2000_s61000	MH669013	2
123872	PP047754_w10000_s60000	PP047754	2
123891	NC_029042_w5000_s145000	NC_029042	2
123892	OQ680481_w10000_s55000	OQ680481	2
123906	PQ657784_w1000_s9500	PQ657784	2
123920	MT684598_w1000_s41500	MT684598	2
123925	PP597384_w10000_s0	PP597384	2
123927	LR800396_w10000_s95000	LR800396	2
123934	JQ086371_w5000_s40000	JQ086371	2
123940	OZ196394_w2000_s59000	OZ196394	2
123961	JX163858_w5000_s177500	JX163858	2
123975	MN197465_w1000_s13500	MN197465	2
123978	MT897904_w1000_s45000	MT897904	2
123981	MT006234_w1000_s22500	MT006234	2
123986	OZ195858_w20000_s10000	OZ195858	2
123988	MZ417350_w10000_s125000	MZ417350	2
123989	MT887289_w1000_s11500	MT887289	2
123995	MT956952_w1000_s19000	MT956952	2
124001	KJ603229_w20000_s40000	KJ603229	2
124009	AP014714_w20000_s110000	AP014714	2
124023	DQ398050_w5000_s37500	DQ398050	2
124053	PQ217616_w20000_s20000	PQ217616	2
124054	OZ035777_w1000_s27000	OZ035777	2
124059	OR896845_w10000_s25000	OR896845	2
124064	KX397371_w20000_s100000	KX397371	2
124069	GU169904_w20000_s80000	GU169904	2
124070	CP062442_w20000_s20000	CP062442	2
124078	MN988534_w5000_s100000	MN988534	2
124079	OR352949_w2000_s105000	OR352949	2
124085	PP848851_w1000_s44500	PP848851	2
124092	MT952847_w5000_s32500	MT952847	2
124095	OR148984_w2000_s23000	OR148984	2
124097	MN812215_w5000_s32500	MN812215	2
124108	AY266303_w5000_s160000	AY266303	2
124115	MF919495_w2000_s24000	MF919495	2
124121	PP418987_w2000_s14000	PP418987	2
124159	JX676771_w10000_s10000	JX676771	2
124162	OQ223305_w5000_s27500	OQ223305	2
124167	MK240351_w1000_s158500	MK240351	2
124168	MG770379_w2000_s118000	MG770379	2
124187	MH479914_w5000_s17500	MH479914	2
124197	MW862982_w2000_s10000	MW862982	2
124201	PP554579_w2000_s29000	PP554579	2
124205	CP000315_w10000_s10000	CP000315	2
124230	AB910392_w10000_s45000	AB910392	2
124233	PQ505483_w20000_s0	PQ505483	2
124245	MH697590_w5000_s95000	MH697590	2
124252	OK490404_w10000_s25000	OK490404	2
124255	MT828552_w20000_s20000	MT828552	2
124263	MN552147_w2000_s1000	MN552147	2
124276	MF775689_w2000_s20000	MF775689	2
124278	PQ159901_w10000_s5000	PQ159901	2
124291	KF006818_w20000_s10000	KF006818	2
124304	OR352949_w5000_s70000	OR352949	2
124316	PP993148_w5000_s115000	PP993148	2
124317	MN234211_w2000_s107000	MN234211	2
124327	OM033135_w10000_s90000	OM033135	2
124335	NC_055804_w2000_s1000	NC_055804	2
124341	MW862982_w2000_s35000	MW862982	2
124342	OR475272_w20000_s40000	OR475272	2
124359	OZ195716_w20000_s50000	OZ195716	2
124360	KJ194584_w20000_s0	KJ194584	2
124367	PP028463_w5000_s15000	PP028463	2
124376	MF375456_w5000_s15000	MF375456	2
124382	MN988523_w20000_s120000	MN988523	2
124385	OP172634_w10000_s5000	OP172634	2
124390	PQ567651_w1000_s42500	PQ567651	2
124392	ON529865_w20000_s30000	ON529865	2
124402	PV052269_w5000_s5000	PV052269	2
124413	MT074476_w1000_s121000	MT074476	2
124414	MF574151_w5000_s12500	MF574151	2
124419	MK373799_w20000_s30000	MK373799	2
124433	NC_061444_w20000_s110000	NC_061444	2
124450	NC_070885_w10000_s40000	NC_070885	2
124451	KJ019105_w20000_s130000	KJ019105	2
124471	OZ195766_w2000_s8000	OZ195766	2
124487	PP977456_w10000_s55000	PP977456	2
124497	OQ378314_w1000_s30500	OQ378314	2
124514	NC_070777_w2000_s119000	NC_070777	2
124516	ON922918_w20000_s30000	ON922918	2
124517	LC739534_w5000_s2500	LC739534	2
124524	MK994515_w20000_s180000	MK994515	2
124526	KY658680_w10000_s25000	KY658680	2
124527	NC_029073_w1000_s115500	NC_029073	2
124536	PQ309151_w20000_s180000	PQ309151	2
124542	MG962366_w2000_s22000	MG962366	2
124549	AP014889_w10000_s90000	AP014889	2
124559	NC_048750_w20000_s40000	NC_048750	2
124571	LN881734_w10000_s95000	LN881734	2
124573	NC_048102_w20000_s50000	NC_048102	2
124595	LC727887_w1000_s13000	LC727887	2
124655	KJ019095_w5000_s137500	KJ019095	2
124666	MF459646_w20000_s190000	MF459646	2
124678	OM203156_w10000_s45000	OM203156	2
124690	KX557284_w5000_s30000	KX557284	2
124691	PP738775_w1000_s75500	PP738775	2
124695	PQ309151_w1000_s49500	PQ309151	2
124702	OP297178_w5000_s77500	OP297178	2
124732	NC_051649_w1000_s28000	NC_051649	2
124737	PP725410_w1000_s28500	PP725410	2
124739	HQ186308_w10000_s25000	HQ186308	2
124755	MZ428228_w5000_s27500	MZ428228	2
124768	NC_048711_w2000_s13000	NC_048711	2
124780	NC_047822_w1000_s31000	NC_047822	2
124800	OP103918_w2000_s4000	OP103918	2
124806	NC_048102_w10000_s25000	NC_048102	2
124808	OZ195766_w10000_s115000	OZ195766	2
124813	MN337573_w1000_s17500	MN337573	2
124815	KJ019105_w5000_s60000	KJ019105	2
124825	MK295205_w10000_s0	MK295205	2
124828	OP172674_w5000_s17500	OP172674	2
124831	ON170164_w10000_s25000	ON170164	2
124850	NC_048659_w10000_s25000	NC_048659	2
124853	MN013087_w1000_s3500	MN013087	2
124864	ON548418_w5000_s85000	ON548418	2
124867	OQ817842_w1000_s49500	OQ817842	2
124868	OZ196098_w20000_s0	OZ196098	2
124872	MG867727_w2000_s54000	MG867727	2
124881	MK494098_w2000_s14000	MK494098	2
124888	NC_029060_w5000_s37500	NC_029060	2
124891	NC_007581_w5000_s167500	NC_007581	2
124907	MK578530_w5000_s30000	MK578530	2
124927	MW042807_w2000_s20000	MW042807	2
124939	PQ464597_w2000_s69000	PQ464597	2
124945	HM114277_w1000_s0	HM114277	2
124957	NC_073074_w2000_s25000	NC_073074	2
124959	KX397373_w5000_s220000	KX397373	2
124973	JQ837901_w10000_s10000	JQ837901	2
124978	MW055902_w5000_s7500	MW055902	2
124986	MH310936_w20000_s80000	MH310936	2
124988	OL800604_w20000_s10000	OL800604	2
124994	KP209285_w20000_s10000	KP209285	2
125027	MT732453_w5000_s80000	MT732453	2
125042	OQ744526_w20000_s10000	OQ744526	2
125052	MH001446_w10000_s50000	MH001446	2
125056	KU199710_w10000_s35000	KU199710	2
125057	AJ344259_w10000_s5000	AJ344259	2
125060	OZ196887_w20000_s90000	OZ196887	2
125074	NC_009904_w1000_s42500	NC_009904	2
125076	AB285204_w1000_s23000	AB285204	2
125078	OR475271_w10000_s55000	OR475271	2
125087	MN508618_w20000_s50000	MN508618	2
125089	HQ728266_w20000_s40000	HQ728266	2
125122	PQ567651_w5000_s137500	PQ567651	2
125133	MT380195_w10000_s75000	MT380195	2
125140	KC465899_w1000_s85000	KC465899	2
125167	NC_029074_w1000_s40500	NC_029074	2
125171	PP723048_w20000_s30000	PP723048	2
125174	MH590593_w10000_s95000	MH590593	2
125177	PQ287319_w5000_s72500	PQ287319	2
125199	MN114083_w2000_s58000	MN114083	2
125200	OR532878_w10000_s30000	OR532878	2
125225	MN812217_w1000_s20500	MN812217	2
125226	OZ195733_w2000_s91000	OZ195733	2
125237	OR352956_w2000_s127000	OR352956	2
125239	MW544066_w5000_s22500	MW544066	2
125255	KJ628499_w1000_s95000	KJ628499	2
125268	KM360178_w2000_s20000	KM360178	2
125273	EU399241_w1000_s5000	EU399241	2
125278	MF919519_w1000_s38500	MF919519	2
125284	OR896843_w20000_s50000	OR896843	2
125295	OR148984_w1000_s35000	OR148984	2
125296	OR983333_w10000_s65000	OR983333	2
125299	MW021753_w10000_s130000	MW021753	2
125306	KX397373_w5000_s190000	KX397373	2
125319	OK040789_w20000_s90000	OK040789	2
125321	OQ921339_w10000_s115000	OQ921339	2
125332	NC_049502_w2000_s100000	NC_049502	2
125340	MG770379_w1000_s101000	MG770379	2
125370	MH230878_w2000_s7000	MH230878	2
125388	OL840900_w10000_s0	OL840900	2
125392	MG065658_w1000_s113000	MG065658	2
125411	MH791410_w5000_s40000	MH791410	2
125412	LC744189_w10000_s20000	LC744189	2
125413	OQ578993_w1000_s19000	OQ578993	2
125415	LC727699_w20000_s150000	LC727699	2
125432	MK448669_w20000_s0	MK448669	2
125440	NC_027334_w1000_s40000	NC_027334	2
125443	PQ554527_w1000_s7000	PQ554527	2
125444	NC_021531_w5000_s87500	NC_021531	2
125447	GU936714_w5000_s57500	GU936714	2
125461	KX657796_w2000_s58000	KX657796	2
125481	PQ864023_w2000_s8000	PQ864023	2
125491	OR553896_w10000_s35000	OR553896	2
125500	MT234338_w20000_s10000	MT234338	2
125507	NC_016564_w2000_s46000	NC_016564	2
125516	MK798144_w2000_s8000	MK798144	2
125522	NC_025417_w10000_s65000	NC_025417	2
125523	MN095771_w2000_s43000	MN095771	2
125556	PP738775_w2000_s0	PP738775	2
125561	MT679221_w10000_s165000	MT679221	2
125565	MG592659_w20000_s20000	MG592659	2
125579	OQ135104_w2000_s31000	OQ135104	2
125587	OZ195796_w20000_s0	OZ195796	2
125614	MN988523_w10000_s55000	MN988523	2
125630	MN954399_w2000_s116000	MN954399	2
125647	PQ133620_w5000_s10000	PQ133620	2
125656	MK820641_w1000_s43500	MK820641	2
125657	KR029087_w2000_s65000	KR029087	2
125659	OL539468_w2000_s85000	OL539468	2
125660	NC_029073_w2000_s76000	NC_029073	2
125663	KX349270_w10000_s10000	KX349270	2
125669	OL580764_w5000_s35000	OL580764	2
125675	OZ195946_w5000_s97500	OZ195946	2
125679	DQ997624_w2000_s122000	DQ997624	2
125684	PP738775_w5000_s92500	PP738775	2
125688	OM386659_w1000_s68500	OM386659	2
125699	NC_021327_w10000_s5000	NC_021327	2
125712	NC_023585_w10000_s0	NC_023585	2
125718	JQ182728_w10000_s30000	JQ182728	2
125721	NC_029073_w5000_s40000	NC_029073	2
125750	KJ538721_w2000_s51000	KJ538721	2
125759	MW419087_w1000_s143000	MW419087	2
125761	PQ505481_w20000_s20000	PQ505481	2
125762	MT552976_w5000_s137500	MT552976	2
125770	MN954399_w20000_s80000	MN954399	2
125788	KC801932_w20000_s100000	KC801932	2
125793	KM652554_w20000_s90000	KM652554	2
125830	KJ019069_w10000_s60000	KJ019069	2
125832	KJ019117_w20000_s60000	KJ019117	2
125835	NC_054923_w10000_s100000	NC_054923	2
125845	OP867026_w20000_s0	OP867026	2
125856	OK570374_w1000_s17500	OK570374	2
125867	AF195902_w20000_s0	AF195902	2
125871	OZ196106_w1000_s24500	OZ196106	2
125875	NC_048182_w5000_s2500	NC_048182	2
125877	OZ196304_w10000_s30000	OZ196304	2
125889	MK327942_w5000_s55000	MK327942	2
125901	NC_029042_w2000_s42000	NC_029042	2
125915	MW546072_w1000_s86500	MW546072	2
125936	KY006474_w5000_s15000	KY006474	2
125941	MZ322024_w10000_s40000	MZ322024	2
125964	NC_031245_w10000_s200000	NC_031245	2
125996	MT682710_w10000_s45000	MT682710	2
126002	OP297178_w10000_s25000	OP297178	2
126006	MK559429_w5000_s67500	MK559429	2
126018	NC_021349_w2000_s28000	NC_021349	2
126020	NC_041858_w10000_s10000	NC_041858	2
126022	PP766240_w1000_s35000	PP766240	2
126025	JX415535_w10000_s40000	JX415535	2
126041	MT774391_w20000_s60000	MT774391	2
126057	MN252582_w2000_s2000	MN252582	2
126088	MG065654_w1000_s127500	MG065654	2
126116	MT828552_w2000_s83000	MT828552	2
126147	MN871441_w20000_s150000	MN871441	2
126150	KF156340_w10000_s55000	KF156340	2
126170	JN984867_w5000_s10000	JN984867	2
126174	MT380195_w5000_s87500	MT380195	2
126184	KF669663_w20000_s60000	KF669663	2
126191	PP412844_w2000_s5000	PP412844	2
126203	MN038177_w20000_s20000	MN038177	2
126214	MH925093_w2000_s29000	MH925093	2
126219	PP496433_w10000_s10000	PP496433	2
126221	MG198784_w10000_s5000	MG198784	2
126235	LC567831_w2000_s39000	LC567831	2
126256	NC_048750_w5000_s37500	NC_048750	2
126257	OL631482_w20000_s130000	OL631482	2
126267	KX431560_w1000_s116500	KX431560	2
126287	NC_048182_w5000_s240000	NC_048182	2
126293	KJ019094_w5000_s167500	KJ019094	2
126294	OR148985_w2000_s33000	OR148985	2
126311	NC_054934_w1000_s31000	NC_054934	2
126316	PP724615_w2000_s39000	PP724615	2
126318	ON881243_w5000_s7500	ON881243	2
126328	NC_055792_w2000_s14000	NC_055792	2
126356	NC_029073_w20000_s10000	NC_029073	2
126364	PQ505080_w5000_s20000	PQ505080	2
126373	MN310549_w10000_s15000	MN310549	2
126377	ON741189_w10000_s30000	ON741189	2
126396	MN586032_w20000_s50000	MN586032	2
126413	NC_049506_w10000_s20000	NC_049506	2
126428	OP583591_w5000_s5000	OP583591	2
126439	HQ316604_w10000_s30000	HQ316604	2
126442	MK061411_w1000_s62000	MK061411	2
126444	NC_051582_w20000_s40000	NC_051582	2
126460	OZ196076_w10000_s10000	OZ196076	2
126469	MT118302_w20000_s30000	MT118302	2
126488	MN871486_w10000_s15000	MN871486	2
126500	MZ475898_w10000_s205000	MZ475898	2
126514	MT684598_w1000_s81500	MT684598	2
126520	OZ196552_w2000_s8000	OZ196552	2
126532	KU238069_w1000_s8000	KU238069	2
126543	NC_051728_w5000_s15000	NC_051728	2
126545	MW812339_w10000_s65000	MW812339	2
126555	NC_018831_w2000_s50000	NC_018831	2
126569	OR521068_w5000_s32500	OR521068	2
126580	NC_023859_w5000_s20000	NC_023859	2
126603	KY006474_w10000_s10000	KY006474	2
126610	MZ501265_w20000_s110000	MZ501265	2
126612	OZ195908_w20000_s10000	OZ195908	2
126632	PQ571289_w10000_s115000	PQ571289	2
126636	OP352124_w2000_s73000	OP352124	2
126639	NC_023610_w2000_s39000	NC_023610	2
126648	LC768496_w5000_s62500	LC768496	2
126649	OZ196215_w2000_s62000	OZ196215	2
126658	MN812207_w2000_s9000	MN812207	2
126673	OQ504984_w20000_s50000	OQ504984	2
126675	MN994497_w5000_s132500	MN994497	2
126716	OR584013_w5000_s10000	OR584013	2
126726	JN712910_w5000_s17500	JN712910	2
126728	OR671239_w20000_s10000	OR671239	2
126731	KX774321_w10000_s100000	KX774321	2
126735	MH460459_w2000_s17000	MH460459	2
126764	OQ808964_w1000_s35500	OQ808964	2
126789	NC_048823_w5000_s22500	NC_048823	2
126804	MK373778_w1000_s107000	MK373778	2
126809	NC_049944_w2000_s12000	NC_049944	2
126819	MN234168_w20000_s10000	MN234168	2
126835	MG592470_w20000_s10000	MG592470	2
126851	MT679221_w1000_s208500	MT679221	2
126885	OZ196214_w1000_s41000	OZ196214	2
126893	MF919495_w2000_s126000	MF919495	2
126894	NC_028676_w20000_s20000	NC_028676	2
126895	MK977703_w20000_s20000	MK977703	2
126903	MG592460_w5000_s0	MG592460	2
126922	NC_026923_w20000_s40000	NC_026923	2
126925	NC_070713_w10000_s10000	NC_070713	2
126941	PQ492289_w5000_s50000	PQ492289	2
126942	OR105946_w1000_s31000	OR105946	2
126944	MG867727_w2000_s78000	MG867727	2
126963	MG065654_w2000_s41000	MG065654	2
126964	MN101217_w5000_s17500	MN101217	2
126971	KF183314_w5000_s7500	KF183314	2
126979	NC_041965_w1000_s44500	NC_041965	2
126981	KX349261_w20000_s80000	KX349261	2
126984	NC_030953_w1000_s23500	NC_030953	2
127007	NC_054924_w10000_s95000	NC_054924	2
127016	MN164484_w20000_s0	MN164484	2
127020	MW460246_w2000_s22000	MW460246	2
127038	OZ196428_w1000_s5500	OZ196428	2
127046	OQ101258_w5000_s32500	OQ101258	2
127070	OZ195945_w5000_s20000	OZ195945	2
127073	MT074141_w2000_s79000	MT074141	2
127078	MT446392_w5000_s120000	MT446392	2
127097	MZ868726_w20000_s20000	MZ868726	2
127099	MW546065_w2000_s65000	MW546065	2
127100	NC_041993_w2000_s133000	NC_041993	2
127104	OM634661_w2000_s159000	OM634661	2
127107	PP212877_w5000_s157500	PP212877	2
127108	ON548417_w20000_s20000	ON548417	2
127113	OR983333_w1000_s15500	OR983333	2
127126	NC_027292_w2000_s28000	NC_027292	2
127132	LT961838_w20000_s10000	LT961838	2
127136	KJ019142_w2000_s162000	KJ019142	2
127137	KX397371_w20000_s210000	KX397371	2
127146	KX130727_w2000_s48000	KX130727	2
127152	NC_021305_w5000_s12500	NC_021305	2
127177	OK490460_w5000_s30000	OK490460	2
127208	LC727699_w2000_s65000	LC727699	2
127210	PP554579_w5000_s85000	PP554579	2
127220	OL770260_w20000_s50000	OL770260	2
127225	NC_053514_w5000_s20000	NC_053514	2
127231	MT497228_w10000_s45000	MT497228	2
127236	MK800154_w2000_s46000	MK800154	2
127240	MZ501102_w20000_s70000	MZ501102	2
127258	KJ019141_w5000_s85000	KJ019141	2
127261	OR253900_w20000_s30000	OR253900	2
127291	MH509446_w20000_s20000	MH509446	2
127294	KT321476_w5000_s17500	KT321476	2
127316	OQ680139_w2000_s15000	OQ680139	2
127329	PP883967_w20000_s0	PP883967	2
127335	JN204348_w20000_s10000	JN204348	2
127364	MK359329_w20000_s50000	MK359329	2
127371	PP883967_w1000_s23000	PP883967	2
127390	LC727885_w20000_s30000	LC727885	2
127400	PP766240_w5000_s27500	PP766240	2
127409	MW794176_w10000_s30000	MW794176	2
127415	JN371768_w10000_s150000	JN371768	2
127425	PQ656107_w10000_s75000	PQ656107	2
127431	JF704116_w1000_s67500	JF704116	2
127437	OZ196227_w5000_s102500	OZ196227	2
127440	MN813051_w1000_s22000	MN813051	2
127447	MW421578_w1000_s16000	MW421578	2
127452	MK524509_w5000_s25000	MK524509	2
127453	MN023188_w2000_s9000	MN023188	2
127454	OR532813_w20000_s20000	OR532813	2
127457	KU708005_w2000_s7000	KU708005	2
127460	PP412844_w10000_s0	PP412844	2
127462	OM033135_w2000_s82000	OM033135	2
127467	MZ417338_w10000_s65000	MZ417338	2
127481	OZ195950_w1000_s89500	OZ195950	2
127486	OR896230_w1000_s42000	OR896230	2
127489	OK275493_w10000_s35000	OK275493	2
127509	NC_055739_w5000_s52500	NC_055739	2
127511	MN871486_w2000_s27000	MN871486	2
127520	MZ375272_w1000_s25500	MZ375272	2
127534	MN695334_w10000_s105000	MN695334	2
127537	ON922918_w1000_s2500	ON922918	2
127544	PQ166232_w20000_s20000	PQ166232	2
127561	MN096369_w1000_s60000	MN096369	2
127567	MT118290_w2000_s4000	MT118290	2
127572	OQ223305_w5000_s85000	OQ223305	2
127573	OP978391_w5000_s72500	OP978391	2
127574	NC_071045_w10000_s120000	NC_071045	2
127587	OM203156_w5000_s40000	OM203156	2
127593	KM279937_w2000_s35000	KM279937	2
127598	PQ586903_w20000_s0	PQ586903	2
127599	MK813939_w20000_s90000	MK813939	2
127612	NC_070777_w10000_s135000	NC_070777	2
127634	OL580764_w20000_s40000	OL580764	2
127661	NC_028890_w10000_s35000	NC_028890	2
127671	NC_017969_w20000_s30000	NC_017969	2
127691	KU998253_w1000_s24000	KU998253	2
127695	OL799258_w20000_s80000	OL799258	2
127699	MT732443_w10000_s15000	MT732443	2
127700	NC_054908_w20000_s140000	NC_054908	2
127703	OY639337_w2000_s31000	OY639337	2
127707	MN850614_w20000_s10000	MN850614	2
127709	AY052766_w5000_s35000	AY052766	2
127710	MZ475898_w1000_s21500	MZ475898	2
127717	OL964735_w20000_s110000	OL964735	2
127730	OQ428192_w10000_s15000	OQ428192	2
127740	NC_061444_w20000_s60000	NC_061444	2
127748	MH929319_w20000_s40000	MH929319	2
127756	MK448756_w2000_s30000	MK448756	2
127770	NC_073486_w10000_s5000	NC_073486	2
127776	MN709128_w20000_s80000	MN709128	2
127777	MG592465_w2000_s11000	MG592465	2
127793	NC_052660_w1000_s31500	NC_052660	2
127795	MN038176_w10000_s120000	MN038176	2
127816	AY266303_w5000_s140000	AY266303	2
127828	OZ196140_w1000_s92000	OZ196140	2
127833	JN882298_w1000_s12500	JN882298	2
127857	OU509534_w5000_s22500	OU509534	2
127858	OL539464_w5000_s35000	OL539464	2
127861	JX483879_w2000_s30000	JX483879	2
127874	MK448804_w5000_s20000	MK448804	2
127893	KT239446_w2000_s44000	KT239446	2
127899	KY979244_w1000_s10500	KY979244	2
127920	PP541515_w2000_s37000	PP541515	2
127932	KJ019117_w20000_s40000	KJ019117	2
127933	OZ196125_w20000_s70000	OZ196125	2
127938	MN197465_w1000_s59000	MN197465	2
127941	MG925343_w1000_s26500	MG925343	2
127943	NC_007581_w2000_s87000	NC_007581	2
127944	OL539468_w1000_s117500	OL539468	2
127961	NC_021531_w1000_s78500	NC_021531	2
127962	KX431560_w1000_s79500	KX431560	2
127974	MT732467_w1000_s4000	MT732467	2
127985	PP704628_w2000_s20000	PP704628	2
127990	KC661275_w20000_s30000	KC661275	2
128027	JQ837901_w20000_s20000	JQ837901	2
128039	PQ678705_w10000_s5000	PQ678705	2
128057	OQ709198_w2000_s36000	OQ709198	2
128066	MN709127_w2000_s73000	MN709127	2
128074	OK340822_w10000_s0	OK340822	2
128081	MH791402_w1000_s18000	MH791402	2
128090	ON529865_w2000_s32000	ON529865	2
128106	MK050846_w5000_s7500	MK050846	2
128127	PQ046925_w1000_s97500	PQ046925	2
128128	AF068845_w1000_s46500	AF068845	2
128131	KJ473422_w5000_s80000	KJ473422	2
128138	MH745368_w20000_s0	MH745368	2
128150	PP910332_w2000_s51000	PP910332	2
128156	KJ489402_w2000_s106000	KJ489402	2
128157	ON970619_w20000_s10000	ON970619	2
128169	PP579743_w5000_s52500	PP579743	2
128179	NC_031245_w1000_s130500	NC_031245	2
128181	MZ375329_w1000_s11000	MZ375329	2
128189	KX712070_w5000_s30000	KX712070	2
128190	MK408758_w5000_s130000	MK408758	2
128198	NC_016564_w10000_s85000	NC_016564	2
128206	NC_053242_w1000_s11000	NC_053242	2
128220	OP784575_w10000_s45000	OP784575	2
128230	OL799258_w5000_s7500	OL799258	2
128257	OZ196163_w10000_s45000	OZ196163	2
128260	NC_010147_w5000_s17500	NC_010147	2
128267	OQ291058_w10000_s70000	OQ291058	2
128269	MN023190_w1000_s3000	MN023190	2
128274	PQ850629_w20000_s20000	PQ850629	2
128282	MH460463_w10000_s120000	MH460463	2
128288	NC_008562_w2000_s12000	NC_008562	2
128295	KR347353_w2000_s1000	KR347353	2
128300	OR532795_w5000_s30000	OR532795	2
128301	NC_041978_w2000_s41000	NC_041978	2
128307	OZ196096_w2000_s73000	OZ196096	2
128334	KF669663_w2000_s22000	KF669663	2
128353	ON645338_w10000_s35000	ON645338	2
128354	MK359329_w10000_s140000	MK359329	2
128366	PP978833_w2000_s24000	PP978833	2
128374	KY499642_w10000_s80000	KY499642	2
128380	OL780484_w1000_s145000	OL780484	2
128385	NC_042067_w2000_s10000	NC_042067	2
128394	OM634661_w20000_s40000	OM634661	2
128418	NC_055882_w5000_s77500	NC_055882	2
128422	KX576639_w5000_s35000	KX576639	2
128448	PQ362660_w1000_s11000	PQ362660	2
128449	PQ571278_w10000_s25000	PQ571278	2
128459	PP579743_w1000_s147500	PP579743	2
128468	MW544066_w5000_s12500	MW544066	2
128492	PQ819472_w2000_s120000	PQ819472	2
128502	MK931440_w5000_s0	MK931440	2
128509	MG592659_w1000_s37000	MG592659	2
128531	PP579743_w1000_s74000	PP579743	2
128541	MT118290_w20000_s40000	MT118290	2
128551	NC_026923_w10000_s135000	NC_026923	2
128560	LC788709_w10000_s60000	LC788709	2
128588	NC_021327_w5000_s82500	NC_021327	2
128589	MK112532_w10000_s20000	MK112532	2
128593	PP695294_w2000_s187000	PP695294	2
128637	MZ501102_w10000_s35000	MZ501102	2
128649	OQ721911_w5000_s145000	OQ721911	2
128673	NC_048685_w20000_s10000	NC_048685	2
128682	OQ291058_w20000_s60000	OQ291058	2
128685	MW021758_w20000_s170000	MW021758	2
128704	PP541515_w5000_s32500	PP541515	2
128711	OP867021_w2000_s18000	OP867021	2
128713	MT438761_w10000_s30000	MT438761	2
128720	NC_048013_w2000_s52000	NC_048013	2
128729	NC_023728_w2000_s44000	NC_023728	2
128731	PQ819475_w5000_s2500	PQ819475	2
128738	LR535921_w10000_s30000	LR535921	2
128742	NC_054651_w1000_s30500	NC_054651	2
128744	NC_010811_w20000_s120000	NC_010811	2
128745	NC_048102_w10000_s55000	NC_048102	2
128752	MT701597_w5000_s40000	MT701597	2
128759	MT446418_w10000_s10000	MT446418	2
128760	MT074142_w5000_s37500	MT074142	2
128774	PP738791_w1000_s31500	PP738791	2
128775	KT898133_w20000_s0	KT898133	2
128784	NC_031112_w5000_s17500	NC_031112	2
128793	MN234209_w2000_s44000	MN234209	2
128829	MW149275_w2000_s20000	MW149275	2
128840	NC_028861_w1000_s30500	NC_028861	2
128848	KJ489402_w20000_s80000	KJ489402	2
128856	MH697583_w20000_s90000	MH697583	2
128864	KJ489402_w5000_s67500	KJ489402	2
128874	KP313532_w2000_s7000	KP313532	2
128875	NC_055818_w10000_s15000	NC_055818	2
128877	KJ668713_w20000_s0	KJ668713	2
128944	MK798144_w2000_s7000	MK798144	2
128947	HG992588_w1000_s38500	HG992588	2
128963	NC_023728_w5000_s42500	NC_023728	2
128964	OM835951_w10000_s65000	OM835951	2
128967	MK962639_w2000_s53000	MK962639	2
128969	PQ309151_w5000_s47500	PQ309151	2
128971	PP925828_w10000_s45000	PP925828	2
128974	KP861230_w2000_s21000	KP861230	2
128995	MG592525_w10000_s0	MG592525	2
128999	MH834612_w1000_s2500	MH834612	2
129003	NC_048102_w20000_s70000	NC_048102	2
129017	MG757163_w20000_s10000	MG757163	2
129026	NC_054910_w10000_s10000	NC_054910	2
129039	KF669661_w2000_s8000	KF669661	2
129047	KF669653_w5000_s82500	KF669653	2
129062	LR597651_w1000_s17500	LR597651	2
129064	MN813051_w1000_s78000	MN813051	2
129075	PQ723756_w2000_s16000	PQ723756	2
129085	MN197465_w2000_s38000	MN197465	2
129097	JN083853_w2000_s9000	JN083853	2
129103	MN995824_w2000_s3000	MN995824	2
129127	NC_048102_w2000_s122000	NC_048102	2
129147	MN895434_w1000_s156000	MN895434	2
129148	MW822145_w2000_s43000	MW822145	2
129153	KP682382_w1000_s36500	KP682382	2
129158	PP496436_w5000_s175000	PP496436	2
129160	MF490238_w20000_s20000	MF490238	2
129162	ON086985_w1000_s49500	ON086985	2
129174	MK443264_w10000_s45000	MK443264	2
129181	JX006077_w20000_s70000	JX006077	2
129194	NC_049428_w2000_s124000	NC_049428	2
129196	NC_055882_w20000_s50000	NC_055882	2
129204	JQ809703_w20000_s20000	JQ809703	2
129212	MT366946_w1000_s107000	MT366946	2
129213	MW325771_w2000_s23000	MW325771	2
129217	NC_073374_w20000_s0	NC_073374	2
129231	KT454805_w5000_s7500	KT454805	2
129234	PP531540_w2000_s30000	PP531540	2
129242	EU826467_w5000_s40000	EU826467	2
129251	LC727887_w2000_s40000	LC727887	2
129259	NC_042003_w1000_s3500	NC_042003	2
129274	KU985092_w2000_s43000	KU985092	2
129275	PQ657784_w10000_s120000	PQ657784	2
129282	NC_028805_w20000_s50000	NC_028805	2
129285	MK095193_w5000_s25000	MK095193	2
129293	NC_031938_w20000_s10000	NC_031938	2
129306	KY744240_w1000_s4500	KY744240	2
129313	MW325771_w20000_s110000	MW325771	2
129326	MG757164_w2000_s46000	MG757164	2
129336	MK416020_w2000_s18000	MK416020	2
129343	MW247144_w10000_s10000	MW247144	2
129350	OZ196440_w1000_s74000	OZ196440	2
129353	OQ850183_w1000_s30500	OQ850183	2
129356	OL343755_w5000_s2500	OL343755	2
129366	MG867727_w1000_s148500	MG867727	2
129375	PP856728_w2000_s151000	PP856728	2
129389	KY499642_w1000_s27500	KY499642	2
129414	OZ196096_w10000_s35000	OZ196096	2
129417	MN038176_w10000_s110000	MN038176	2
129433	OZ195848_w5000_s40000	OZ195848	2
129437	NC_021327_w20000_s80000	NC_021327	2
129454	LC727889_w20000_s0	LC727889	2
129456	OR532824_w1000_s7500	OR532824	2
129464	OZ195716_w10000_s15000	OZ195716	2
129469	MZ514874_w1000_s17000	MZ514874	2
129473	OZ196571_w1000_s36000	OZ196571	2
129489	AF064539_w10000_s0	AF064539	2
129502	MK005300_w20000_s50000	MK005300	2
129503	KX349296_w5000_s130000	KX349296	2
129520	NC_047925_w5000_s70000	NC_047925	2
129538	OZ195903_w1000_s20000	OZ195903	2
129543	MW349129_w5000_s255000	MW349129	2
129571	OL656108_w10000_s20000	OL656108	2
129574	JX181825_w5000_s115000	JX181825	2
129575	NC_047715_w1000_s84500	NC_047715	2
129578	MK310146_w10000_s30000	MK310146	2
129580	PP438419_w10000_s0	PP438419	2
129591	MT497096_w5000_s42500	MT497096	2
129636	MN508618_w1000_s42500	MN508618	2
129671	OR687458_w20000_s10000	OR687458	2
129682	MH688040_w5000_s10000	MH688040	2
129688	OM284015_w2000_s6000	OM284015	2
129695	NC_031029_w2000_s28000	NC_031029	2
129697	KF114877_w5000_s47500	KF114877	2
129719	LC616062_w2000_s7000	LC616062	2
129729	OZ196426_w20000_s50000	OZ196426	2
129737	MN234220_w2000_s54000	MN234220	2
129738	PP848840_w5000_s25000	PP848840	2
129740	LC739537_w10000_s20000	LC739537	2
129753	NC_052660_w5000_s50000	NC_052660	2
129767	LC465543_w20000_s20000	LC465543	2
129775	MW824406_w2000_s28000	MW824406	2
129776	MK875793_w10000_s30000	MK875793	2
129813	LC567831_w2000_s6000	LC567831	2
129819	MZ078141_w2000_s24000	MZ078141	2
129839	MW419087_w1000_s13500	MW419087	2
129840	OP263967_w5000_s15000	OP263967	2
129912	MT732453_w2000_s110000	MT732453	2
129916	NC_070823_w5000_s37500	NC_070823	2
129925	MK279883_w20000_s40000	MK279883	2
129928	ON548418_w5000_s117500	ON548418	2
129951	PP883967_w5000_s132500	PP883967	2
129972	MN813697_w2000_s7000	MN813697	2
130004	KY389315_w20000_s0	KY389315	2
130024	NC_055804_w1000_s21500	NC_055804	2
130037	OZ195766_w1000_s129000	OZ195766	2
130039	MW822536_w5000_s17500	MW822536	2
130051	KU199710_w2000_s47000	KU199710	2
130053	OZ035850_w10000_s145000	OZ035850	2
130065	MH552500_w2000_s70000	MH552500	2
130075	OZ195969_w5000_s92500	OZ195969	2
130083	PQ351672_w20000_s0	PQ351672	2
130090	OM203156_w20000_s50000	OM203156	2
130116	MN545971_w5000_s37500	MN545971	2
130118	KM360178_w20000_s0	KM360178	2
130128	KP869108_w5000_s27500	KP869108	2
130145	MG973030_w5000_s142500	MG973030	2
130161	PQ741025_w2000_s48000	PQ741025	2
130171	OR053651_w5000_s22500	OR053651	2
130173	OZ196096_w20000_s90000	OZ196096	2
130176	NC_049428_w10000_s80000	NC_049428	2
130178	OQ378934_w5000_s160000	OQ378934	2
130191	MT129653_w1000_s9000	MT129653	2
130242	NC_006884_w20000_s140000	NC_006884	2
130257	PP541513_w1000_s67000	PP541513	2
130285	KX636165_w10000_s20000	KX636165	2
130288	MW980068_w1000_s15000	MW980068	2
130291	OK041468_w1000_s8000	OK041468	2
130308	KX349296_w2000_s112000	KX349296	2
130314	OR712157_w10000_s95000	OR712157	2
130316	LC739534_w10000_s55000	LC739534	2
130322	MH992121_w5000_s70000	MH992121	2
130326	PV036882_w20000_s0	PV036882	2
130348	OQ921346_w2000_s80000	OQ921346	2
130356	MW055906_w10000_s15000	MW055906	2
130357	NC_054910_w2000_s42000	NC_054910	2
130364	MH697581_w10000_s0	MH697581	2
130369	OX335403_w10000_s140000	OX335403	2
130371	JQ182728_w10000_s10000	JQ182728	2
130381	MZ514874_w1000_s36500	MZ514874	2
130382	MW394390_w20000_s10000	MW394390	2
130390	KM242061_w10000_s5000	KM242061	2
130407	NC_047822_w2000_s88000	NC_047822	2
130452	MZ616364_w10000_s30000	MZ616364	2
130458	MG676466_w20000_s0	MG676466	2
130459	NC_019917_w5000_s22500	NC_019917	2
130463	KX431560_w10000_s20000	KX431560	2
130467	OQ873415_w10000_s70000	OQ873415	2
130471	MF630922_w2000_s29000	MF630922	2
130476	JX290549_w5000_s27500	JX290549	2
130503	OZ195877_w1000_s42500	OZ195877	2
130506	NC_051665_w5000_s50000	NC_051665	2
130525	LC727887_w1000_s1000	LC727887	2
130529	PP465982_w5000_s30000	PP465982	2
130531	MN709127_w2000_s152000	MN709127	2
130551	NC_041961_w20000_s30000	NC_041961	2
130582	PQ819472_w20000_s0	PQ819472	2
130583	MN850579_w10000_s90000	MN850579	2
130584	KU598975_w1000_s19500	KU598975	2
130587	OL539468_w5000_s115000	OL539468	2
130596	KJ019162_w5000_s110000	KJ019162	2
130598	MW812339_w20000_s140000	MW812339	2
130605	MT438761_w20000_s40000	MT438761	2
130606	OQ603353_w2000_s202000	OQ603353	2
130629	NC_070709_w1000_s21000	NC_070709	2
130638	OL343755_w20000_s20000	OL343755	2
130646	NC_054929_w20000_s80000	NC_054929	2
130649	OP067662_w10000_s0	OP067662	2
130653	NC_073679_w2000_s30000	NC_073679	2
130655	MK448998_w1000_s35000	MK448998	2
130666	PP810247_w2000_s60000	PP810247	2
130668	KY499642_w2000_s140000	KY499642	2
130672	KJ019141_w1000_s107500	KJ019141	2
130673	OZ196271_w1000_s32000	OZ196271	2
130676	OZ196335_w5000_s5000	OZ196335	2
130684	OR413581_w1000_s103000	OR413581	2
130689	MZ622164_w20000_s30000	MZ622164	2
130700	AY266303_w1000_s14500	AY266303	2
130703	MN096361_w2000_s63000	MN096361	2
130711	NC_027293_w1000_s77000	NC_027293	2
130723	NC_053505_w20000_s40000	NC_053505	2
130732	MK373778_w1000_s65000	MK373778	2
130745	KF006818_w1000_s100000	KF006818	2
130746	MK279871_w1000_s3500	MK279871	2
130749	KX349247_w2000_s69000	KX349247	2
130750	MH719195_w1000_s24500	MH719195	2
130769	KF751794_w5000_s20000	KF751794	2
130770	KF156340_w5000_s12500	KF156340	2
130772	MN027503_w10000_s100000	MN027503	2
130773	NC_007021_w1000_s97500	NC_007021	2
130774	LR800396_w10000_s20000	LR800396	2
130778	PQ184797_w1000_s25500	PQ184797	2
130805	MK994515_w5000_s97500	MK994515	2
130808	MF158046_w20000_s80000	MF158046	2
130814	MH779518_w20000_s0	MH779518	2
130817	MN892484_w2000_s21000	MN892484	2
130824	ON132389_w20000_s0	ON132389	2
130829	MH001446_w2000_s25000	MH001446	2
130838	OR472445_w5000_s2500	OR472445	2
130841	NC_023704_w2000_s38000	NC_023704	2
130856	PQ516283_w10000_s40000	PQ516283	2
130862	OP662532_w1000_s82000	OP662532	2
130866	MK318076_w10000_s0	MK318076	2
130875	NC_073024_w20000_s10000	NC_073024	2
130900	OZ196368_w5000_s25000	OZ196368	2
130907	OL539446_w10000_s25000	OL539446	2
130916	PP179317_w5000_s5000	PP179317	2
130926	OR420753_w5000_s12500	OR420753	2
130935	LC487996_w1000_s17000	LC487996	2
130958	MH697587_w20000_s30000	MH697587	2
130965	LC739537_w1000_s64500	LC739537	2
130990	KM366098_w2000_s36000	KM366098	2
130993	MG065664_w5000_s32500	MG065664	2
131001	NC_016564_w10000_s10000	NC_016564	2
131009	OZ196365_w20000_s0	OZ196365	2
131018	NC_049944_w10000_s45000	NC_049944	2
131029	OY720014_w20000_s60000	OY720014	2
131031	OM033135_w5000_s85000	OM033135	2
131037	OX335401_w10000_s15000	OX335401	2
131048	PP856728_w10000_s60000	PP856728	2
131052	PP856728_w5000_s62500	PP856728	2
131059	NC_055882_w1000_s33500	NC_055882	2
131061	MH688040_w2000_s115000	MH688040	2
131070	ON170283_w10000_s0	ON170283	2
131085	OQ921337_w10000_s90000	OQ921337	2
131109	MH553563_w1000_s97000	MH553563	2
131114	AP012540_w1000_s27000	AP012540	2
131148	HQ316604_w2000_s44000	HQ316604	2
131155	OZ195879_w5000_s17500	OZ195879	2
131196	OL631484_w20000_s60000	OL631484	2
131204	PQ741606_w20000_s30000	PQ741606	2
131206	MT080600_w5000_s52500	MT080600	2
131210	OR475257_w1000_s36000	OR475257	2
131213	JX006077_w2000_s46000	JX006077	2
131218	KT361920_w1000_s50000	KT361920	2
131240	OM728298_w2000_s9000	OM728298	2
131248	MZ955869_w1000_s2500	MZ955869	2
131267	NC_070713_w2000_s32000	NC_070713	2
131281	OR413581_w5000_s72500	OR413581	2
131287	ON132389_w2000_s34000	ON132389	2
131293	JN191664_w1000_s4000	JN191664	2
131308	OQ680481_w2000_s37000	OQ680481	2
131320	NC_048162_w10000_s15000	NC_048162	2
131328	NC_042003_w2000_s25000	NC_042003	2
131331	MZ234008_w2000_s2000	MZ234008	2
131349	PQ999099_w5000_s37500	PQ999099	2
131363	KX349323_w2000_s81000	KX349323	2
131364	OQ378339_w1000_s31000	OQ378339	2
131370	OL631482_w5000_s157500	OL631482	2
131374	LC616061_w5000_s32500	LC616061	2
131386	KC862296_w5000_s70000	KC862296	2
131388	MZ089732_w1000_s21000	MZ089732	2
131398	PP934445_w10000_s35000	PP934445	2
131429	MG748547_w20000_s110000	MG748547	2
131433	MT863731_w20000_s60000	MT863731	2
131439	OQ135104_w5000_s32500	OQ135104	2
131442	MN689513_w5000_s0	MN689513	2
131444	PQ824230_w20000_s50000	PQ824230	2
131447	KR052482_w20000_s80000	KR052482	2
131453	KU686197_w10000_s155000	KU686197	2
131455	AM491472_w2000_s34000	AM491472	2
131457	KY368640_w10000_s65000	KY368640	2
131504	ON470615_w5000_s0	ON470615	2
131510	MZ388555_w2000_s25000	MZ388555	2
131516	OZ196664_w1000_s78000	OZ196664	2
131523	OL780484_w20000_s30000	OL780484	2
131532	NC_021349_w10000_s120000	NC_021349	2
131533	MT711524_w10000_s10000	MT711524	2
131541	OZ195827_w5000_s50000	OZ195827	2
131545	OZ196227_w2000_s133000	OZ196227	2
131566	PP047754_w20000_s90000	PP047754	2
131568	MZ568828_w10000_s0	MZ568828	2
131604	MT446407_w10000_s0	MT446407	2
131606	OR532796_w20000_s40000	OR532796	2
131613	EU676000_w1000_s20500	EU676000	2
131615	NC_073450_w2000_s29000	NC_073450	2
131624	MH178381_w5000_s47500	MH178381	2
131626	MT828552_w5000_s35000	MT828552	2
131650	KY368640_w20000_s20000	KY368640	2
131658	MT553335_w5000_s70000	MT553335	2
131672	MK931441_w2000_s33000	MK931441	2
131674	MN585996_w10000_s10000	MN585996	2
131676	PP856727_w2000_s79000	PP856727	2
131678	KF279411_w1000_s38500	KF279411	2
131683	KX456210_w10000_s20000	KX456210	2
131693	DQ832317_w20000_s90000	DQ832317	2
131706	ON453895_w1000_s15500	ON453895	2
131714	NC_007049_w5000_s30000	NC_007049	2
131719	NC_019720_w2000_s39000	NC_019720	2
131730	PQ678705_w5000_s10000	PQ678705	2
131737	MG253649_w5000_s7500	MG253649	2
131741	MH697590_w10000_s15000	MH697590	2
131753	AJ556162_w10000_s15000	AJ556162	2
131774	JQ287645_w1000_s62500	JQ287645	2
131784	MT497087_w1000_s24000	MT497087	2
131786	PQ585404_w20000_s0	PQ585404	2
131787	MT679221_w2000_s10000	MT679221	2
131792	MW006482_w2000_s0	MW006482	2
131794	PP429226_w5000_s85000	PP429226	2
131803	OR180309_w5000_s35000	OR180309	2
131808	MZ501046_w1000_s119000	MZ501046	2
131817	MW419086_w2000_s30000	MW419086	2
131819	PP208934_w1000_s500	PP208934	2
131853	HQ634195_w1000_s119500	HQ634195	2
131864	KJ410134_w2000_s22000	KJ410134	2
131867	MW584156_w5000_s17500	MW584156	2
131869	OP380601_w1000_s88500	OP380601	2
131883	NC_055836_w1000_s42500	NC_055836	2
131889	OR575929_w1000_s30000	OR575929	2
131894	NC_028805_w5000_s65000	NC_028805	2
131897	OR125554_w20000_s0	OR125554	2
131902	NC_031245_w20000_s20000	NC_031245	2
131908	ON528720_w2000_s19000	ON528720	2
131919	MK138526_w10000_s75000	MK138526	2
131920	NC_041961_w5000_s52500	NC_041961	2
131929	PP395642_w10000_s15000	PP395642	2
131947	NC_048715_w2000_s1000	NC_048715	2
131978	NC_055900_w2000_s91000	NC_055900	2
131979	MH020246_w20000_s50000	MH020246	2
131985	LC645435_w1000_s35500	LC645435	2
131987	OQ709198_w1000_s62500	OQ709198	2
131994	OL451946_w2000_s11000	OL451946	2
131995	AB255436_w2000_s37000	AB255436	2
132013	MK359318_w20000_s50000	MK359318	2
132019	OR539218_w20000_s20000	OR539218	2
132042	OZ196059_w2000_s106000	OZ196059	2
132052	ON814134_w1000_s122000	ON814134	2
132057	MW055904_w20000_s20000	MW055904	2
132076	OZ195766_w10000_s75000	OZ195766	2
132082	LN881734_w10000_s35000	LN881734	2
132084	OZ195680_w5000_s37500	OZ195680	2
132101	OQ680481_w20000_s30000	OQ680481	2
132122	NC_028844_w20000_s0	NC_028844	2
132124	OZ196473_w2000_s69000	OZ196473	2
132126	NC_023578_w2000_s63000	NC_023578	2
132140	JN699625_w20000_s80000	JN699625	2
132167	LR800396_w1000_s36000	LR800396	2
132173	PP934445_w10000_s5000	PP934445	2
132184	MW021758_w5000_s227500	MW021758	2
132185	CAVLHH020000002_w5000_s27500	CAVLHH020000002	2
132205	MN882553_w1000_s13000	MN882553	2
132206	OP978391_w10000_s25000	OP978391	2
132217	PP534475_w1000_s42500	PP534475	2
132234	MH319742_w10000_s10000	MH319742	2
132242	MN929097_w10000_s30000	MN929097	2
132268	MZ375295_w5000_s12500	MZ375295	2
132270	KJ019041_w2000_s150000	KJ019041	2
132271	OM249648_w2000_s148000	OM249648	2
132294	MH571750_w5000_s35000	MH571750	2
132297	MH045559_w10000_s25000	MH045559	2
132298	KJ628499_w20000_s60000	KJ628499	2
132305	ON602758_w1000_s31000	ON602758	2
132328	MH744418_w5000_s40000	MH744418	2
132337	OQ466432_w10000_s50000	OQ466432	2
132339	MK279881_w5000_s40000	MK279881	2
132358	OZ196209_w2000_s4000	OZ196209	2
132362	OR352940_w5000_s57500	OR352940	2
132368	KJ489402_w2000_s30000	KJ489402	2
132413	PP978818_w2000_s19000	PP978818	2
132426	MZ501052_w10000_s50000	MZ501052	2
132432	PP978783_w5000_s20000	PP978783	2
132437	OZ196664_w1000_s55000	OZ196664	2
132449	MW042807_w2000_s32000	MW042807	2
132452	JQ740808_w2000_s26000	JQ740808	2
132467	PQ571282_w10000_s20000	PQ571282	2
132480	OL539464_w1000_s26000	OL539464	2
132515	PQ768829_w2000_s50000	PQ768829	2
132557	KJ019141_w5000_s200000	KJ019141	2
132591	MW055906_w5000_s42500	MW055906	2
132600	PP496436_w20000_s160000	PP496436	2
132605	AP014888_w1000_s31500	AP014888	2
132612	PP429240_w20000_s20000	PP429240	2
132622	PQ295877_w5000_s35000	PQ295877	2
132659	OP136134_w20000_s20000	OP136134	2
132694	NC_054910_w2000_s87000	NC_054910	2
132697	NC_021531_w5000_s180000	NC_021531	2
132714	MT497087_w5000_s10000	MT497087	2
132717	NC_009540_w1000_s3000	NC_009540	2
132726	MN850614_w10000_s70000	MN850614	2
132732	PP444719_w2000_s22000	PP444719	2
132742	OP251154_w1000_s32500	OP251154	2
132743	ON880501_w10000_s0	ON880501	2
132744	NC_007021_w2000_s24000	NC_007021	2
132751	PQ133601_w5000_s0	PQ133601	2
132754	MN988534_w2000_s37000	MN988534	2
132771	OR712157_w1000_s80000	OR712157	2
132783	KJ019049_w1000_s28000	KJ019049	2
132784	NC_021339_w20000_s30000	NC_021339	2
132794	NC_031007_w5000_s17500	NC_031007	2
132806	MZ388555_w1000_s32500	MZ388555	2
132807	NC_028805_w10000_s90000	NC_028805	2
132818	MK494098_w10000_s65000	MK494098	2
132836	PP179324_w1000_s14500	PP179324	2
132856	MH688040_w10000_s15000	MH688040	2
132874	OP970826_w5000_s5000	OP970826	2
132875	NC_047756_w1000_s11500	NC_047756	2
132878	MK511005_w10000_s10000	MK511005	2
132882	PP747256_w20000_s40000	PP747256	2
132894	MK448772_w2000_s24000	MK448772	2
132900	JF704116_w5000_s45000	JF704116	2
132925	OM386660_w5000_s80000	OM386660	2
132945	KY554774_w2000_s15000	KY554774	2
132972	NC_054937_w20000_s10000	NC_054937	2
132992	KX712070_w2000_s17000	KX712070	2
132994	PQ533658_w10000_s20000	PQ533658	2
132999	AY176327_w5000_s110000	AY176327	2
133005	PP725410_w1000_s74000	PP725410	2
133006	MW602648_w10000_s40000	MW602648	2
133016	OZ196106_w5000_s67500	OZ196106	2
133028	OR532796_w20000_s20000	OR532796	2
133052	MN234168_w5000_s47500	MN234168	2
133077	PP889505_w2000_s36000	PP889505	2
133086	OK076929_w20000_s20000	OK076929	2
133092	PP680568_w2000_s137000	PP680568	2
133099	KX456210_w2000_s5000	KX456210	2
133121	MN562221_w1000_s96000	MN562221	2
133123	MN043730_w10000_s85000	MN043730	2
133128	OR896843_w2000_s90000	OR896843	2
133185	KJ019095_w1000_s220000	KJ019095	2
133187	OM835951_w20000_s20000	OM835951	2
133193	OR354826_w20000_s20000	OR354826	2
133212	MF158046_w1000_s107000	MF158046	2
133234	MG018928_w2000_s1000	MG018928	2
133237	NC_010811_w2000_s175000	NC_010811	2
133241	MF467948_w20000_s10000	MF467948	2
133249	KX397373_w1000_s39500	KX397373	2
133266	NC_048790_w1000_s33500	NC_048790	2
133272	NC_091964_w1000_s136000	NC_091964	2
133276	JF937090_w5000_s92500	JF937090	2
133293	MH779514_w5000_s25000	MH779514	2
133297	OL964745_w10000_s115000	OL964745	2
133307	OX335441_w2000_s6000	OX335441	2
133325	AP001553_w10000_s10000	AP001553	2
133340	MT774391_w20000_s30000	MT774391	2
133350	MT657342_w2000_s34000	MT657342	2
133355	KY554774_w20000_s0	KY554774	2
133361	NC_047888_w20000_s10000	NC_047888	2
133375	OL631482_w10000_s60000	OL631482	2
133379	PP429226_w2000_s101000	PP429226	2
133382	OR521066_w1000_s34500	OR521066	2
133392	NC_049855_w10000_s100000	NC_049855	2
133401	KX636165_w2000_s19000	KX636165	2
133410	NC_048013_w1000_s67500	NC_048013	2
133414	OR352950_w10000_s115000	OR352950	2
133425	MK719749_w10000_s15000	MK719749	2
133436	OR545057_w2000_s30000	OR545057	2
133450	KM677211_w5000_s7500	KM677211	2
133452	KY883649_w1000_s13000	KY883649	2
133478	MZ234009_w10000_s20000	MZ234009	2
133487	OP751147_w20000_s10000	OP751147	2
133491	NC_031001_w2000_s20000	NC_031001	2
133518	NC_047729_w10000_s115000	NC_047729	2
133527	PP496443_w10000_s165000	PP496443	2
133538	MN095771_w1000_s58500	MN095771	2
133555	NC_016564_w5000_s22500	NC_016564	2
133570	OZ196117_w2000_s95000	OZ196117	2
133584	NC_047819_w1000_s34500	NC_047819	2
133604	MN023188_w10000_s15000	MN023188	2
133623	OM386660_w1000_s7500	OM386660	2
133629	NC_023715_w5000_s22500	NC_023715	2
133641	MN871486_w20000_s30000	MN871486	2
133646	OQ599309_w5000_s155000	OQ599309	2
133650	MH590591_w20000_s0	MH590591	2
133657	KU686210_w10000_s40000	KU686210	2
133670	MT366946_w5000_s62500	MT366946	2
133677	KX397373_w5000_s167500	KX397373	2
133680	OQ743452_w2000_s22000	OQ743452	2
133685	OL539441_w2000_s29000	OL539441	2
133690	OQ680521_w10000_s20000	OQ680521	2
133704	OZ195903_w5000_s40000	OZ195903	2
133716	LC727699_w1000_s21500	LC727699	2
133722	MT497087_w1000_s58500	MT497087	2
133735	PP738775_w20000_s10000	PP738775	2
133743	OR896855_w20000_s10000	OR896855	2
133749	MK327942_w1000_s19000	MK327942	2
133752	MH001459_w1000_s20500	MH001459	2
133778	KX349296_w5000_s165000	KX349296	2
133810	MW824434_w20000_s40000	MW824434	2
133817	NC_054923_w10000_s20000	NC_054923	2
133825	MK510980_w10000_s5000	MK510980	2
133835	MH779514_w20000_s20000	MH779514	2
133838	MH553563_w2000_s154000	MH553563	2
133847	FM164764_w5000_s20000	FM164764	2
133862	NC_042030_w5000_s10000	NC_042030	2
133872	NC_070703_w5000_s7500	NC_070703	2
133885	MK373792_w1000_s15000	MK373792	2
133889	PP738775_w2000_s63000	PP738775	2
133890	NC_031048_w2000_s25000	NC_031048	2
133896	NC_042111_w10000_s30000	NC_042111	2
133906	PQ657809_w10000_s0	PQ657809	2
133924	PQ768829_w20000_s70000	PQ768829	2
133937	KU884563_w5000_s20000	KU884563	2
133940	KJ019094_w20000_s150000	KJ019094	2
133944	NC_007924_w10000_s20000	NC_007924	2
133945	ON528731_w20000_s50000	ON528731	2
133949	MG757163_w20000_s20000	MG757163	2
133955	OQ884028_w5000_s30000	OQ884028	2
133977	MN871446_w2000_s260000	MN871446	2
133984	PQ741606_w1000_s33500	PQ741606	2
133987	OM867676_w5000_s17500	OM867676	2
133996	MK112535_w2000_s29000	MK112535	2
134008	AM910650_w5000_s35000	AM910650	2
134019	MK448705_w10000_s25000	MK448705	2
134021	OQ378934_w10000_s80000	OQ378934	2
134023	PQ374146_w20000_s0	PQ374146	2
134027	NC_053011_w2000_s9000	NC_053011	2
134033	EU826467_w10000_s30000	EU826467	2
134040	MT682710_w1000_s106000	MT682710	2
134046	KT804923_w20000_s0	KT804923	2
134054	PQ657809_w1000_s88500	PQ657809	2
134058	NC_023603_w20000_s30000	NC_023603	2
134084	PP301341_w5000_s50000	PP301341	2
134092	OR844999_w5000_s0	OR844999	2
134099	MK359329_w10000_s50000	MK359329	2
134111	PQ516283_w10000_s45000	PQ516283	2
134114	OZ196140_w2000_s70000	OZ196140	2
134115	NC_042346_w10000_s30000	NC_042346	2
134123	OP352124_w2000_s120000	OP352124	2
134131	MH697590_w5000_s145000	MH697590	2
134135	NC_042111_w20000_s10000	NC_042111	2
134141	OL964735_w2000_s61000	OL964735	2
134149	AF424781_w2000_s25000	AF424781	2
134154	ON113181_w2000_s16000	ON113181	2
134156	PQ114736_w2000_s94000	PQ114736	2
134158	LC727699_w20000_s240000	LC727699	2
134160	OR354830_w10000_s25000	OR354830	2
134171	OR896255_w10000_s10000	OR896255	2
134175	KF279411_w2000_s34000	KF279411	2
134179	OQ818670_w20000_s0	OQ818670	2
134186	OZ196571_w20000_s0	OZ196571	2
134188	OP947159_w2000_s28000	OP947159	2
134191	KX397371_w1000_s72500	KX397371	2
134209	MW269554_w10000_s35000	MW269554	2
134211	NC_051695_w10000_s25000	NC_051695	2
134243	NC_054908_w10000_s0	NC_054908	2
134257	NC_007581_w10000_s35000	NC_007581	2
134275	PQ571282_w5000_s7500	PQ571282	2
134282	OV032860_w5000_s60000	OV032860	2
134283	ON602738_w10000_s5000	ON602738	2
134303	MG065664_w1000_s59500	MG065664	2
134317	LC616033_w2000_s59000	LC616033	2
134332	OR352950_w5000_s12500	OR352950	2
134334	MT496971_w2000_s10000	MT496971	2
134341	OR539218_w5000_s112500	OR539218	2
134348	MH745368_w1000_s72000	MH745368	2
134355	KX227757_w5000_s32500	KX227757	2
134385	NC_025115_w1000_s33500	NC_025115	2
134388	MF374379_w10000_s20000	MF374379	2
134399	OQ095916_w1000_s11000	OQ095916	2
134405	PQ285366_w20000_s20000	PQ285366	2
134406	MN098329_w1000_s1500	MN098329	2
134417	KF669653_w20000_s10000	KF669653	2
134421	OK499971_w20000_s0	OK499971	2
134438	DQ997624_w1000_s54000	DQ997624	2
134439	OP172809_w2000_s36000	OP172809	2
134443	MN428065_w1000_s63000	MN428065	2
134451	MT553335_w5000_s117500	MT553335	2
134455	NC_071077_w2000_s10000	NC_071077	2
134461	PQ133612_w10000_s5000	PQ133612	2
134464	NC_070951_w20000_s20000	NC_070951	2
134475	OP263967_w2000_s58000	OP263967	2
134481	OZ196868_w20000_s40000	OZ196868	2
134482	NC_031022_w20000_s80000	NC_031022	2
134487	OR125554_w20000_s100000	OR125554	2
134504	KY951964_w10000_s15000	KY951964	2
134506	MK279842_w5000_s12500	MK279842	2
134510	PP395642_w20000_s0	PP395642	2
134518	PP738791_w5000_s37500	PP738791	2
134528	KP137434_w20000_s0	KP137434	2
134531	AY453853_w2000_s20000	AY453853	2
134545	OR896260_w2000_s2000	OR896260	2
134546	MF158044_w10000_s35000	MF158044	2
134561	OL539446_w20000_s20000	OL539446	2
134562	OR640346_w5000_s52500	OR640346	2
134585	MZ150784_w2000_s5000	MZ150784	2
134587	OM634661_w10000_s75000	OM634661	2
134590	MT498037_w2000_s47000	MT498037	2
134593	NC_048715_w10000_s30000	NC_048715	2
134606	MK719749_w2000_s35000	MK719749	2
134611	OZ196174_w10000_s15000	OZ196174	2
134615	ON190024_w5000_s87500	ON190024	2
134618	MG770379_w10000_s115000	MG770379	2
134628	NC_005178_w1000_s28500	NC_005178	2
134648	OZ196887_w10000_s55000	OZ196887	2
134658	MN518894_w5000_s10000	MN518894	2
134664	OP913464_w2000_s56000	OP913464	2
134676	NC_073679_w10000_s0	NC_073679	2
134678	MG763894_w1000_s31000	MG763894	2
134698	NC_023741_w2000_s48000	NC_023741	2
134717	MW149275_w20000_s70000	MW149275	2
134730	KJ019094_w5000_s67500	KJ019094	2
134743	MW546067_w10000_s20000	MW546067	2
134787	MH697581_w1000_s27500	MH697581	2
134789	LC727884_w20000_s10000	LC727884	2
134795	OZ196338_w20000_s50000	OZ196338	2
134799	PQ114736_w2000_s116000	PQ114736	2
134833	OQ466432_w20000_s90000	OQ466432	2
134834	NC_042025_w1000_s25500	NC_042025	2
134838	KX130727_w10000_s40000	KX130727	2
134853	OZ196095_w2000_s38000	OZ196095	2
134864	OZ196552_w10000_s40000	OZ196552	2
134872	NC_047996_w20000_s10000	NC_047996	2
134915	MG592496_w5000_s20000	MG592496	2
134918	MZ501068_w20000_s30000	MZ501068	2
134933	KX397373_w10000_s200000	KX397373	2
134935	MT799840_w1000_s145000	MT799840	2
134941	OZ196428_w5000_s32500	OZ196428	2
134956	HQ641351_w20000_s40000	HQ641351	2
134970	MG065658_w1000_s92000	MG065658	2
134972	NC_073679_w5000_s80000	NC_073679	2
134973	KJ019128_w1000_s145500	KJ019128	2
134978	PQ480333_w5000_s32500	PQ480333	2
134979	NC_091964_w1000_s29000	NC_091964	2
134988	MZ501099_w2000_s30000	MZ501099	2
134997	OX638287_w1000_s47500	OX638287	2
135002	MK310138_w20000_s10000	MK310138	2
135010	NC_015938_w10000_s0	NC_015938	2
135020	OZ195733_w20000_s0	OZ195733	2
135032	NC_028818_w5000_s15000	NC_028818	2
135047	OZ196076_w10000_s65000	OZ196076	2
135056	OZ196209_w10000_s0	OZ196209	2
135058	NC_049410_w5000_s2500	NC_049410	2
135072	NC_007610_w10000_s60000	NC_007610	2
135073	MT310865_w2000_s106000	MT310865	2
135074	NC_031001_w10000_s15000	NC_031001	2
135078	NC_028907_w10000_s30000	NC_028907	2
135083	LC727887_w20000_s0	LC727887	2
135087	KP137434_w2000_s12000	KP137434	2
135096	KX657796_w20000_s30000	KX657796	2
135098	KC900379_w10000_s35000	KC900379	2
135115	OR352950_w20000_s70000	OR352950	2
135120	LC727699_w2000_s4000	LC727699	2
135134	NC_028755_w1000_s109500	NC_028755	2
135142	OZ195913_w20000_s110000	OZ195913	2
135157	MW822536_w1000_s13500	MW822536	2
135172	MH059636_w20000_s120000	MH059636	2
135174	KF006818_w20000_s30000	KF006818	2
135182	NC_053247_w20000_s30000	NC_053247	2
135192	MW419084_w10000_s115000	MW419084	2
135207	MN988462_w5000_s17500	MN988462	2
135215	KU686210_w2000_s109000	KU686210	2
135216	MH926058_w20000_s0	MH926058	2
135225	MN850614_w10000_s0	MN850614	2
135226	PQ819475_w1000_s119500	PQ819475	2
135227	MT596502_w5000_s120000	MT596502	2
135229	MN695334_w2000_s224000	MN695334	2
135232	NC_055900_w1000_s2500	NC_055900	2
135238	KX349296_w10000_s125000	KX349296	2
135242	KX774321_w20000_s30000	KX774321	2
135267	KX349296_w2000_s106000	KX349296	2
135271	KR080195_w10000_s10000	KR080195	2
135273	MH460463_w20000_s20000	MH460463	2
135274	ON528745_w10000_s15000	ON528745	2
135285	AY453853_w5000_s17500	AY453853	2
135290	MH045563_w5000_s27500	MH045563	2
135295	MH078572_w20000_s110000	MH078572	2
135300	OP172797_w10000_s5000	OP172797	2
135317	OK490457_w1000_s30000	OK490457	2
135334	KX228400_w10000_s20000	KX228400	2
135336	MK411746_w10000_s0	MK411746	2
135338	PQ999099_w5000_s2500	PQ999099	2
135358	AF489521_w10000_s20000	AF489521	2
135367	MZ308445_w10000_s5000	MZ308445	2
135372	MZ501094_w2000_s8000	MZ501094	2
135378	MT490303_w10000_s25000	MT490303	2
135395	OQ817842_w2000_s6000	OQ817842	2
135410	NC_031226_w20000_s10000	NC_031226	2
135432	DQ398050_w5000_s32500	DQ398050	2
135435	MT380195_w20000_s80000	MT380195	2
135442	OZ196094_w5000_s75000	OZ196094	2
135454	OZ038342_w1000_s500	OZ038342	2
135455	OQ749652_w10000_s35000	OQ749652	2
135471	KT438500_w5000_s25000	KT438500	2
135474	OP172869_w1000_s21000	OP172869	2
135486	MW822536_w10000_s0	MW822536	2
135497	MN988521_w20000_s130000	MN988521	2
135507	NC_052660_w5000_s92500	NC_052660	2
135511	MT679221_w5000_s147500	MT679221	2
135524	NC_050152_w20000_s30000	NC_050152	2
135532	MW202812_w1000_s39000	MW202812	2
135535	NC_054940_w2000_s116000	NC_054940	2
135559	PQ351672_w5000_s2500	PQ351672	2
135564	MN284893_w2000_s9000	MN284893	2
135575	LN881734_w20000_s10000	LN881734	2
135584	MG592545_w10000_s10000	MG592545	2
135592	OP380601_w10000_s220000	OP380601	2
135597	NC_048768_w5000_s40000	NC_048768	2
135600	KC801932_w5000_s67500	KC801932	2
135648	NC_022753_w5000_s17500	NC_022753	2
135675	MN850579_w20000_s100000	MN850579	2
135685	OL964735_w1000_s33500	OL964735	2
135690	MT585300_w1000_s43500	MT585300	2
135691	MW546072_w1000_s113500	MW546072	2
135703	MK719716_w5000_s37500	MK719716	2
135712	MK408758_w20000_s70000	MK408758	2
135716	MG208881_w20000_s20000	MG208881	2
135726	OZ035850_w20000_s10000	OZ035850	2
135731	NC_062736_w5000_s95000	NC_062736	2
135740	KX349261_w5000_s157500	KX349261	2
135754	PP208919_w10000_s20000	PP208919	2
135756	MT774376_w2000_s47000	MT774376	2
135759	MF405094_w2000_s21000	MF405094	2
135764	OP263967_w2000_s67000	OP263967	2
135765	MZ669808_w5000_s0	MZ669808	2
135768	MT310868_w5000_s55000	MT310868	2
135777	ON042478_w2000_s112000	ON042478	2
135815	MK305892_w2000_s20000	MK305892	2
135822	OY720014_w10000_s85000	OY720014	2
135828	NC_006884_w5000_s90000	NC_006884	2
135833	MH375594_w10000_s10000	MH375594	2
135837	MT496971_w20000_s20000	MT496971	2
135838	PQ867852_w20000_s0	PQ867852	2
135842	KU998245_w5000_s20000	KU998245	2
135859	OR532878_w10000_s35000	OR532878	2
135867	MN850614_w10000_s10000	MN850614	2
135874	MW584156_w5000_s42500	MW584156	2
135878	NC_017969_w20000_s70000	NC_017969	2
135881	OM634661_w20000_s10000	OM634661	2
135901	KU599879_w2000_s70000	KU599879	2
135913	MG592524_w20000_s0	MG592524	2
135916	PP579742_w1000_s74500	PP579742	2
135939	OK570374_w5000_s0	OK570374	2
135941	MN709127_w10000_s55000	MN709127	2
135943	MN988561_w20000_s180000	MN988561	2
135944	OZ196875_w20000_s20000	OZ196875	2
135950	KF183314_w10000_s20000	KF183314	2
135955	OR880647_w5000_s2500	OR880647	2
135958	MW021758_w2000_s46000	MW021758	2
135961	MW794151_w1000_s54000	MW794151	2
135962	KX808131_w5000_s20000	KX808131	2
135979	MT799840_w2000_s90000	MT799840	2
135987	KY744240_w5000_s30000	KY744240	2
135998	KY000082_w10000_s25000	KY000082	2
136000	OL964735_w5000_s95000	OL964735	2
136004	MK907234_w5000_s2500	MK907234	2
136007	MN850633_w5000_s67500	MN850633	2
136046	NC_005841_w2000_s12000	NC_005841	2
136059	OQ319934_w1000_s26000	OQ319934	2
136061	MZ443770_w5000_s87500	MZ443770	2
136064	MK719704_w20000_s0	MK719704	2
136076	NC_041993_w20000_s110000	NC_041993	2
136077	OM249648_w10000_s10000	OM249648	2
136084	AP008983_w20000_s100000	AP008983	2
136100	OZ196115_w20000_s50000	OZ196115	2
136104	NC_070860_w20000_s30000	NC_070860	2
136106	OR896280_w20000_s10000	OR896280	2
136112	JX163858_w1000_s45000	JX163858	2
136114	MZ078141_w5000_s62500	MZ078141	2
136149	PP597384_w10000_s100000	PP597384	2
136150	MH316565_w5000_s12500	MH316565	2
136162	MZ420150_w2000_s106000	MZ420150	2
136168	LR535921_w20000_s190000	LR535921	2
136177	OR532904_w5000_s2500	OR532904	2
136192	NC_048182_w10000_s175000	NC_048182	2
136194	MN270272_w2000_s28000	MN270272	2
136208	JF704094_w2000_s36000	JF704094	2
136216	MW349129_w20000_s220000	MW349129	2
136219	MH371116_w10000_s0	MH371116	2
136250	PQ505480_w10000_s25000	PQ505480	2
136255	LR595861_w1000_s32000	LR595861	2
136258	MZ417329_w20000_s60000	MZ417329	2
136264	MK719702_w5000_s72500	MK719702	2
136271	OQ319933_w5000_s42500	OQ319933	2
136299	MH399782_w5000_s32500	MH399782	2
136300	MG022439_w1000_s118500	MG022439	2
136301	NC_029073_w20000_s110000	NC_029073	2
136304	OZ196140_w5000_s82500	OZ196140	2
136315	LR595859_w1000_s25500	LR595859	2
136318	NC_042025_w1000_s16000	NC_042025	2
136321	MT799840_w1000_s92500	MT799840	2
136328	NC_091964_w5000_s127500	NC_091964	2
136361	OZ196869_w5000_s92500	OZ196869	2
136363	OZ195735_w10000_s30000	OZ195735	2
136383	NC_049430_w5000_s40000	NC_049430	2
136386	KJ019142_w20000_s30000	KJ019142	2
136389	DQ875742_w10000_s15000	DQ875742	2
136393	JN882298_w1000_s26500	JN882298	2
136402	OL964745_w5000_s20000	OL964745	2
136416	MG065646_w5000_s92500	MG065646	2
136431	NC_054929_w2000_s145000	NC_054929	2
136436	MH153806_w10000_s0	MH153806	2
136440	LN610572_w5000_s42500	LN610572	2
136464	OZ196086_w5000_s30000	OZ196086	2
136467	PP464953_w1000_s92500	PP464953	2
136471	JQ340389_w1000_s86500	JQ340389	2
136476	MN428065_w10000_s115000	MN428065	2
136484	OR896843_w1000_s16000	OR896843	2
136493	NC_055824_w2000_s38000	NC_055824	2
136499	MH929319_w1000_s42500	MH929319	2
136508	OP661216_w5000_s12500	OP661216	2
136526	PP824815_w1000_s42500	PP824815	2
136529	PP848851_w1000_s40500	PP848851	2
136546	OY725544_w20000_s0	OY725544	2
136602	KU599887_w20000_s20000	KU599887	2
136630	MT310863_w10000_s35000	MT310863	2
136647	KM983333_w2000_s4000	KM983333	2
136648	MG867727_w1000_s17000	MG867727	2
136649	MH460463_w2000_s184000	MH460463	2
136676	NC_030934_w1000_s23500	NC_030934	2
136683	PP910332_w2000_s33000	PP910332	2
136696	NC_028907_w2000_s64000	NC_028907	2
136699	MF919495_w1000_s37000	MF919495	2
136707	JF344709_w2000_s2000	JF344709	2
136715	HQ634190_w10000_s75000	HQ634190	2
136717	OL539471_w1000_s2000	OL539471	2
136732	PP582180_w2000_s119000	PP582180	2
136753	OP751154_w2000_s32000	OP751154	2
136754	OM835951_w20000_s110000	OM835951	2
136793	OY731444_w2000_s57000	OY731444	2
136810	MZ333456_w5000_s0	MZ333456	2
136815	OV877085_w1000_s76000	OV877085	2
136816	MH651171_w10000_s50000	MH651171	2
136839	OP617748_w10000_s5000	OP617748	2
136888	OK138555_w1000_s41500	OK138555	2
136895	OZ195716_w20000_s0	OZ195716	2
136896	MN270272_w5000_s30000	MN270272	2
136897	OQ999401_w2000_s5000	OQ999401	2
136905	ON881243_w5000_s17500	ON881243	2
136911	OR608735_w10000_s195000	OR608735	2
136940	PP579742_w5000_s52500	PP579742	2
136955	JF704116_w5000_s32500	JF704116	2
136959	NC_028448_w2000_s152000	NC_028448	2
136971	MH077580_w2000_s22000	MH077580	2
136977	MZ368140_w10000_s5000	MZ368140	2
136988	MN988544_w10000_s15000	MN988544	2
136995	NC_070945_w1000_s28000	NC_070945	2
137005	KJ538721_w5000_s57500	KJ538721	2
137018	MK359331_w20000_s30000	MK359331	2
137051	NC_028877_w2000_s28000	NC_028877	2
137080	MH651171_w1000_s4000	MH651171	2
137098	MG065641_w2000_s23000	MG065641	2
137123	JX163858_w20000_s140000	JX163858	2
137133	KT361920_w1000_s6000	KT361920	2
137153	NC_047882_w10000_s65000	NC_047882	2
137159	MH078572_w10000_s60000	MH078572	2
137173	MH697590_w1000_s132500	MH697590	2
137188	MK510980_w2000_s27000	MK510980	2
137206	NC_029042_w5000_s115000	NC_029042	2
137211	MN197465_w5000_s70000	MN197465	2
137212	NC_048711_w10000_s20000	NC_048711	2
137216	OR253900_w5000_s17500	OR253900	2
137229	NC_021349_w1000_s153500	NC_021349	2
137232	JX483879_w20000_s20000	JX483879	2
137261	KU998252_w10000_s0	KU998252	2
137262	MN709128_w2000_s54000	MN709128	2
137264	MZ375243_w1000_s31500	MZ375243	2
137290	MW824416_w10000_s30000	MW824416	2
137291	MT129653_w20000_s30000	MT129653	2
137294	OL774874_w5000_s27500	OL774874	2
137296	KR093652_w20000_s0	KR093652	2
137297	OR712157_w20000_s100000	OR712157	2
137302	ON456339_w5000_s45000	ON456339	2
137309	PP579743_w5000_s5000	PP579743	2
137311	OQ817842_w1000_s1000	OQ817842	2
137322	MK448689_w1000_s24000	MK448689	2
137338	NC_048718_w20000_s10000	NC_048718	2
137339	ON170315_w2000_s23000	ON170315	2
137348	KY499642_w2000_s133000	KY499642	2
137361	MN988466_w10000_s0	MN988466	2
137362	PQ510734_w20000_s120000	PQ510734	2
137391	NC_027342_w1000_s16000	NC_027342	2
137398	OZ196412_w5000_s22500	OZ196412	2
137405	MN197465_w1000_s98000	MN197465	2
137407	NC_061444_w5000_s255000	NC_061444	2
137413	MG065662_w10000_s75000	MG065662	2
137440	OP172695_w20000_s0	OP172695	2
137442	OR532824_w10000_s0	OR532824	2
137502	MN270887_w5000_s25000	MN270887	2
137503	MT723935_w5000_s35000	MT723935	2
137517	PP724615_w1000_s80000	PP724615	2
137533	KX346249_w5000_s25000	KX346249	2
137550	MN871446_w1000_s91000	MN871446	2
137576	NC_047835_w1000_s106000	NC_047835	2
137589	PP541513_w1000_s33000	PP541513	2
137621	NC_062736_w10000_s40000	NC_062736	2
137640	OQ135104_w5000_s7500	OQ135104	2
137647	MT818426_w20000_s20000	MT818426	2
137651	NC_031029_w5000_s12500	NC_031029	2
137653	CP062422_w20000_s10000	CP062422	2
137663	OP596612_w10000_s10000	OP596612	2
137667	KT804923_w5000_s87500	KT804923	2
137669	NC_022753_w5000_s37500	NC_022753	2
137686	AY954956_w5000_s37500	AY954956	2
137693	KX379672_w2000_s22000	KX379672	2
137704	MW602648_w10000_s45000	MW602648	2
137705	OZ196215_w20000_s30000	OZ196215	2
137706	NC_047822_w10000_s75000	NC_047822	2
137740	MT074476_w1000_s41500	MT074476	2
137745	MT080600_w1000_s120000	MT080600	2
137755	MF448566_w1000_s29000	MF448566	2
137771	MN586013_w10000_s15000	MN586013	2
137779	OM386659_w20000_s120000	OM386659	2
137787	OZ196338_w20000_s60000	OZ196338	2
137788	PQ006936_w5000_s0	PQ006936	2
137798	NC_049428_w10000_s55000	NC_049428	2
137804	PQ096439_w5000_s45000	PQ096439	2
137810	MN895434_w5000_s55000	MN895434	2
137825	NC_070945_w5000_s15000	NC_070945	2
137833	KX557273_w20000_s20000	KX557273	2
137894	KT870145_w20000_s100000	KT870145	2
137898	KT266805_w10000_s50000	KT266805	2
137917	KM677211_w20000_s40000	KM677211	2
137931	KY883635_w1000_s90000	KY883635	2
137941	KP790010_w20000_s50000	KP790010	2
137945	OQ378934_w5000_s70000	OQ378934	2
137969	KJ133693_w20000_s20000	KJ133693	2
137973	MG592632_w2000_s28000	MG592632	2
137978	MH651178_w10000_s40000	MH651178	2
138037	OZ196426_w10000_s65000	OZ196426	2
138043	OR896260_w2000_s18000	OR896260	2
138046	NC_048711_w20000_s20000	NC_048711	2
138056	NC_049813_w20000_s0	NC_049813	2
138102	MN994500_w5000_s15000	MN994500	2
138103	KT184309_w10000_s85000	KT184309	2
138107	OQ603359_w2000_s204000	OQ603359	2
138113	OP617748_w20000_s30000	OP617748	2
138117	OL770259_w20000_s110000	OL770259	2
138121	PP496460_w10000_s10000	PP496460	2
138123	PQ463998_w5000_s30000	PQ463998	2
138125	MK408758_w2000_s88000	MK408758	2
138137	NC_050152_w1000_s13500	NC_050152	2
138139	DQ997624_w2000_s3000	DQ997624	2
138161	MH779514_w10000_s20000	MH779514	2
138162	NC_018281_w5000_s25000	NC_018281	2
138166	AY176327_w20000_s0	AY176327	2
138178	NC_010811_w1000_s183500	NC_010811	2
138200	JQ086369_w1000_s28000	JQ086369	2
138210	MN027503_w1000_s87500	MN027503	2
138211	MG775042_w10000_s5000	MG775042	2
138212	NC_054976_w5000_s35000	NC_054976	2
138213	LR877331_w20000_s40000	LR877331	2
138225	JN831653_w20000_s10000	JN831653	2
138236	MN562221_w20000_s0	MN562221	2
138241	LC768496_w10000_s65000	LC768496	2
138261	MW021758_w1000_s30500	MW021758	2
138264	KP881232_w5000_s0	KP881232	2
138285	MN988544_w5000_s20000	MN988544	2
138298	MN101230_w10000_s90000	MN101230	2
138300	NC_030920_w1000_s105000	NC_030920	2
138304	LC616062_w1000_s59500	LC616062	2
138307	OQ860964_w2000_s5000	OQ860964	2
138323	MH807819_w1000_s15000	MH807819	2
138332	KM677211_w10000_s50000	KM677211	2
138337	OQ417965_w2000_s38000	OQ417965	2
138338	KY653119_w2000_s24000	KY653119	2
138340	OP559179_w10000_s20000	OP559179	2
138366	PP885687_w1000_s71000	PP885687	2
138372	OR492274_w20000_s10000	OR492274	2
138374	MN871446_w20000_s110000	MN871446	2
138384	NC_048851_w2000_s34000	NC_048851	2
138388	NC_051616_w1000_s13000	NC_051616	2
138426	MK719749_w1000_s23000	MK719749	2
138434	NC_007581_w5000_s20000	NC_007581	2
138435	MK719749_w10000_s25000	MK719749	2
138440	PP856727_w2000_s101000	PP856727	2
138442	ON548417_w1000_s7500	ON548417	2
138451	MF036691_w20000_s140000	MF036691	2
138454	NC_047778_w20000_s10000	NC_047778	2
138456	OQ129425_w1000_s53500	OQ129425	2
138457	MN043729_w20000_s40000	MN043729	2
138458	OQ999401_w20000_s70000	OQ999401	2
138463	MH045559_w20000_s10000	MH045559	2
138478	MK448812_w10000_s15000	MK448812	2
138480	PP704628_w1000_s22500	PP704628	2
138481	PQ824230_w20000_s130000	PQ824230	2
138489	PP724615_w5000_s92500	PP724615	2
138508	MN101230_w1000_s78500	MN101230	2
138512	OM913585_w2000_s46000	OM913585	2
138534	MT325768_w1000_s32500	MT325768	2
138553	OM913585_w10000_s40000	OM913585	2
138557	NC_049430_w10000_s55000	NC_049430	2
138564	LC727887_w5000_s32500	LC727887	2
138566	MK005300_w1000_s57500	MK005300	2
138578	OR125554_w10000_s100000	OR125554	2
138604	KR935216_w2000_s6000	KR935216	2
138610	PQ287319_w1000_s159500	PQ287319	2
138611	MZ747512_w5000_s30000	MZ747512	2
138612	MZ234053_w5000_s25000	MZ234053	2
138622	NC_029042_w20000_s100000	NC_029042	2
138644	MT118296_w20000_s10000	MT118296	2
138645	MK728541_w2000_s3000	MK728541	2
138666	MN994500_w1000_s49500	MN994500	2
138671	NC_048102_w10000_s70000	NC_048102	2
138679	MW584155_w5000_s20000	MW584155	2
138684	MG925338_w2000_s35000	MG925338	2
138686	OX335405_w10000_s65000	OX335405	2
138726	MH375595_w20000_s0	MH375595	2
138733	KM677211_w10000_s40000	KM677211	2
138738	NC_048018_w5000_s10000	NC_048018	2
138771	MZ501046_w2000_s147000	MZ501046	2
138776	KX066068_w5000_s2500	KX066068	2
138804	NC_073438_w1000_s7000	NC_073438	2
138814	OY720021_w2000_s4000	OY720021	2
138823	OZ196605_w10000_s5000	OZ196605	2
138835	MT325768_w20000_s50000	MT325768	2
138843	NC_051695_w5000_s22500	NC_051695	2
138856	NC_027366_w5000_s67500	NC_027366	2
138857	PP274704_w5000_s50000	PP274704	2
138859	MK448812_w20000_s20000	MK448812	2
138870	MN695334_w20000_s110000	MN695334	2
138871	NC_054945_w20000_s60000	NC_054945	2
138877	MZ171373_w20000_s40000	MZ171373	2
138887	KX160206_w2000_s10000	KX160206	2
138895	KX431560_w10000_s125000	KX431560	2
138901	OK499980_w1000_s74500	OK499980	2
138904	NC_041961_w2000_s10000	NC_041961	2
138905	KY499642_w10000_s95000	KY499642	2
138923	LT960608_w5000_s32500	LT960608	2
138938	MK448689_w20000_s10000	MK448689	2
138940	MN038177_w2000_s9000	MN038177	2
138952	KP209285_w2000_s24000	KP209285	2
138953	NC_049432_w10000_s15000	NC_049432	2
138958	PP438421_w2000_s28000	PP438421	2
138959	MH450116_w10000_s15000	MH450116	2
138999	OP172712_w5000_s2500	OP172712	2
139005	MK450429_w5000_s115000	MK450429	2
139010	MZ398241_w5000_s25000	MZ398241	2
139023	PQ516283_w2000_s153000	PQ516283	2
139035	HQ634190_w5000_s160000	HQ634190	2
139058	NC_024212_w2000_s6000	NC_024212	2
139068	MH299806_w1000_s13500	MH299806	2
139077	OP985600_w2000_s27000	OP985600	2
139096	OZ195689_w10000_s20000	OZ195689	2
139098	MH576958_w2000_s15000	MH576958	2
139100	HQ186308_w20000_s0	HQ186308	2
139102	MG065646_w2000_s23000	MG065646	2
139119	MW927514_w10000_s25000	MW927514	2
139120	KY709296_w5000_s25000	KY709296	2
139121	KX397371_w10000_s170000	KX397371	2
139139	OR896840_w1000_s107500	OR896840	2
139151	MT074141_w20000_s90000	MT074141	2
139161	LC739534_w10000_s85000	LC739534	2
139177	OZ035738_w1000_s7500	OZ035738	2
139193	PP582180_w1000_s71500	PP582180	2
139219	KX349296_w20000_s100000	KX349296	2
139228	OZ196516_w5000_s42500	OZ196516	2
139238	OR521065_w5000_s5000	OR521065	2
139254	NC_047715_w1000_s106500	NC_047715	2
139256	MT310865_w1000_s53000	MT310865	2
139274	OP785155_w20000_s0	OP785155	2
139276	ON170185_w2000_s12000	ON170185	2
139279	MF919515_w2000_s2000	MF919515	2
139283	MN988466_w20000_s10000	MN988466	2
139294	OX335403_w20000_s20000	OX335403	2
139307	PP468606_w5000_s5000	PP468606	2
139314	LT714109_w5000_s32500	LT714109	2
139320	OZ035850_w2000_s137000	OZ035850	2
139328	PQ249396_w10000_s25000	PQ249396	2
139329	OY720014_w10000_s145000	OY720014	2
139330	OZ195945_w1000_s84500	OZ195945	2
139341	NC_030920_w5000_s40000	NC_030920	2
139362	OZ196403_w2000_s39000	OZ196403	2
139374	MZ398241_w5000_s15000	MZ398241	2
139384	KP876466_w10000_s20000	KP876466	2
139385	OQ095916_w10000_s35000	OQ095916	2
139396	MW546072_w20000_s110000	MW546072	2
139413	NC_006884_w1000_s89500	NC_006884	2
139420	KY000082_w2000_s12000	KY000082	2
139422	MT732470_w2000_s44000	MT732470	2
139465	NC_030915_w10000_s5000	NC_030915	2
139466	OZ195923_w5000_s15000	OZ195923	2
139475	NC_048153_w5000_s17500	NC_048153	2
139476	MG757163_w10000_s30000	MG757163	2
139478	MG209611_w5000_s42500	MG209611	2
139484	MW712735_w1000_s11000	MW712735	2
139519	JX181825_w2000_s25000	JX181825	2
139533	ON529864_w1000_s23500	ON529864	2
139548	LR595861_w5000_s7500	LR595861	2
139557	NC_042111_w1000_s18000	NC_042111	2
139571	MZ388555_w20000_s10000	MZ388555	2
139577	EU676000_w1000_s52500	EU676000	2
139586	OR896850_w5000_s0	OR896850	2
139587	AB255436_w10000_s5000	AB255436	2
139589	NC_027292_w5000_s27500	NC_027292	2
139596	ON716453_w20000_s0	ON716453	2
139607	MH479914_w1000_s7500	MH479914	2
139610	ON548418_w1000_s30000	ON548418	2
139617	MT416090_w1000_s66000	MT416090	2
139628	OQ999401_w2000_s16000	OQ999401	2
139630	GU936714_w5000_s30000	GU936714	2
139636	MK373792_w10000_s10000	MK373792	2
139650	KX349270_w1000_s44500	KX349270	2
139654	PQ666539_w20000_s30000	PQ666539	2
139671	MH688040_w2000_s36000	MH688040	2
139697	LC788704_w5000_s85000	LC788704	2
139713	NC_015210_w1000_s25000	NC_015210	2
139721	PQ819475_w1000_s165500	PQ819475	2
139747	JX415535_w5000_s25000	JX415535	2
139756	JN797797_w2000_s122000	JN797797	2
139763	MG065664_w20000_s20000	MG065664	2
139770	PP856728_w20000_s40000	PP856728	2
139775	ON081329_w20000_s30000	ON081329	2
139778	OR983333_w2000_s30000	OR983333	2
139796	NC_073063_w10000_s15000	NC_073063	2
139802	NC_006884_w10000_s35000	NC_006884	2
139803	MF975721_w2000_s10000	MF975721	2
139807	NC_026923_w5000_s15000	NC_026923	2
139820	KT970645_w10000_s25000	KT970645	2
139828	OL631482_w20000_s110000	OL631482	2
139839	KF623294_w10000_s80000	KF623294	2
139853	PP579743_w5000_s17500	PP579743	2
139870	MN988561_w10000_s135000	MN988561	2
139874	KX397371_w10000_s10000	KX397371	2
139895	NC_051665_w2000_s11000	NC_051665	2
139900	MW353175_w20000_s30000	MW353175	2
139930	NC_048069_w2000_s24000	NC_048069	2
139941	JX415535_w10000_s50000	JX415535	2
139948	NC_031007_w5000_s90000	NC_031007	2
139955	MG944224_w1000_s36000	MG944224	2
139962	FJ236310_w20000_s10000	FJ236310	2
139984	NC_023552_w20000_s0	NC_023552	2
139991	OR125554_w1000_s23500	OR125554	2
139998	MN027503_w10000_s25000	MN027503	2
140012	PQ096439_w1000_s91500	PQ096439	2
140014	PQ309151_w10000_s130000	PQ309151	2
140016	KU886223_w5000_s90000	KU886223	2
140025	PQ758384_w20000_s0	PQ758384	2
140030	MW421579_w10000_s25000	MW421579	2
140035	MH992121_w1000_s10500	MH992121	2
140036	MF630922_w2000_s14000	MF630922	2
140038	NC_053235_w5000_s17500	NC_053235	2
140045	MT074137_w5000_s15000	MT074137	2
140051	OZ195848_w2000_s90000	OZ195848	2
140100	OM728298_w20000_s70000	OM728298	2
140134	PP824815_w2000_s16000	PP824815	2
140140	LR595865_w20000_s10000	LR595865	2
140144	JX181828_w2000_s1000	JX181828	2
140156	NC_070692_w5000_s7500	NC_070692	2
140164	NC_054945_w20000_s90000	NC_054945	2
140200	PQ464597_w2000_s161000	PQ464597	2
140205	MW862982_w1000_s6000	MW862982	2
140206	MW419086_w2000_s58000	MW419086	2
140208	MN850605_w10000_s25000	MN850605	2
140210	OZ196426_w5000_s57500	OZ196426	2
140233	KT321476_w2000_s135000	KT321476	2
140234	NC_049855_w1000_s40000	NC_049855	2
140236	ON970619_w1000_s10500	ON970619	2
140240	NC_024368_w1000_s32000	NC_024368	2
140245	OP978391_w20000_s20000	OP978391	2
140246	PP971806_w5000_s45000	PP971806	2
140259	OQ504984_w2000_s77000	OQ504984	2
140262	ON540300_w2000_s3000	ON540300	2
140279	NC_055034_w2000_s44000	NC_055034	2
140286	KF713485_w5000_s40000	KF713485	2
140309	OR354826_w1000_s28500	OR354826	2
140312	MW824434_w10000_s10000	MW824434	2
140315	MZ501052_w2000_s59000	MZ501052	2
140318	NC_054965_w10000_s40000	NC_054965	2
140347	OM634661_w20000_s70000	OM634661	2
140349	OL964735_w2000_s156000	OL964735	2
140351	NC_052660_w20000_s0	NC_052660	2
140353	PQ492289_w2000_s37000	PQ492289	2
140366	NC_047729_w20000_s20000	NC_047729	2
140383	OX241561_w10000_s0	OX241561	2
140390	KY554774_w2000_s29000	KY554774	2
140394	LN881734_w20000_s100000	LN881734	2
140398	NC_028836_w5000_s20000	NC_028836	2
140401	NC_027366_w5000_s42500	NC_027366	2
140402	NC_029042_w10000_s80000	NC_029042	2
140414	OL539443_w1000_s21000	OL539443	2
140420	MN197465_w1000_s100000	MN197465	2
140422	OZ035805_w20000_s20000	OZ035805	2
140437	OR148985_w20000_s0	OR148985	2
140441	HM114277_w10000_s55000	HM114277	2
140443	OR475271_w1000_s36500	OR475271	2
140459	NC_062736_w10000_s125000	NC_062736	2
140461	MZ171373_w2000_s25000	MZ171373	2
140486	MN709127_w2000_s67000	MN709127	2
140493	NC_054908_w1000_s101000	NC_054908	2
140507	MK112548_w20000_s0	MK112548	2
140508	OL702938_w2000_s26000	OL702938	2
140518	KF279412_w1000_s19500	KF279412	2
140524	LN610581_w20000_s30000	LN610581	2
140531	KM652554_w20000_s60000	KM652554	2
140534	JQ686190_w10000_s100000	JQ686190	2
140537	NC_073450_w1000_s2500	NC_073450	2
140550	NC_030950_w2000_s22000	NC_030950	2
140560	MW794176_w10000_s0	MW794176	2
140571	MG065645_w20000_s30000	MG065645	2
140584	PQ505478_w10000_s20000	PQ505478	2
140617	MT118292_w1000_s48500	MT118292	2
140632	MZ417350_w1000_s40500	MZ417350	2
140642	MF459646_w20000_s200000	MF459646	2
140644	MK448886_w5000_s15000	MK448886	2
140648	MZ501265_w10000_s45000	MZ501265	2
140650	MW349129_w20000_s170000	MW349129	2
140659	NC_003050_w20000_s0	NC_003050	2
140661	MH992121_w10000_s40000	MH992121	2
140662	KX119182_w2000_s13000	KX119182	2
140666	MZ634338_w10000_s10000	MZ634338	2
140675	HG934469_w1000_s25500	HG934469	2
140678	LC744188_w20000_s30000	LC744188	2
140707	NC_030934_w20000_s0	NC_030934	2
140742	OL960567_w20000_s70000	OL960567	2
140743	MH020246_w10000_s10000	MH020246	2
140745	NC_029021_w20000_s20000	NC_029021	2
140755	AY052766_w10000_s10000	AY052766	2
140773	OR532873_w1000_s30500	OR532873	2
140775	KU886223_w5000_s67500	KU886223	2
140815	ON170252_w10000_s5000	ON170252	2
140822	NC_055783_w10000_s60000	NC_055783	2
140827	MF375456_w5000_s20000	MF375456	2
140828	MW419087_w20000_s110000	MW419087	2
140839	MT074432_w10000_s30000	MT074432	2
140851	MG592524_w10000_s15000	MG592524	2
140872	NC_011222_w20000_s10000	NC_011222	2
140873	OP172797_w2000_s36000	OP172797	2
140874	KM279937_w1000_s27000	KM279937	2
140878	MW584185_w1000_s52000	MW584185	2
140880	NC_048132_w1000_s47500	NC_048132	2
140902	PQ533658_w20000_s20000	PQ533658	2
140908	KU599879_w10000_s45000	KU599879	2
140913	MN988497_w10000_s35000	MN988497	2
140926	ON540300_w2000_s10000	ON540300	2
140930	NC_048182_w1000_s162500	NC_048182	2
140948	PQ819472_w10000_s95000	PQ819472	2
140987	LN610572_w2000_s66000	LN610572	2
141038	MT863731_w2000_s88000	MT863731	2
141050	MK448705_w10000_s0	MK448705	2
141060	OZ196096_w1000_s19500	OZ196096	2
141062	MT863731_w10000_s55000	MT863731	2
141064	MN329677_w2000_s41000	MN329677	2
141066	AY176327_w1000_s20500	AY176327	2
141079	OM982621_w20000_s100000	OM982621	2
141085	MF919519_w1000_s51000	MF919519	2
141089	OZ196571_w2000_s24000	OZ196571	2
141097	MG208881_w5000_s35000	MG208881	2
141100	HG992588_w20000_s10000	HG992588	2
141101	NC_070692_w10000_s15000	NC_070692	2
141106	ON529865_w10000_s50000	ON529865	2
141111	MG775042_w20000_s0	MG775042	2
141113	MW419087_w1000_s36500	MW419087	2
141136	OL840900_w5000_s92500	OL840900	2
141138	MT554104_w2000_s96000	MT554104	2
141147	ON716453_w10000_s35000	ON716453	2
141149	OR613474_w20000_s20000	OR613474	2
141150	HQ641351_w5000_s52500	HQ641351	2
141160	MH001446_w5000_s17500	MH001446	2
141163	OP103920_w1000_s32500	OP103920	2
141166	PP978821_w20000_s0	PP978821	2
141194	OX335419_w5000_s25000	OX335419	2
141200	NC_047729_w1000_s89500	NC_047729	2
141225	MK994522_w5000_s5000	MK994522	2
141235	NC_019442_w20000_s10000	NC_019442	2
141242	MN038177_w1000_s69500	MN038177	2
141263	NC_007581_w10000_s10000	NC_007581	2
141265	MK994515_w2000_s199000	MK994515	2
141267	MT657342_w20000_s20000	MT657342	2
141268	PP680568_w10000_s130000	PP680568	2
141277	OL770260_w20000_s100000	OL770260	2
141278	JX006077_w1000_s48000	JX006077	2
141286	NC_052660_w20000_s60000	NC_052660	2
141296	OR413581_w1000_s166500	OR413581	2
141301	MN505213_w20000_s20000	MN505213	2
141304	MT679221_w2000_s237000	MT679221	2
141305	OR924234_w5000_s37500	OR924234	2
141307	NC_047715_w5000_s147500	NC_047715	2
141311	MZ501102_w2000_s57000	MZ501102	2
141329	NC_023552_w10000_s20000	NC_023552	2
141345	KX664455_w2000_s27000	KX664455	2
141352	NC_092455_w10000_s20000	NC_092455	2
141356	NC_016564_w5000_s67500	NC_016564	2
141359	ON470616_w20000_s0	ON470616	2
141362	MF405094_w5000_s37500	MF405094	2
141368	NC_020840_w2000_s35000	NC_020840	2
141370	NC_070777_w1000_s20000	NC_070777	2
141393	KX130865_w1000_s168500	KX130865	2
141416	MG763894_w20000_s90000	MG763894	2
141426	KJ019117_w10000_s25000	KJ019117	2
141431	OZ195950_w1000_s48500	OZ195950	2
141452	MT828552_w20000_s0	MT828552	2
141497	MK359318_w5000_s145000	MK359318	2
141513	KR052482_w2000_s72000	KR052482	2
141515	MN988521_w5000_s150000	MN988521	2
141517	MW247144_w1000_s17000	MW247144	2
141536	NC_023610_w5000_s212500	NC_023610	2
141546	KJ019105_w20000_s70000	KJ019105	2
141549	LR025195_w5000_s45000	LR025195	2
141550	OR475249_w10000_s35000	OR475249	2
141558	NC_027366_w5000_s2500	NC_027366	2
141570	MW629017_w1000_s81500	MW629017	2
141584	AY129338_w10000_s50000	AY129338	2
141610	MH744418_w5000_s145000	MH744418	2
141611	MW794147_w20000_s110000	MW794147	2
141617	OZ035784_w1000_s89500	OZ035784	2
141619	OP867021_w10000_s25000	OP867021	2
141621	MZ417321_w20000_s20000	MZ417321	2
141624	MN032614_w2000_s75000	MN032614	2
141626	NC_029074_w2000_s17000	NC_029074	2
141627	NC_007021_w10000_s5000	NC_007021	2
141636	NC_017969_w20000_s0	NC_017969	2
141661	ON239132_w5000_s7500	ON239132	2
141677	NC_025417_w5000_s25000	NC_025417	2
141680	PP723047_w20000_s40000	PP723047	2
141694	OL840900_w2000_s39000	OL840900	2
141702	NC_048851_w20000_s50000	NC_048851	2
141755	PP680568_w1000_s69000	PP680568	2
141758	NC_021784_w10000_s0	NC_021784	2
141762	PP400782_w1000_s148000	PP400782	2
141766	NC_021806_w1000_s48000	NC_021806	2
141775	ON814134_w2000_s28000	ON814134	2
141794	PP429226_w1000_s84500	PP429226	2
141812	KX349296_w1000_s27500	KX349296	2
141858	NC_031029_w20000_s30000	NC_031029	2
141894	OR896224_w20000_s10000	OR896224	2
141895	OZ196371_w10000_s5000	OZ196371	2
141897	OM249648_w1000_s12500	OM249648	2
141900	HQ634190_w10000_s165000	HQ634190	2
141901	NC_048084_w5000_s65000	NC_048084	2
141910	MT684598_w5000_s22500	MT684598	2
141922	PQ217616_w20000_s50000	PQ217616	2
141930	MZ892989_w5000_s2500	MZ892989	2
141937	OP867021_w10000_s5000	OP867021	2
141959	MH001446_w5000_s10000	MH001446	2
141960	MN901520_w20000_s30000	MN901520	2
141961	NC_021349_w1000_s124000	NC_021349	2
141973	KM606995_w20000_s80000	KM606995	2
141981	OZ196473_w1000_s29000	OZ196473	2
141982	NC_028836_w5000_s5000	NC_028836	2
141992	MN709127_w10000_s70000	MN709127	2
142004	MK814757_w5000_s42500	MK814757	2
142011	OR896834_w2000_s12000	OR896834	2
142012	OK340822_w1000_s12000	OK340822	2
142022	NC_031007_w5000_s150000	NC_031007	2
142023	PP213450_w5000_s70000	PP213450	2
142029	PP716131_w5000_s32500	PP716131	2
142051	NC_041898_w10000_s15000	NC_041898	2
142055	MG763894_w2000_s140000	MG763894	2
142079	MT080600_w10000_s55000	MT080600	2
142098	NC_041867_w2000_s11000	NC_041867	2
142104	NC_021305_w10000_s15000	NC_021305	2
142122	ON190024_w2000_s87000	ON190024	2
142133	MZ375290_w1000_s35500	MZ375290	2
142144	OM418627_w5000_s12500	OM418627	2
142163	OZ196117_w5000_s60000	OZ196117	2
142170	MH399782_w10000_s25000	MH399782	2
142186	KR902361_w5000_s40000	KR902361	2
142195	NC_019442_w5000_s25000	NC_019442	2
142196	NC_028881_w10000_s50000	NC_028881	2
142216	MH752840_w20000_s70000	MH752840	2
142218	FM164764_w1000_s12000	FM164764	2
142220	MW794147_w5000_s7500	MW794147	2
142226	MH078572_w20000_s100000	MH078572	2
142231	MT552976_w1000_s9000	MT552976	2
142235	KF623294_w2000_s208000	KF623294	2
142242	MT498037_w2000_s26000	MT498037	2
142295	KF279411_w20000_s10000	KF279411	2
142300	OQ466432_w5000_s127500	OQ466432	2
142308	MW250641_w10000_s15000	MW250641	2
142328	KY554774_w1000_s71500	KY554774	2
142338	LR778216_w20000_s10000	LR778216	2
142346	NC_062736_w5000_s60000	NC_062736	2
142356	OK095358_w1000_s37000	OK095358	2
142360	MH926058_w5000_s27500	MH926058	2
142365	OL780484_w20000_s20000	OL780484	2
142369	NC_010147_w1000_s13500	NC_010147	2
142378	MK524509_w5000_s5000	MK524509	2
142395	OQ859051_w10000_s5000	OQ859051	2
142398	OK076929_w2000_s2000	OK076929	2
142410	MW353175_w10000_s0	MW353175	2
142411	MT380195_w5000_s30000	MT380195	2
142414	MH045559_w1000_s20500	MH045559	2
142417	KC595511_w10000_s40000	KC595511	2
142420	AB285204_w5000_s0	AB285204	2
142421	MN813051_w20000_s0	MN813051	2
142429	NC_070823_w10000_s15000	NC_070823	2
142443	PQ184797_w10000_s30000	PQ184797	2
142445	ON548418_w5000_s2500	ON548418	2
142464	NC_042348_w2000_s11000	NC_042348	2
142469	PP468606_w1000_s34500	PP468606	2
142471	OL770259_w1000_s80000	OL770259	2
142482	MK279888_w10000_s5000	MK279888	2
142485	OQ129425_w10000_s75000	OQ129425	2
142492	MW057857_w20000_s30000	MW057857	2
142495	OZ195975_w10000_s60000	OZ195975	2
142507	MW546065_w2000_s71000	MW546065	2
142540	ON970584_w1000_s45500	ON970584	2
142576	MZ501046_w10000_s40000	MZ501046	2
142585	NC_023599_w10000_s5000	NC_023599	2
142587	OZ196125_w20000_s0	OZ196125	2
142594	PQ046925_w20000_s20000	PQ046925	2
142603	MH697587_w20000_s0	MH697587	2
142605	NC_048102_w5000_s45000	NC_048102	2
142633	MN585992_w5000_s25000	MN585992	2
142646	KJ019105_w1000_s186500	KJ019105	2
142668	MZ501046_w5000_s7500	MZ501046	2
142684	OM728302_w10000_s130000	OM728302	2
142699	NC_028763_w2000_s22000	NC_028763	2
142701	OR613469_w20000_s0	OR613469	2
142704	KJ473422_w10000_s45000	KJ473422	2
142707	JN371768_w1000_s49000	JN371768	2
142708	MZ420150_w20000_s70000	MZ420150	2
142734	KM606995_w20000_s90000	KM606995	2
142736	MH001446_w1000_s28500	MH001446	2
142738	KT373978_w5000_s65000	KT373978	2
142744	PP579743_w10000_s55000	PP579743	2
142760	MW546067_w5000_s10000	MW546067	2
142761	MT553343_w5000_s22500	MT553343	2
142764	MF919528_w10000_s35000	MF919528	2
142765	KP881232_w1000_s25000	KP881232	2
142780	MH779511_w10000_s15000	MH779511	2
142786	KF623294_w2000_s34000	KF623294	2
142788	KJ019141_w10000_s125000	KJ019141	2
142802	KJ019049_w2000_s94000	KJ019049	2
142805	OP068332_w1000_s30500	OP068332	2
142806	MK448727_w1000_s1000	MK448727	2
142815	NC_015938_w20000_s50000	NC_015938	2
142823	PP883967_w20000_s120000	PP883967	2
142824	KJ489402_w10000_s120000	KJ489402	2
142825	MH316562_w2000_s16000	MH316562	2
142832	MK310146_w10000_s20000	MK310146	2
142846	MN850614_w2000_s27000	MN850614	2
142850	MN988521_w1000_s88500	MN988521	2
142853	NC_041867_w2000_s27000	NC_041867	2
142858	OZ035784_w20000_s80000	OZ035784	2
142867	OZ196679_w2000_s12000	OZ196679	2
142872	NC_049506_w10000_s5000	NC_049506	2
142886	MG867727_w20000_s20000	MG867727	2
142895	OP172726_w2000_s5000	OP172726	2
142898	MT711526_w2000_s22000	MT711526	2
142902	OR594342_w10000_s15000	OR594342	2
142911	PP083312_w2000_s77000	PP083312	2
142921	OX335405_w1000_s95500	OX335405	2
142931	MN027503_w10000_s65000	MN027503	2
142932	MT197175_w10000_s25000	MT197175	2
142968	OZ196444_w1000_s56000	OZ196444	2
142973	PQ666542_w20000_s110000	PQ666542	2
142985	MH454083_w1000_s15000	MH454083	2
143010	KU599879_w1000_s78000	KU599879	2
143012	OK624832_w10000_s25000	OK624832	2
143016	MH078572_w10000_s85000	MH078572	2
143022	MF678790_w2000_s28000	MF678790	2
143035	OY720021_w5000_s32500	OY720021	2
143044	DQ832317_w20000_s80000	DQ832317	2
143049	OR413581_w2000_s51000	OR413581	2
143058	JQ965645_w10000_s85000	JQ965645	2
143064	MT129653_w5000_s70000	MT129653	2
143071	MH107770_w1000_s35000	MH107770	2
143079	MN954399_w10000_s50000	MN954399	2
143085	NC_019518_w10000_s10000	NC_019518	2
143088	PQ666542_w1000_s106000	PQ666542	2
143094	KX397373_w10000_s220000	KX397373	2
143113	MK138527_w2000_s25000	MK138527	2
143145	PP680568_w5000_s130000	PP680568	2
143160	PQ676986_w2000_s20000	PQ676986	2
143185	MN850611_w1000_s67000	MN850611	2
143186	PP496443_w20000_s160000	PP496443	2
143192	JX163858_w2000_s168000	JX163858	2
143195	PP464953_w20000_s110000	PP464953	2
143196	NC_061444_w2000_s248000	NC_061444	2
143206	NC_054808_w20000_s30000	NC_054808	2
143214	MN695334_w1000_s44500	MN695334	2
143223	OL770107_w20000_s10000	OL770107	2
143226	NC_021787_w2000_s8000	NC_021787	2
143235	MW460246_w2000_s66000	MW460246	2
143236	MK279842_w10000_s0	MK279842	2
143259	MH744418_w10000_s30000	MH744418	2
143262	OZ196706_w5000_s65000	OZ196706	2
143270	KX349318_w5000_s142500	KX349318	2
143285	MZ832314_w20000_s0	MZ832314	2
143286	NC_070973_w20000_s10000	NC_070973	2
143291	MN197465_w5000_s87500	MN197465	2
143323	PQ356295_w2000_s53000	PQ356295	2
143334	PP438421_w2000_s18000	PP438421	2
143335	OR539220_w20000_s50000	OR539220	2
143336	MT446387_w2000_s49000	MT446387	2
143337	NC_028881_w1000_s84500	NC_028881	2
143339	LR877331_w20000_s30000	LR877331	2
143351	NC_027366_w5000_s50000	NC_027366	2
143352	NC_031034_w1000_s19500	NC_031034	2
143371	NC_054937_w20000_s20000	NC_054937	2
143373	NC_047945_w5000_s2500	NC_047945	2
143383	DQ079884_w5000_s0	DQ079884	2
143386	NC_031256_w2000_s38000	NC_031256	2
143393	PQ114736_w1000_s2500	PQ114736	2
143395	MW021757_w20000_s40000	MW021757	2
143402	KX397371_w10000_s175000	KX397371	2
143410	PP661417_w2000_s4000	PP661417	2
143413	DQ832317_w10000_s105000	DQ832317	2
143427	PQ119497_w20000_s20000	PQ119497	2
143433	KT363731_w20000_s0	KT363731	2
143437	DQ398050_w20000_s20000	DQ398050	2
143448	NC_021298_w5000_s20000	NC_021298	2
143453	OQ221544_w10000_s50000	OQ221544	2
143458	MG209611_w10000_s55000	MG209611	2
143460	OL770107_w10000_s70000	OL770107	2
143510	OL825705_w10000_s65000	OL825705	2
143521	MT074475_w1000_s33000	MT074475	2
143536	NC_023728_w5000_s12500	NC_023728	2
143551	MZ375244_w1000_s35500	MZ375244	2
143564	NC_019522_w1000_s9000	NC_019522	2
143568	KJ858521_w1000_s16500	KJ858521	2
143588	ON210142_w1000_s22000	ON210142	2
143592	MG763894_w10000_s85000	MG763894	2
143611	LC788704_w20000_s50000	LC788704	2
143625	MH001459_w20000_s0	MH001459	2
143657	KT870145_w1000_s30500	KT870145	2
143676	MZ820085_w5000_s30000	MZ820085	2
143687	JF704094_w5000_s60000	JF704094	2
143690	MN850611_w20000_s50000	MN850611	2
143693	MG757164_w2000_s19000	MG757164	2
143714	NC_049444_w1000_s13500	NC_049444	2
143716	KY554777_w1000_s88500	KY554777	2
143719	MT490303_w2000_s33000	MT490303	2
143725	MK059749_w10000_s50000	MK059749	2
143737	PQ114736_w20000_s60000	PQ114736	2
143751	OZ195763_w10000_s65000	OZ195763	2
143756	NC_028817_w10000_s10000	NC_028817	2
143758	MT135371_w2000_s0	MT135371	2
143770	OR532796_w1000_s152000	OR532796	2
143775	OR896313_w20000_s10000	OR896313	2
143785	MT658804_w1000_s32500	MT658804	2
143789	MN197465_w5000_s22500	MN197465	2
143793	OM835951_w5000_s27500	OM835951	2
143798	NC_048084_w20000_s10000	NC_048084	2
143823	KP137439_w10000_s25000	KP137439	2
143825	MT889398_w10000_s5000	MT889398	2
143850	JX296113_w20000_s20000	JX296113	2
143869	MT497228_w10000_s25000	MT497228	2
143880	OP913464_w2000_s137000	OP913464	2
143881	MH807816_w10000_s30000	MH807816	2
143885	DQ832317_w10000_s115000	DQ832317	2
143888	PV052273_w5000_s7500	PV052273	2
143911	OK913679_w5000_s12500	OK913679	2
143928	PP763568_w1000_s28500	PP763568	2
143929	PP978799_w2000_s43000	PP978799	2
143957	MW055902_w1000_s24500	MW055902	2
143984	OZ196094_w10000_s5000	OZ196094	2
143987	OR880647_w1000_s56000	OR880647	2
143989	PQ463998_w5000_s0	PQ463998	2
144006	ON042478_w5000_s147500	ON042478	2
144007	KT970645_w10000_s20000	KT970645	2
144021	OP068332_w5000_s42500	OP068332	2
144026	OQ504984_w1000_s82500	OQ504984	2
144035	MH779511_w20000_s30000	MH779511	2
144042	MZ616364_w2000_s99000	MZ616364	2
144064	NC_054815_w10000_s15000	NC_054815	2
144068	JX181825_w2000_s155000	JX181825	2
144069	PQ351672_w2000_s14000	PQ351672	2
144080	OZ196106_w10000_s45000	OZ196106	2
144085	NC_047715_w10000_s105000	NC_047715	2
144086	MH590593_w20000_s10000	MH590593	2
144094	OR532873_w20000_s0	OR532873	2
144102	PQ201079_w10000_s5000	PQ201079	2
144103	JQ686190_w1000_s2500	JQ686190	2
144108	MF288922_w1000_s17500	MF288922	2
144113	OP297178_w10000_s5000	OP297178	2
144123	KU985092_w2000_s39000	KU985092	2
144130	KM652554_w20000_s40000	KM652554	2
144132	OZ035766_w1000_s85500	OZ035766	2
144148	NC_073079_w2000_s2000	NC_073079	2
144150	KR093652_w20000_s10000	KR093652	2
144162	JF937094_w1000_s31500	JF937094	2
144167	NC_054923_w10000_s0	NC_054923	2
144169	NC_070860_w2000_s12000	NC_070860	2
144173	OM249648_w1000_s187500	OM249648	2
144176	MG029510_w2000_s33000	MG029510	2
144179	NC_054937_w20000_s140000	NC_054937	2
144235	ON540300_w20000_s50000	ON540300	2
144240	MN284893_w10000_s15000	MN284893	2
144248	MT552976_w5000_s85000	MT552976	2
144250	OM210019_w1000_s20500	OM210019	2
144281	OQ267592_w10000_s10000	OQ267592	2
144309	MK240351_w1000_s61000	MK240351	2
144322	NC_047835_w20000_s60000	NC_047835	2
144327	NC_070777_w5000_s152500	NC_070777	2
144360	MN508618_w1000_s73000	MN508618	2
144368	MK813939_w5000_s20000	MK813939	2
144373	ON170268_w20000_s10000	ON170268	2
144383	OM203157_w5000_s10000	OM203157	2
144387	OR475272_w10000_s0	OR475272	2
144400	MH552500_w1000_s47500	MH552500	2
144416	NC_047835_w1000_s91500	NC_047835	2
144425	ON470608_w1000_s26500	ON470608	2
144457	NC_070885_w20000_s20000	NC_070885	2
144458	ON190024_w2000_s134000	ON190024	2
144466	MT828552_w10000_s95000	MT828552	2
144481	OQ817842_w2000_s10000	OQ817842	2
144495	KY779849_w5000_s75000	KY779849	2
144507	HG518155_w1000_s41500	HG518155	2
144512	MZ622175_w5000_s7500	MZ622175	2
144518	OR475249_w10000_s30000	OR475249	2
144520	NC_047882_w5000_s62500	NC_047882	2
144525	LC768496_w5000_s30000	LC768496	2
144533	MK279883_w2000_s7000	MK279883	2
144539	NC_028952_w20000_s10000	NC_028952	2
144549	MF285619_w10000_s30000	MF285619	2
144590	JX163858_w1000_s101500	JX163858	2
144599	MK962633_w5000_s0	MK962633	2
144606	PQ844485_w5000_s47500	PQ844485	2
144611	MG208881_w1000_s23000	MG208881	2
144634	NC_091964_w1000_s144000	NC_091964	2
144643	MZ417315_w5000_s85000	MZ417315	2
144653	MT828552_w20000_s10000	MT828552	2
144655	MN901520_w2000_s14000	MN901520	2
144660	OZ195716_w10000_s60000	OZ195716	2
144665	LR535921_w5000_s82500	LR535921	2
144685	PQ464597_w20000_s0	PQ464597	2
144689	MG592518_w1000_s15500	MG592518	2
144704	OR148984_w2000_s5000	OR148984	2
144707	OZ195908_w5000_s40000	OZ195908	2
144711	NC_031034_w10000_s125000	NC_031034	2
144719	NC_003356_w10000_s30000	NC_003356	2
144743	JN371768_w2000_s81000	JN371768	2
144775	KX349270_w20000_s30000	KX349270	2
144790	NC_041980_w20000_s60000	NC_041980	2
144794	PQ159894_w5000_s20000	PQ159894	2
144813	KX431560_w2000_s53000	KX431560	2
144817	MW149275_w10000_s15000	MW149275	2
144819	NC_042030_w20000_s10000	NC_042030	2
144820	OP021681_w20000_s120000	OP021681	2
144822	MK443264_w1000_s14000	MK443264	2
144824	OZ196227_w1000_s132500	OZ196227	2
144825	MT380195_w2000_s110000	MT380195	2
144830	NC_029021_w1000_s14000	NC_029021	2
144831	JQ806764_w2000_s15000	JQ806764	2
144836	MF405094_w2000_s55000	MF405094	2
144840	KX349270_w20000_s10000	KX349270	2
144848	MK433264_w2000_s38000	MK433264	2
144850	OR896238_w5000_s37500	OR896238	2
144861	NC_021348_w10000_s145000	NC_021348	2
144898	OP352124_w5000_s45000	OP352124	2
144916	PQ181262_w20000_s20000	PQ181262	2
144917	ON470622_w10000_s15000	ON470622	2
144924	NC_009804_w1000_s77000	NC_009804	2
144931	OR420686_w1000_s17000	OR420686	2
144934	KX130727_w2000_s71000	KX130727	2
144938	OZ196841_w10000_s5000	OZ196841	2
144939	OM912978_w20000_s70000	OM912978	2
144944	KP793110_w20000_s0	KP793110	2
144960	KJ019141_w5000_s90000	KJ019141	2
144962	PQ741606_w5000_s30000	PQ741606	2
144981	OP380601_w10000_s60000	OP380601	2
144982	KF669653_w1000_s151000	KF669653	2
145002	MW291013_w10000_s10000	MW291013	2
145007	NC_016564_w2000_s44000	NC_016564	2
145018	LC744184_w5000_s27500	LC744184	2
145021	NC_042067_w2000_s168000	NC_042067	2
145023	NC_030953_w10000_s110000	NC_030953	2
145032	OQ873415_w20000_s140000	OQ873415	2
145033	NC_010147_w2000_s19000	NC_010147	2
145041	OZ196701_w20000_s20000	OZ196701	2
145052	PP723047_w10000_s45000	PP723047	2
145055	OK040789_w20000_s80000	OK040789	2
145056	PQ141284_w2000_s40000	PQ141284	2
145079	NC_062736_w1000_s150000	NC_062736	2
145092	MN871441_w5000_s60000	MN871441	2
145131	MZ501046_w20000_s70000	MZ501046	2
145140	OV032860_w20000_s10000	OV032860	2
145142	OZ195964_w1000_s63500	OZ195964	2
145165	MK138527_w2000_s37000	MK138527	2
145168	MN023188_w1000_s12000	MN023188	2
145186	MF805809_w2000_s91000	MF805809	2
145189	MZ333132_w1000_s37500	MZ333132	2
145198	OK076929_w20000_s0	OK076929	2
145211	OZ195969_w5000_s82500	OZ195969	2
145219	MW021749_w5000_s32500	MW021749	2
145223	NC_055882_w2000_s49000	NC_055882	2
145225	OQ129425_w10000_s105000	OQ129425	2
145226	KP137434_w10000_s15000	KP137434	2
145273	MT310868_w20000_s10000	MT310868	2
145281	OZ196215_w1000_s25500	OZ196215	2
145282	NC_061444_w20000_s200000	NC_061444	2
145288	PQ046925_w2000_s92000	PQ046925	2
145301	OQ921337_w5000_s27500	OQ921337	2
145303	OZ196304_w1000_s3500	OZ196304	2
145311	PQ642265_w2000_s46000	PQ642265	2
145317	OZ195964_w2000_s107000	OZ195964	2
145322	NC_055819_w10000_s10000	NC_055819	2
145332	JN984867_w10000_s20000	JN984867	2
145338	MK279906_w2000_s8000	MK279906	2
145347	ON814134_w5000_s90000	ON814134	2
145381	MZ826345_w5000_s25000	MZ826345	2
145398	PP889454_w1000_s5500	PP889454	2
145399	MG592545_w20000_s10000	MG592545	2
145412	MH547045_w10000_s0	MH547045	2
145433	OP451944_w2000_s5000	OP451944	2
145438	NC_051734_w5000_s5000	NC_051734	2
145451	MK994515_w5000_s200000	MK994515	2
145472	OZ195766_w5000_s100000	OZ195766	2
145479	MN101230_w10000_s125000	MN101230	2
145494	PQ295877_w5000_s32500	PQ295877	2
145517	MW824434_w1000_s25000	MW824434	2
145518	NC_053508_w2000_s8000	NC_053508	2
145558	NC_070973_w5000_s42500	NC_070973	2
145562	PQ819475_w2000_s131000	PQ819475	2
145563	PQ850620_w1000_s30500	PQ850620	2
145589	OZ195950_w2000_s46000	OZ195950	2
145611	MK719716_w10000_s40000	MK719716	2
145642	OL770260_w1000_s128500	OL770260	2
145646	OZ196076_w2000_s0	OZ196076	2
145654	PP978820_w10000_s45000	PP978820	2
145656	LR595864_w1000_s6000	LR595864	2
145658	MN032614_w10000_s150000	MN032614	2
145670	MH045563_w5000_s25000	MH045563	2
145688	KM925136_w10000_s0	KM925136	2
145699	EU826467_w5000_s20000	EU826467	2
145717	NC_071045_w5000_s62500	NC_071045	2
145741	OR352940_w5000_s100000	OR352940	2
145757	MF001361_w5000_s135000	MF001361	2
145761	MZ375295_w20000_s10000	MZ375295	2
145770	OQ871555_w2000_s81000	OQ871555	2
145780	NC_049379_w20000_s30000	NC_049379	2
145792	KC595278_w20000_s20000	KC595278	2
145810	MG564297_w20000_s10000	MG564297	2
145817	OQ734493_w10000_s25000	OQ734493	2
145820	MK719702_w1000_s31500	MK719702	2
145823	OL741432_w1000_s123500	OL741432	2
145829	OZ195741_w1000_s14500	OZ195741	2
145837	ON920540_w1000_s2000	ON920540	2
145840	PP514361_w20000_s10000	PP514361	2
145853	OZ195873_w1000_s39000	OZ195873	2
145861	MZ092003_w2000_s72000	MZ092003	2
145864	KF669653_w2000_s86000	KF669653	2
145890	OQ378934_w20000_s20000	OQ378934	2
145894	MT554104_w10000_s70000	MT554104	2
145895	JQ837901_w5000_s30000	JQ837901	2
145910	NC_048132_w10000_s35000	NC_048132	2
145917	DQ079877_w1000_s1000	DQ079877	2
145929	OK499992_w20000_s40000	OK499992	2
145932	KX349318_w2000_s130000	KX349318	2
145952	KF006818_w1000_s39500	KF006818	2
145967	MT768060_w10000_s5000	MT768060	2
145974	OQ291058_w5000_s42500	OQ291058	2
145992	LC567820_w2000_s54000	LC567820	2
145998	EU399241_w10000_s5000	EU399241	2
146023	OQ319933_w20000_s0	OQ319933	2
146035	MZ501102_w1000_s115500	MZ501102	2
146058	KU197013_w2000_s35000	KU197013	2
146059	KF751794_w2000_s4000	KF751794	2
146077	OQ129425_w10000_s125000	OQ129425	2
146080	LC768468_w10000_s30000	LC768468	2
146092	OQ223305_w1000_s57000	OQ223305	2
146101	OL960567_w10000_s10000	OL960567	2
146104	PP725410_w20000_s10000	PP725410	2
146113	NC_055804_w20000_s20000	NC_055804	2
146115	OZ196426_w5000_s37500	OZ196426	2
146119	KU985092_w10000_s20000	KU985092	2
146122	MW021749_w20000_s130000	MW021749	2
146148	MG065658_w2000_s18000	MG065658	2
146162	OL539468_w20000_s40000	OL539468	2
146182	OZ196029_w1000_s36500	OZ196029	2
146202	AY266303_w10000_s170000	AY266303	2
146213	MH752840_w20000_s80000	MH752840	2
146227	MG065654_w1000_s116000	MG065654	2
146245	MT310865_w20000_s10000	MT310865	2
146268	MG945724_w5000_s0	MG945724	2
146270	NC_027392_w20000_s0	NC_027392	2
146279	MT380195_w5000_s85000	MT380195	2
146298	MN895434_w20000_s30000	MN895434	2
146305	OR640346_w5000_s55000	OR640346	2
146307	MT366946_w2000_s93000	MT366946	2
146308	MT701597_w2000_s17000	MT701597	2
146311	NC_091964_w10000_s110000	NC_091964	2
146321	MK295205_w2000_s80000	MK295205	2
146327	PP496443_w5000_s87500	PP496443	2
146345	MW794163_w5000_s102500	MW794163	2
146346	PQ758383_w10000_s20000	PQ758383	2
146353	MZ501102_w5000_s67500	MZ501102	2
146374	JN698999_w2000_s25000	JN698999	2
146378	OR472445_w10000_s90000	OR472445	2
146382	LR800396_w10000_s35000	LR800396	2
146389	AF068845_w1000_s13500	AF068845	2
146394	MH310936_w20000_s0	MH310936	2
146407	OK018136_w10000_s5000	OK018136	2
146426	NC_051728_w20000_s10000	NC_051728	2
146428	OR608735_w2000_s50000	OR608735	2
146430	ON880501_w5000_s22500	ON880501	2
146457	MT956952_w1000_s7000	MT956952	2
146462	HM114277_w10000_s125000	HM114277	2
146473	MG592524_w2000_s12000	MG592524	2
146476	PQ824230_w1000_s104000	PQ824230	2
146486	PP856728_w20000_s120000	PP856728	2
146493	PP465982_w1000_s24000	PP465982	2
146515	MT074475_w20000_s100000	MT074475	2
146524	OL539471_w1000_s118000	OL539471	2
146526	MG208881_w2000_s64000	MG208881	2
146535	MZ326860_w10000_s35000	MZ326860	2
146540	MN695334_w5000_s120000	MN695334	2
146546	NC_042333_w1000_s36500	NC_042333	2
146550	KX349247_w5000_s125000	KX349247	2
146562	PQ571282_w2000_s26000	PQ571282	2
146565	KX774321_w10000_s35000	KX774321	2
146569	NC_048754_w5000_s17500	NC_048754	2
146581	MH450130_w5000_s22500	MH450130	2
146590	PQ793799_w2000_s34000	PQ793799	2
146600	OM105886_w10000_s0	OM105886	2
146605	PQ657809_w2000_s49000	PQ657809	2
146607	MF374379_w1000_s38500	MF374379	2
146609	PP695294_w20000_s100000	PP695294	2
146635	NC_029042_w2000_s52000	NC_029042	2
146644	MG945391_w1000_s3000	MG945391	2
146652	MN234209_w5000_s45000	MN234209	2
146653	NC_055833_w20000_s20000	NC_055833	2
146657	KJ019049_w2000_s92000	KJ019049	2
146659	NC_028448_w1000_s107000	NC_028448	2
146661	NC_028757_w5000_s32500	NC_028757	2
146678	MT554104_w5000_s105000	MT554104	2
146682	MN508618_w10000_s30000	MN508618	2
146690	NC_029021_w20000_s0	NC_029021	2
146699	NC_048013_w10000_s30000	NC_048013	2
146703	OR896230_w10000_s20000	OR896230	2
146714	MT771344_w1000_s15000	MT771344	2
146725	OZ196403_w20000_s20000	OZ196403	2
146755	JX181828_w20000_s80000	JX181828	2
146763	MZ031013_w20000_s20000	MZ031013	2
146770	OM835951_w1000_s77000	OM835951	2
146772	PP695294_w20000_s200000	PP695294	2
146778	MN508618_w20000_s130000	MN508618	2
146801	MH752840_w2000_s100000	MH752840	2
146810	NC_049506_w5000_s22500	NC_049506	2
146811	LR025195_w2000_s49000	LR025195	2
146813	KU238069_w20000_s20000	KU238069	2
146827	NC_049432_w10000_s20000	NC_049432	2
146835	NC_054945_w10000_s85000	NC_054945	2
146837	OU509534_w20000_s10000	OU509534	2
146843	LC727884_w5000_s37500	LC727884	2
146846	NC_070777_w20000_s140000	NC_070777	2
146860	KJ019095_w5000_s197500	KJ019095	2
146868	PP454754_w20000_s0	PP454754	2
146872	HM114277_w1000_s77500	HM114277	2
146877	PP468606_w2000_s49000	PP468606	2
146878	OP978391_w5000_s15000	OP978391	2
146880	MN892484_w20000_s20000	MN892484	2
146912	NC_029018_w20000_s0	NC_029018	2
146914	MT897903_w2000_s49000	MT897903	2
146926	MW584183_w2000_s39000	MW584183	2
146931	MF285619_w20000_s110000	MF285619	2
146935	MN585996_w5000_s15000	MN585996	2
146943	OR850873_w2000_s10000	OR850873	2
146949	OZ196417_w20000_s0	OZ196417	2
146960	KF006818_w10000_s0	KF006818	2
146961	NC_021806_w5000_s27500	NC_021806	2
146968	OX241437_w2000_s83000	OX241437	2
146990	MG065658_w10000_s35000	MG065658	2
147011	NC_031912_w20000_s50000	NC_031912	2
147022	PP763602_w5000_s20000	PP763602	2
147032	MK054215_w5000_s0	MK054215	2
147042	NC_049473_w5000_s0	NC_049473	2
147043	MN395285_w10000_s15000	MN395285	2
147057	NC_031912_w1000_s42000	NC_031912	2
147073	EU822883_w1000_s17000	EU822883	2
147074	MH375595_w20000_s10000	MH375595	2
147075	NC_042334_w10000_s0	NC_042334	2
147093	NC_006884_w5000_s167500	NC_006884	2
147096	MN695334_w10000_s130000	MN695334	2
147105	OZ195879_w20000_s10000	OZ195879	2
147109	MN585992_w10000_s65000	MN585992	2
147113	PP978783_w10000_s10000	PP978783	2
147117	MN871446_w10000_s260000	MN871446	2
147128	MZ501102_w10000_s40000	MZ501102	2
147136	MN735432_w20000_s10000	MN735432	2
147137	ON470616_w10000_s5000	ON470616	2
147144	OM908766_w2000_s20000	OM908766	2
147149	OQ059336_w1000_s30000	OQ059336	2
147175	OZ195867_w5000_s92500	OZ195867	2
147193	NC_055869_w10000_s55000	NC_055869	2
147218	NC_048818_w1000_s39500	NC_048818	2
147264	MT438761_w5000_s55000	MT438761	2
147304	OM203157_w10000_s25000	OM203157	2
147317	NC_070663_w1000_s7000	NC_070663	2
147324	PQ819475_w10000_s70000	PQ819475	2
147352	OR352950_w2000_s81000	OR352950	2
147369	KC292021_w10000_s10000	KC292021	2
147372	KM242061_w10000_s0	KM242061	2
147378	MT956952_w1000_s18000	MT956952	2
147393	OY979433_w2000_s16000	OY979433	2
147397	NC_031034_w2000_s12000	NC_031034	2
147408	MK967392_w20000_s20000	MK967392	2
147411	PV173766_w1000_s6000	PV173766	2
147427	JN712910_w2000_s19000	JN712910	2
147442	OQ817839_w1000_s8500	OQ817839	2
147446	ON239132_w20000_s0	ON239132	2
147458	OK272480_w2000_s91000	OK272480	2
147459	OX335419_w5000_s30000	OX335419	2
147461	KT184309_w20000_s150000	KT184309	2
147463	OZ196209_w20000_s0	OZ196209	2
147489	MK448801_w2000_s17000	MK448801	2
147518	OR261031_w2000_s29000	OR261031	2
147534	MZ375311_w10000_s15000	MZ375311	2
147554	KX636165_w5000_s27500	KX636165	2
147555	OK272480_w2000_s0	OK272480	2
147574	PQ782953_w5000_s22500	PQ782953	2
147577	OM908766_w20000_s10000	OM908766	2
147585	PP856728_w20000_s30000	PP856728	2
147598	PQ184835_w20000_s10000	PQ184835	2
147600	MH807819_w5000_s27500	MH807819	2
147602	MK240351_w2000_s78000	MK240351	2
147611	KX397373_w2000_s56000	KX397373	2
147622	OL770107_w1000_s75000	OL770107	2
147663	AF191796_w10000_s0	AF191796	2
147695	PQ819472_w2000_s0	PQ819472	2
147696	AY176327_w10000_s15000	AY176327	2
147703	OK490402_w10000_s20000	OK490402	2
147718	OZ195975_w5000_s90000	OZ195975	2
147733	OL455900_w5000_s10000	OL455900	2
147739	MK756093_w10000_s20000	MK756093	2
147741	NC_073679_w5000_s65000	NC_073679	2
147742	KM652554_w5000_s97500	KM652554	2
147763	OR896172_w2000_s21000	OR896172	2
147770	MW021753_w5000_s55000	MW021753	2
147773	JX483879_w5000_s25000	JX483879	2
147797	MH892379_w1000_s27000	MH892379	2
147798	MG209611_w10000_s95000	MG209611	2
147810	MH051911_w10000_s25000	MH051911	2
147811	LC645425_w1000_s30500	LC645425	2
147831	MT956952_w1000_s7500	MT956952	2
147857	KP793110_w1000_s23500	KP793110	2
147862	NC_051616_w1000_s38500	NC_051616	2
147874	KY368640_w2000_s109000	KY368640	2
147887	MG592518_w2000_s45000	MG592518	2
147906	PP418987_w2000_s65000	PP418987	2
147911	NC_019442_w1000_s35000	NC_019442	2
147912	MH926056_w2000_s36000	MH926056	2
147943	MK494112_w1000_s76000	MK494112	2
147945	MF405094_w10000_s40000	MF405094	2
147952	MG649966_w1000_s19000	MG649966	2
147955	LC727885_w1000_s25500	LC727885	2
147956	KU981050_w5000_s20000	KU981050	2
147965	MH779619_w2000_s24000	MH779619	2
147969	NC_070945_w5000_s2500	NC_070945	2
147975	MT684598_w5000_s95000	MT684598	2
147997	OR896251_w5000_s2500	OR896251	2
148015	MT498056_w20000_s10000	MT498056	2
148028	MT310865_w20000_s90000	MT310865	2
148032	OL780484_w1000_s166000	OL780484	2
148040	OP323073_w1000_s31500	OP323073	2
148069	OX335405_w20000_s130000	OX335405	2
148071	PP405133_w2000_s12000	PP405133	2
148097	MT074134_w1000_s1000	MT074134	2
148098	MZ501052_w2000_s137000	MZ501052	2
148124	KJ019117_w20000_s120000	KJ019117	2
148130	KT359365_w2000_s5000	KT359365	2
148171	PQ741606_w5000_s67500	PQ741606	2
148175	PQ741606_w1000_s57000	PQ741606	2
148189	NC_028962_w5000_s120000	NC_028962	2
148196	NC_031019_w5000_s2500	NC_031019	2
148210	MF288922_w1000_s72500	MF288922	2
148217	NC_019917_w5000_s57500	NC_019917	2
148220	OZ195950_w10000_s75000	OZ195950	2
148228	MW584185_w1000_s25500	MW584185	2
148244	MT074141_w20000_s50000	MT074141	2
148248	JN191664_w1000_s32500	JN191664	2
148252	PP514361_w20000_s0	PP514361	2
148254	NC_028659_w5000_s47500	NC_028659	2
148261	MT074141_w1000_s150000	MT074141	2
148266	NC_070945_w5000_s20000	NC_070945	2
148280	PP476965_w10000_s25000	PP476965	2
148283	MT310865_w1000_s60500	MT310865	2
148287	NC_000924_w10000_s35000	NC_000924	2
148311	KT898133_w10000_s25000	KT898133	2
148323	NC_009804_w1000_s34000	NC_009804	2
148338	MF285619_w20000_s120000	MF285619	2
148339	MW041639_w2000_s11000	MW041639	2
148341	KU599879_w10000_s10000	KU599879	2
148342	ON716453_w5000_s0	ON716453	2
148353	ON970584_w1000_s500	ON970584	2
148370	LC739534_w10000_s90000	LC739534	2
148402	PQ819472_w2000_s71000	PQ819472	2
148417	MZ501068_w2000_s56000	MZ501068	2
148423	MH926056_w2000_s35000	MH926056	2
148435	MF490239_w5000_s0	MF490239	2
148440	OR475253_w2000_s40000	OR475253	2
148448	ON970604_w2000_s25000	ON970604	2
148452	MK059749_w20000_s20000	MK059749	2
148477	MN562221_w10000_s45000	MN562221	2
148485	OZ195945_w5000_s35000	OZ195945	2
148488	MN101226_w10000_s5000	MN101226	2
148496	KU686197_w10000_s50000	KU686197	2
148503	NC_021531_w5000_s140000	NC_021531	2
148525	NC_021349_w5000_s12500	NC_021349	2
148528	AY176327_w5000_s5000	AY176327	2
148530	MF405094_w10000_s15000	MF405094	2
148549	KC595511_w5000_s20000	KC595511	2
148551	OX241561_w10000_s5000	OX241561	2
148562	MH571750_w5000_s65000	MH571750	2
148584	MZ326860_w10000_s5000	MZ326860	2
148611	NC_073623_w5000_s0	NC_073623	2
148616	KX349247_w5000_s60000	KX349247	2
148623	OZ196174_w1000_s38000	OZ196174	2
148635	JN699628_w5000_s20000	JN699628	2
148645	OR413581_w20000_s190000	OR413581	2
148656	KY210139_w5000_s22500	KY210139	2
148658	NC_021784_w5000_s7500	NC_021784	2
148667	MN988523_w5000_s32500	MN988523	2
148675	MG065658_w5000_s0	MG065658	2
148691	OR475271_w5000_s22500	OR475271	2
148698	PQ741025_w20000_s30000	PQ741025	2
148699	ON602760_w2000_s31000	ON602760	2
148706	OQ319934_w20000_s20000	OQ319934	2
148713	JX676771_w5000_s15000	JX676771	2
148714	PP582180_w5000_s67500	PP582180	2
148721	ON170268_w10000_s5000	ON170268	2
148728	KR902361_w5000_s92500	KR902361	2
148736	OQ680521_w20000_s0	OQ680521	2
148746	OM386659_w20000_s10000	OM386659	2
148756	MF288922_w10000_s150000	MF288922	2
148759	NC_047756_w1000_s9500	NC_047756	2
148777	PP695294_w20000_s20000	PP695294	2
148782	MW590223_w5000_s5000	MW590223	2
148785	NC_047715_w2000_s52000	NC_047715	2
148790	MK800154_w2000_s16000	MK800154	2
148797	PP954862_w2000_s24000	PP954862	2
148832	KX346249_w2000_s2000	KX346249	2
148838	KT321476_w5000_s92500	KT321476	2
148853	OM835951_w5000_s30000	OM835951	2
148867	OR983333_w2000_s61000	OR983333	2
148869	JX181828_w2000_s62000	JX181828	2
148883	NC_054716_w5000_s67500	NC_054716	2
148895	MT828552_w1000_s125500	MT828552	2
148903	MK613349_w5000_s12500	MK613349	2
148914	OR896840_w20000_s20000	OR896840	2
148928	NC_048838_w2000_s13000	NC_048838	2
148929	OR712157_w1000_s101500	OR712157	2
148933	MW325771_w20000_s80000	MW325771	2
148934	MT863731_w10000_s5000	MT863731	2
148947	HM480846_w2000_s35000	HM480846	2
148961	OR896313_w10000_s30000	OR896313	2
148972	NC_069153_w10000_s0	NC_069153	2
148980	MF288922_w5000_s95000	MF288922	2
148988	MK416020_w5000_s20000	MK416020	2
149023	NC_049473_w10000_s20000	NC_049473	2
149050	MW021749_w5000_s140000	MW021749	2
149059	PP212877_w2000_s169000	PP212877	2
149075	MH992121_w2000_s78000	MH992121	2
149087	OZ196029_w20000_s0	OZ196029	2
149093	KJ019105_w20000_s80000	KJ019105	2
149096	OK040789_w1000_s125500	OK040789	2
149114	MN709127_w20000_s10000	MN709127	2
149133	PP723047_w1000_s18000	PP723047	2
149142	MK494098_w5000_s42500	MK494098	2
149166	MK496681_w2000_s3000	MK496681	2
149181	NC_041849_w20000_s20000	NC_041849	2
149193	NC_042030_w2000_s5000	NC_042030	2
149195	KF006818_w5000_s55000	KF006818	2
149198	MK907231_w1000_s28500	MK907231	2
149204	ON086985_w20000_s20000	ON086985	2
149212	OL774874_w20000_s20000	OL774874	2
149225	NC_021349_w5000_s122500	NC_021349	2
149229	MH310936_w10000_s95000	MH310936	2
149240	PQ533656_w2000_s4000	PQ533656	2
149242	ON741189_w2000_s39000	ON741189	2
149255	MH045559_w5000_s32500	MH045559	2
149263	KX130727_w2000_s168000	KX130727	2
149288	OQ603353_w20000_s80000	OQ603353	2
149310	OL770107_w20000_s60000	OL770107	2
149357	MT234338_w2000_s14000	MT234338	2
149361	MZ322011_w20000_s10000	MZ322011	2
149395	PP738775_w1000_s17000	PP738775	2
149396	NC_006552_w1000_s49000	NC_006552	2
149408	MW419086_w2000_s37000	MW419086	2
149409	NC_031245_w10000_s155000	NC_031245	2
149410	MZ501057_w20000_s0	MZ501057	2
149411	NC_048182_w5000_s242500	NC_048182	2
149421	MF428478_w10000_s0	MF428478	2
149431	MN813697_w10000_s35000	MN813697	2
149439	MK408758_w1000_s125000	MK408758	2
149449	OZ196868_w20000_s50000	OZ196868	2
149451	MH051248_w2000_s10000	MH051248	2
149461	OX241573_w1000_s7500	OX241573	2
149479	MH399782_w5000_s30000	MH399782	2
149485	OQ818698_w1000_s15500	OQ818698	2
149498	NC_002321_w2000_s37000	NC_002321	2
149502	MN586013_w1000_s33000	MN586013	2
149508	MG592659_w2000_s26000	MG592659	2
149511	KX452695_w1000_s73000	KX452695	2
149532	MT012302_w1000_s25000	MT012302	2
149555	NC_074742_w5000_s12500	NC_074742	2
149567	PP680568_w2000_s58000	PP680568	2
149577	OR844767_w20000_s0	OR844767	2
149580	ON637170_w1000_s69500	ON637170	2
149584	NC_041863_w10000_s75000	NC_041863	2
149590	OR053651_w2000_s63000	OR053651	2
149593	DQ997624_w10000_s125000	DQ997624	2
149597	OP451958_w2000_s5000	OP451958	2
149608	PQ184797_w5000_s17500	PQ184797	2
149610	OM634661_w1000_s201000	OM634661	2
149634	OK340822_w10000_s60000	OK340822	2
149646	MH697581_w20000_s0	MH697581	2
149667	KY779849_w2000_s55000	KY779849	2
149675	ON814136_w5000_s72500	ON814136	2
149688	MK719702_w20000_s50000	MK719702	2
149689	MZ501098_w5000_s125000	MZ501098	2
149731	MZ334511_w5000_s65000	MZ334511	2
149734	MN586024_w10000_s65000	MN586024	2
149771	NC_070777_w5000_s42500	NC_070777	2
149797	ON456340_w1000_s42000	ON456340	2
149802	AY266303_w1000_s167000	AY266303	2
149813	NC_009540_w1000_s2500	NC_009540	2
149829	MT234338_w20000_s0	MT234338	2
149842	MG867727_w1000_s109500	MG867727	2
149846	OP947162_w1000_s39500	OP947162	2
149861	OV877085_w2000_s140000	OV877085	2
149869	KX349261_w10000_s85000	KX349261	2
149876	MZ501098_w2000_s8000	MZ501098	2
149884	OM249648_w1000_s140500	OM249648	2
149908	PP468606_w5000_s77500	PP468606	2
149937	MH834596_w1000_s28500	MH834596	2
149945	MZ955866_w2000_s21000	MZ955866	2
149951	MZ417323_w20000_s10000	MZ417323	2
149952	MG065664_w20000_s40000	MG065664	2
149953	MW042807_w10000_s25000	MW042807	2
149964	NC_054976_w2000_s1000	NC_054976	2
149966	NC_031082_w5000_s65000	NC_031082	2
149973	PQ374146_w10000_s10000	PQ374146	2
149979	MW495853_w5000_s20000	MW495853	2
150026	PQ309151_w2000_s172000	PQ309151	2
150030	NC_054908_w5000_s55000	NC_054908	2
150034	MZ326860_w20000_s0	MZ326860	2
150036	PQ495742_w10000_s25000	PQ495742	2
150060	MN988561_w20000_s110000	MN988561	2
150061	OZ196375_w5000_s0	OZ196375	2
150065	PP695294_w1000_s129500	PP695294	2
150076	MK112548_w20000_s130000	MK112548	2
150093	MK719749_w10000_s35000	MK719749	2
150097	NC_062736_w1000_s91000	NC_062736	2
150098	NC_022339_w2000_s4000	NC_022339	2
150102	KJ019162_w2000_s118000	KJ019162	2
150103	MT956952_w10000_s20000	MT956952	2
150112	MF541407_w1000_s25500	MF541407	2
150162	NC_021531_w20000_s160000	NC_021531	2
150195	KR052482_w20000_s180000	KR052482	2
150201	PP993148_w20000_s40000	PP993148	2
150217	KU998245_w10000_s50000	KU998245	2
150234	MK016496_w1000_s44000	MK016496	2
150245	KU998253_w2000_s72000	KU998253	2
150258	HG934469_w20000_s0	HG934469	2
150273	MZ820085_w5000_s35000	MZ820085	2
150279	KX130865_w20000_s50000	KX130865	2
150292	MN703409_w20000_s0	MN703409	2
150294	PP511695_w1000_s3500	PP511695	2
150303	MZ209301_w10000_s35000	MZ209301	2
150309	AP014889_w20000_s10000	AP014889	2
150313	KX349296_w5000_s170000	KX349296	2
150323	MN988561_w2000_s89000	MN988561	2
150327	MN850579_w10000_s35000	MN850579	2
150337	OZ196027_w10000_s35000	OZ196027	2
150344	MW627293_w2000_s5000	MW627293	2
150357	NC_030953_w10000_s55000	NC_030953	2
150361	MT104475_w10000_s10000	MT104475	2
150369	MK610268_w20000_s0	MK610268	2
150379	OZ196280_w10000_s5000	OZ196280	2
150393	OP352124_w1000_s13500	OP352124	2
150411	MG707188_w2000_s38000	MG707188	2
150440	NC_048182_w20000_s100000	NC_048182	2
150447	PQ133626_w1000_s17500	PQ133626	2
150453	OP978391_w2000_s18000	OP978391	2
150458	NC_048040_w20000_s10000	NC_048040	2
150471	OQ860964_w5000_s5000	OQ860964	2
150487	PQ492289_w1000_s77500	PQ492289	2
150497	MZ234053_w20000_s130000	MZ234053	2
150508	KX011028_w2000_s30000	KX011028	2
150511	PP978820_w20000_s10000	PP978820	2
150519	MT580897_w1000_s22500	MT580897	2
150523	NC_019487_w10000_s30000	NC_019487	2
150550	OQ428192_w2000_s35000	OQ428192	2
150564	PP938272_w20000_s30000	PP938272	2
150565	OQ817844_w1000_s24500	OQ817844	2
150589	OL964735_w5000_s97500	OL964735	2
150591	KT365399_w2000_s23000	KT365399	2
150603	MW824427_w5000_s30000	MW824427	2
150616	PP496415_w1000_s87000	PP496415	2
150618	NC_028881_w10000_s75000	NC_028881	2
150627	OL960567_w1000_s122000	OL960567	2
150631	PP395642_w2000_s15000	PP395642	2
150648	MN234220_w20000_s0	MN234220	2
150661	MN270268_w2000_s4000	MN270268	2
150662	OX335405_w2000_s130000	OX335405	2
150667	KT898133_w5000_s40000	KT898133	2
150672	JN797797_w10000_s85000	JN797797	2
150684	OP451958_w5000_s20000	OP451958	2
150695	KY368640_w20000_s40000	KY368640	2
150700	MW554488_w20000_s20000	MW554488	2
150707	OZ196440_w5000_s17500	OZ196440	2
150710	PQ657784_w1000_s130000	PQ657784	2
150744	OL944021_w10000_s10000	OL944021	2
150787	NC_003050_w10000_s15000	NC_003050	2
150798	MK994515_w2000_s229000	MK994515	2
150806	NC_054937_w2000_s107000	NC_054937	2
150807	PP978833_w20000_s20000	PP978833	2
150810	KY883635_w20000_s0	KY883635	2
150819	OR539218_w5000_s77500	OR539218	2
150820	NC_023599_w2000_s22000	NC_023599	2
150859	PP706156_w5000_s2500	PP706156	2
150863	MW394390_w1000_s128000	MW394390	2
150873	MK050846_w2000_s66000	MK050846	2
150878	KU160666_w5000_s20000	KU160666	2
150881	MN508618_w1000_s105500	MN508618	2
150885	MZ622175_w1000_s8000	MZ622175	2
150890	PP531540_w2000_s138000	PP531540	2
150910	AY027935_w5000_s2500	AY027935	2
150919	MZ443787_w1000_s83500	MZ443787	2
150932	OQ603359_w10000_s15000	OQ603359	2
150941	OP297178_w20000_s40000	OP297178	2
150957	MT114160_w10000_s10000	MT114160	2
150969	NC_028803_w20000_s20000	NC_028803	2
150973	MZ417329_w1000_s22500	MZ417329	2
150981	MZ568826_w1000_s32000	MZ568826	2
151021	OR352949_w2000_s102000	OR352949	2
151026	MZ005684_w10000_s10000	MZ005684	2
151052	KM606995_w1000_s116500	KM606995	2
151062	NC_018274_w2000_s32000	NC_018274	2
151077	KJ019128_w1000_s45500	KJ019128	2
151080	NC_054716_w1000_s73000	NC_054716	2
151094	MH779511_w20000_s20000	MH779511	2
151096	OZ196887_w10000_s25000	OZ196887	2
151102	OZ196365_w2000_s10000	OZ196365	2
151114	MN850611_w10000_s5000	MN850611	2
151138	ON075799_w2000_s85000	ON075799	2
151172	KR052482_w5000_s65000	KR052482	2
151174	NC_030920_w2000_s114000	NC_030920	2
151187	NC_013585_w2000_s6000	NC_013585	2
151204	MF189176_w1000_s46500	MF189176	2
151212	PQ510734_w1000_s147000	PQ510734	2
151213	EU100884_w5000_s12500	EU100884	2
151225	ON529865_w5000_s25000	ON529865	2
151238	OP947226_w2000_s50000	OP947226	2
151248	KJ019029_w2000_s155000	KJ019029	2
151280	OR475272_w10000_s10000	OR475272	2
151281	NC_048723_w5000_s2500	NC_048723	2
151282	MW349129_w10000_s130000	MW349129	2
151294	NC_049502_w2000_s76000	NC_049502	2
151298	DQ398045_w2000_s24000	DQ398045	2
151299	OZ196206_w2000_s37000	OZ196206	2
151315	NC_007581_w2000_s21000	NC_007581	2
151317	NC_017969_w2000_s83000	NC_017969	2
151319	NC_047729_w10000_s85000	NC_047729	2
151326	KJ019105_w2000_s81000	KJ019105	2
151327	MH744418_w5000_s152500	MH744418	2
151331	MZ234053_w5000_s162500	MZ234053	2
151348	ON970566_w2000_s23000	ON970566	2
151349	NC_026589_w5000_s2500	NC_026589	2
151356	NC_047881_w5000_s17500	NC_047881	2
151362	NC_055882_w5000_s42500	NC_055882	2
151364	NC_054929_w2000_s127000	NC_054929	2
151375	NC_048670_w2000_s48000	NC_048670	2
151378	MZ417315_w2000_s9000	MZ417315	2
151408	HQ728266_w5000_s5000	HQ728266	2
151409	NC_073441_w20000_s10000	NC_073441	2
151416	ON075799_w10000_s120000	ON075799	2
151424	OP867026_w5000_s37500	OP867026	2
151445	OR532863_w10000_s30000	OR532863	2
151449	KX349323_w20000_s30000	KX349323	2
151460	LC744184_w1000_s34000	LC744184	2
151464	KX636165_w5000_s35000	KX636165	2
151475	OR896857_w1000_s26000	OR896857	2
151516	OR671239_w1000_s17000	OR671239	2
151519	OP617748_w2000_s136000	OP617748	2
151529	OP784575_w1000_s37500	OP784575	2
151536	MN840487_w20000_s0	MN840487	2
151538	GU169904_w5000_s47500	GU169904	2
151540	MK719744_w10000_s65000	MK719744	2
151547	MH746814_w5000_s67500	MH746814	2
151555	OR521079_w10000_s0	OR521079	2
151564	MT732453_w10000_s95000	MT732453	2
151572	KX349261_w1000_s161000	KX349261	2
151598	NC_021348_w5000_s65000	NC_021348	2
151602	OZ196706_w2000_s46000	OZ196706	2
151605	KJ019141_w10000_s135000	KJ019141	2
151611	OZ196371_w10000_s25000	OZ196371	2
151618	NC_011222_w1000_s8500	NC_011222	2
151630	KM677211_w1000_s57000	KM677211	2
151644	MT889398_w5000_s7500	MT889398	2
151647	LN881734_w1000_s150000	LN881734	2
151678	OL539446_w5000_s10000	OL539446	2
151687	MF574151_w2000_s0	MF574151	2
151690	OZ035761_w1000_s52500	OZ035761	2
151695	OR125554_w1000_s99000	OR125554	2
151728	MZ475898_w20000_s20000	MZ475898	2
151736	NC_053235_w2000_s54000	NC_053235	2
151740	NC_047996_w2000_s39000	NC_047996	2
151742	OR640346_w5000_s85000	OR640346	2
151747	OR850873_w5000_s40000	OR850873	2
151755	OR180309_w2000_s11000	OR180309	2
151762	OR354830_w2000_s71000	OR354830	2
151771	OR538761_w5000_s5000	OR538761	2
151775	MW584201_w2000_s2000	MW584201	2
151776	JQ806764_w1000_s19500	JQ806764	2
151780	NC_029042_w5000_s62500	NC_029042	2
151788	LC744189_w2000_s31000	LC744189	2
151794	OM982621_w5000_s65000	OM982621	2
151795	MT828552_w5000_s97500	MT828552	2
151803	OZ195903_w2000_s52000	OZ195903	2
151805	OR770614_w5000_s92500	OR770614	2
151814	LC616070_w20000_s10000	LC616070	2
151824	MZ078141_w5000_s5000	MZ078141	2
151853	KJ019117_w1000_s149500	KJ019117	2
151855	OK275493_w20000_s10000	OK275493	2
151869	DQ398045_w10000_s5000	DQ398045	2
151891	LR794151_w1000_s0	LR794151	2
151911	OK040807_w10000_s20000	OK040807	2
151912	JF704094_w20000_s30000	JF704094	2
151921	EU676000_w20000_s20000	EU676000	2
151930	MH729819_w20000_s0	MH729819	2
151943	OQ466432_w5000_s142500	OQ466432	2
151960	MK433268_w5000_s22500	MK433268	2
151969	NC_070975_w20000_s50000	NC_070975	2
151973	OZ195879_w20000_s0	OZ195879	2
151977	LR031359_w1000_s66500	LR031359	2
151987	NC_028681_w2000_s42000	NC_028681	2
151989	PP856728_w2000_s6000	PP856728	2
152007	MG835858_w1000_s1500	MG835858	2
152027	OP910132_w2000_s48000	OP910132	2
152049	NC_024789_w2000_s39000	NC_024789	2
152071	OR670062_w10000_s20000	OR670062	2
152079	MG973030_w2000_s124000	MG973030	2
152093	MF459646_w2000_s115000	MF459646	2
152099	OQ749652_w20000_s30000	OQ749652	2
152113	KR997933_w1000_s3500	KR997933	2
152118	PP554657_w20000_s10000	PP554657	2
152155	NC_054940_w5000_s57500	NC_054940	2
152164	MN114083_w20000_s40000	MN114083	2
152168	MW812339_w20000_s100000	MW812339	2
152169	MN585984_w5000_s5000	MN585984	2
152171	KY883635_w2000_s40000	KY883635	2
152189	MH310936_w1000_s7500	MH310936	2
152201	LC567820_w20000_s20000	LC567820	2
152231	KU737347_w5000_s20000	KU737347	2
152244	OR553912_w2000_s40000	OR553912	2
152253	OQ734493_w20000_s20000	OQ734493	2
152265	PQ850612_w2000_s16000	PQ850612	2
152267	OK499971_w2000_s34000	OK499971	2
152272	ON970592_w10000_s25000	ON970592	2
152276	KM983333_w20000_s10000	KM983333	2
152277	OP009272_w2000_s35000	OP009272	2
152283	KP057620_w10000_s35000	KP057620	2
152292	PQ336901_w2000_s20000	PQ336901	2
152308	MH299806_w20000_s40000	MH299806	2
152315	OV877085_w10000_s70000	OV877085	2
152321	OR475284_w1000_s27500	OR475284	2
152326	KX879627_w10000_s0	KX879627	2
152335	MH371109_w1000_s14500	MH371109	2
152379	OZ196095_w10000_s65000	OZ196095	2
152382	KU686206_w5000_s47500	KU686206	2
152383	KY290949_w5000_s10000	KY290949	2
152390	MT553335_w2000_s63000	MT553335	2
152405	MW364973_w2000_s39000	MW364973	2
152433	AY954970_w5000_s2500	AY954970	2
152473	MT657339_w1000_s8000	MT657339	2
152498	MT897903_w2000_s9000	MT897903	2
152505	NC_019487_w10000_s60000	NC_019487	2
152511	NC_047892_w2000_s49000	NC_047892	2
152517	MZ428228_w1000_s23000	MZ428228	2
152521	NC_053508_w20000_s0	NC_053508	2
152527	MG022439_w20000_s80000	MG022439	2
152540	ON456339_w2000_s33000	ON456339	2
152550	OZ196701_w2000_s88000	OZ196701	2
152552	KR534323_w20000_s60000	KR534323	2
152563	OK094519_w1000_s1000	OK094519	2
152567	OZ195969_w2000_s78000	OZ195969	2
152571	OZ035766_w2000_s79000	OZ035766	2
152581	NC_021327_w1000_s82000	NC_021327	2
152606	OR261031_w2000_s18000	OR261031	2
152609	PQ850629_w2000_s34000	PQ850629	2
152618	NC_009904_w10000_s130000	NC_009904	2
152619	PP496436_w5000_s7500	PP496436	2
152621	MN234211_w2000_s5000	MN234211	2
152647	MT522000_w2000_s45000	MT522000	2
152650	MT074137_w10000_s20000	MT074137	2
152651	ON880501_w2000_s0	ON880501	2
152661	PP597384_w2000_s5000	PP597384	2
152670	MT118302_w10000_s45000	MT118302	2
152675	KX636165_w1000_s34000	KX636165	2
152688	NC_028676_w1000_s22000	NC_028676	2
152695	OK499992_w10000_s135000	OK499992	2
152726	PP889457_w5000_s32500	PP889457	2
152741	MH450123_w10000_s5000	MH450123	2
152742	MT684598_w5000_s57500	MT684598	2
152744	NC_047835_w1000_s66500	NC_047835	2
152747	KX397373_w20000_s130000	KX397373	2
152770	MW927514_w20000_s10000	MW927514	2
152774	NC_029073_w20000_s120000	NC_029073	2
152780	PQ510734_w20000_s110000	PQ510734	2
152787	MK448691_w5000_s0	MK448691	2
152796	HQ186308_w5000_s2500	HQ186308	2
152797	PP680568_w2000_s61000	PP680568	2
152805	MK511060_w5000_s5000	MK511060	2
152822	OR896343_w10000_s0	OR896343	2
152826	OR159650_w2000_s34000	OR159650	2
152831	MW021749_w20000_s40000	MW021749	2
152834	MK721190_w10000_s0	MK721190	2
152847	LC739537_w10000_s115000	LC739537	2
152849	MT585311_w1000_s17000	MT585311	2
152855	NC_028817_w1000_s71000	NC_028817	2
152856	MT658804_w20000_s30000	MT658804	2
152860	PQ844485_w2000_s36000	PQ844485	2
152875	PQ432285_w1000_s7500	PQ432285	2
152878	OR125554_w10000_s75000	OR125554	2
152885	MH992121_w10000_s20000	MH992121	2
152886	OX335403_w10000_s95000	OX335403	2
152896	OR420712_w20000_s10000	OR420712	2
152915	MZ375272_w10000_s20000	MZ375272	2
152922	KJ192399_w20000_s0	KJ192399	2
152924	KY065450_w10000_s25000	KY065450	2
152928	MW794151_w20000_s20000	MW794151	2
152939	FJ236310_w1000_s30500	FJ236310	2
152942	KX397373_w2000_s110000	KX397373	2
152953	NC_030934_w20000_s70000	NC_030934	2
152955	PP763568_w1000_s9000	PP763568	2
152957	MW042804_w1000_s7500	MW042804	2
152982	JQ806764_w1000_s39500	JQ806764	2
152984	NC_009904_w5000_s35000	NC_009904	2
152997	MG663582_w10000_s20000	MG663582	2
153007	NC_027366_w2000_s52000	NC_027366	2
153024	MZ475898_w2000_s137000	MZ475898	2
153039	KF156340_w10000_s5000	KF156340	2
153051	PP597384_w1000_s9000	PP597384	2
153056	NC_029060_w1000_s60000	NC_029060	2
153059	NC_051683_w10000_s45000	NC_051683	2
153071	MF459646_w2000_s187000	MF459646	2
153073	PQ480333_w10000_s105000	PQ480333	2
153075	MK494112_w5000_s27500	MK494112	2
153084	MG763894_w10000_s140000	MG763894	2
153087	AP001553_w10000_s15000	AP001553	2
153089	OM728302_w2000_s105000	OM728302	2
153097	JX163858_w2000_s32000	JX163858	2
153104	MZ501094_w10000_s80000	MZ501094	2
153105	JX163858_w2000_s191000	JX163858	2
153116	NC_021537_w20000_s0	NC_021537	2
153123	LC739530_w10000_s65000	LC739530	2
153125	MK279891_w20000_s10000	MK279891	2
153132	LC483177_w1000_s48000	LC483177	2
153152	KM408320_w10000_s10000	KM408320	2
153160	ON602754_w2000_s15000	ON602754	2
153165	OP172809_w20000_s10000	OP172809	2
153202	KX349247_w5000_s117500	KX349247	2
153204	MZ436628_w5000_s32500	MZ436628	2
153208	OP021679_w1000_s500	OP021679	2
153214	PV087338_w2000_s48000	PV087338	2
153223	PP405127_w1000_s36000	PP405127	2
153235	MT446405_w10000_s40000	MT446405	2
153237	JN006062_w10000_s40000	JN006062	2
153241	MG646671_w1000_s39000	MG646671	2
153252	LR800396_w2000_s94000	LR800396	2
153262	OZ196094_w1000_s63000	OZ196094	2
153267	MN988534_w2000_s115000	MN988534	2
153270	MN095771_w2000_s94000	MN095771	2
153275	HM753698_w2000_s1000	HM753698	2
153288	NC_041993_w10000_s145000	NC_041993	2
153294	NC_031226_w5000_s25000	NC_031226	2
153297	MW021753_w2000_s110000	MW021753	2
153309	MT799840_w2000_s34000	MT799840	2
153331	OL580764_w20000_s20000	OL580764	2
153343	NC_024789_w5000_s37500	NC_024789	2
153362	PQ793803_w2000_s2000	PQ793803	2
153363	KT184309_w1000_s67500	KT184309	2
153370	NC_061444_w5000_s15000	NC_061444	2
153381	NC_021349_w5000_s92500	NC_021349	2
153388	AB910392_w20000_s0	AB910392	2
153395	MN586013_w2000_s12000	MN586013	2
153399	MW355471_w20000_s0	MW355471	2
153400	PQ571289_w20000_s50000	PQ571289	2
153421	KU963253_w2000_s15000	KU963253	2
153458	MW794147_w2000_s80000	MW794147	2
153484	MT496971_w10000_s20000	MT496971	2
153497	KF751794_w20000_s0	KF751794	2
153505	JQ340389_w10000_s80000	JQ340389	2
153509	MT732467_w10000_s10000	MT732467	2
153511	OR553912_w5000_s30000	OR553912	2
153522	HQ634195_w2000_s74000	HQ634195	2
153568	MZ501057_w2000_s13000	MZ501057	2
153569	MK460247_w10000_s45000	MK460247	2
153590	KT239446_w20000_s90000	KT239446	2
153591	MN585992_w1000_s31500	MN585992	2
153604	MT366946_w20000_s90000	MT366946	2
153606	GU169904_w2000_s136000	GU169904	2
153614	MW394390_w1000_s96500	MW394390	2
153615	KX808131_w5000_s35000	KX808131	2
153616	PP514361_w1000_s35500	PP514361	2
153617	OP172790_w10000_s60000	OP172790	2
153625	PP047754_w5000_s60000	PP047754	2
153629	OR521064_w1000_s17500	OR521064	2
153631	HG934469_w2000_s23000	HG934469	2
153649	OR521065_w1000_s39500	OR521065	2
153651	OP172832_w20000_s0	OP172832	2
153670	MT074137_w20000_s120000	MT074137	2
153680	MT897903_w5000_s40000	MT897903	2
153683	OZ196147_w2000_s0	OZ196147	2
153693	MN204498_w5000_s12500	MN204498	2
153696	MH460463_w10000_s35000	MH460463	2
153702	KR080193_w10000_s10000	KR080193	2
153712	LR595861_w2000_s23000	LR595861	2
153717	KU716095_w20000_s20000	KU716095	2
153719	NC_042025_w2000_s12000	NC_042025	2
153723	NC_031082_w1000_s63000	NC_031082	2
153752	NC_028659_w2000_s47000	NC_028659	2
153755	MK448943_w10000_s5000	MK448943	2
153756	OR924234_w1000_s30500	OR924234	2
153771	KU686197_w20000_s150000	KU686197	2
153787	OR850873_w20000_s40000	OR850873	2
153790	PP660558_w20000_s20000	PP660558	2
153795	KU886223_w2000_s238000	KU886223	2
153806	OR613474_w1000_s500	OR613474	2
153808	NC_009904_w5000_s62500	NC_009904	2
153819	KR296689_w2000_s8000	KR296689	2
153825	KP313532_w2000_s20000	KP313532	2
153832	KX349270_w2000_s165000	KX349270	2
153833	MK310226_w2000_s40000	MK310226	2
153834	PP695294_w10000_s95000	PP695294	2
153838	KX774321_w10000_s20000	KX774321	2
153844	OZ196059_w10000_s100000	OZ196059	2
153856	NC_055833_w1000_s2000	NC_055833	2
153867	MH791410_w5000_s37500	MH791410	2
153869	OZ195978_w5000_s52500	OZ195978	2
153878	PP212877_w20000_s130000	PP212877	2
153885	MF919495_w5000_s132500	MF919495	2
153888	OK085710_w1000_s45500	OK085710	2
153897	LC567831_w1000_s42000	LC567831	2
153899	MN096369_w1000_s56500	MN096369	2
153901	NC_073441_w10000_s0	NC_073441	2
153940	MF459646_w5000_s177500	MF459646	2
153943	MH552500_w1000_s51500	MH552500	2
153989	NC_048754_w10000_s120000	NC_048754	2
154002	AY027935_w1000_s15500	AY027935	2
154018	KT454805_w5000_s57500	KT454805	2
154043	MH697583_w1000_s29500	MH697583	2
154047	MF288922_w20000_s70000	MF288922	2
154070	MH059636_w20000_s130000	MH059636	2
154074	MN101217_w5000_s0	MN101217	2
154093	LC727699_w5000_s60000	LC727699	2
154096	NC_020489_w1000_s37500	NC_020489	2
154139	MT438761_w10000_s50000	MT438761	2
154143	NC_048648_w10000_s5000	NC_048648	2
154151	NC_042111_w2000_s8000	NC_042111	2
154157	HM114277_w5000_s52500	HM114277	2
154159	OP068332_w20000_s10000	OP068332	2
154190	KF279412_w1000_s61500	KF279412	2
154205	NC_028969_w2000_s40000	NC_028969	2
154208	AB910392_w2000_s51000	AB910392	2
154214	OQ999401_w2000_s83000	OQ999401	2
154222	KF669653_w10000_s90000	KF669653	2
154224	OZ196077_w20000_s10000	OZ196077	2
154233	PQ656107_w2000_s127000	PQ656107	2
154236	OY757066_w1000_s41500	OY757066	2
154243	JN371768_w10000_s85000	JN371768	2
154248	JQ686190_w5000_s112500	JQ686190	2
154282	NC_026923_w5000_s112500	NC_026923	2
154287	MW419086_w10000_s95000	MW419086	2
154334	KX774321_w1000_s30000	KX774321	2
154337	JN371768_w2000_s24000	JN371768	2
154341	MT828552_w20000_s40000	MT828552	2
154342	MZ955866_w1000_s4000	MZ955866	2
154344	OL770260_w10000_s0	OL770260	2
154365	MN988497_w20000_s20000	MN988497	2
154374	MZ209299_w2000_s31000	MZ209299	2
154376	OZ195867_w2000_s52000	OZ195867	2
154383	MT080600_w2000_s116000	MT080600	2
154386	MK448817_w5000_s17500	MK448817	2
154398	OR475272_w20000_s60000	OR475272	2
154424	MH925093_w10000_s15000	MH925093	2
154425	MN988561_w5000_s197500	MN988561	2
154441	OQ999401_w1000_s65000	OQ999401	2
154447	PP412844_w2000_s1000	PP412844	2
154449	NC_048195_w10000_s10000	NC_048195	2
154481	MT774392_w10000_s50000	MT774392	2
154486	MN988521_w1000_s35500	MN988521	2
154491	KC465899_w20000_s50000	KC465899	2
154494	PV052269_w5000_s25000	PV052269	2
154504	ON548417_w5000_s0	ON548417	2
154527	KT454805_w20000_s40000	KT454805	2
154546	MH807819_w10000_s10000	MH807819	2
154550	PP047754_w2000_s79000	PP047754	2
154558	KX397373_w2000_s59000	KX397373	2
154559	EU826467_w1000_s22000	EU826467	2
154583	PQ824230_w5000_s92500	PQ824230	2
154588	MN096369_w1000_s46000	MN096369	2
154597	MN586013_w1000_s9500	MN586013	2
154609	OR770614_w10000_s185000	OR770614	2
154624	OZ195735_w20000_s20000	OZ195735	2
154639	MZ475898_w20000_s170000	MZ475898	2
154641	KT870145_w2000_s98000	KT870145	2
154653	MH892375_w10000_s0	MH892375	2
154673	OP172645_w2000_s14000	OP172645	2
154694	NC_014635_w20000_s120000	NC_014635	2
154700	NC_023610_w5000_s152500	NC_023610	2
154701	OP503978_w1000_s33500	OP503978	2
154726	MT310868_w2000_s25000	MT310868	2
154745	OQ319933_w10000_s75000	OQ319933	2
154750	MH929319_w20000_s30000	MH929319	2
154757	NC_008562_w20000_s80000	NC_008562	2
154758	PP274704_w5000_s62500	PP274704	2
154773	NC_048195_w1000_s16500	NC_048195	2
154787	KR052482_w2000_s70000	KR052482	2
154809	MG925343_w2000_s30000	MG925343	2
154814	MK770414_w20000_s10000	MK770414	2
154828	PP429226_w1000_s130000	PP429226	2
154833	NC_054929_w10000_s75000	NC_054929	2
154838	PP496436_w10000_s180000	PP496436	2
154850	MW325771_w2000_s102000	MW325771	2
154867	OZ196335_w2000_s91000	OZ196335	2
154874	PQ571269_w20000_s40000	PQ571269	2
154877	MF459646_w2000_s80000	MF459646	2
154881	MT325768_w5000_s27500	MT325768	2
154886	MK050846_w5000_s22500	MK050846	2
154889	OL631482_w20000_s120000	OL631482	2
154891	KT184309_w10000_s110000	KT184309	2
154912	MN994497_w5000_s55000	MN994497	2
154921	NC_028755_w20000_s20000	NC_028755	2
154923	MZ333132_w20000_s10000	MZ333132	2
154932	MK448705_w2000_s1000	MK448705	2
154940	NC_028881_w20000_s130000	NC_028881	2
154942	OK040785_w5000_s35000	OK040785	2
154943	OP352125_w2000_s63000	OP352125	2
154946	MT074432_w1000_s22500	MT074432	2
154947	MH590591_w2000_s11000	MH590591	2
154985	MZ436628_w2000_s33000	MZ436628	2
154987	MN095771_w1000_s136000	MN095771	2
154988	NC_048838_w10000_s15000	NC_048838	2
154995	MH697590_w20000_s20000	MH697590	2
155009	MG748547_w1000_s7000	MG748547	2
155020	OZ195946_w20000_s80000	OZ195946	2
155022	PQ217616_w10000_s105000	PQ217616	2
155025	MT553335_w5000_s32500	MT553335	2
155030	NC_011344_w5000_s40000	NC_011344	2
155031	PP212877_w2000_s81000	PP212877	2
155044	OR159667_w20000_s30000	OR159667	2
155058	NC_022981_w20000_s30000	NC_022981	2
155061	MG209611_w2000_s68000	MG209611	2
155072	MH078572_w2000_s0	MH078572	2
155073	MW291018_w20000_s30000	MW291018	2
155080	KX379672_w5000_s5000	KX379672	2
155084	MK511041_w2000_s7000	MK511041	2
155101	MF158046_w1000_s42000	MF158046	2
155104	OR413581_w5000_s175000	OR413581	2
155114	PP925828_w2000_s64000	PP925828	2
155119	OR770614_w2000_s139000	OR770614	2
155121	MN695334_w20000_s30000	MN695334	2
155150	JQ809703_w10000_s0	JQ809703	2
155151	MN234214_w1000_s11500	MN234214	2
155158	NC_007021_w5000_s102500	NC_007021	2
155170	OZ196209_w10000_s15000	OZ196209	2
155172	KY653123_w10000_s25000	KY653123	2
155173	OQ417965_w5000_s25000	OQ417965	2
155200	PQ571269_w5000_s5000	PQ571269	2
155204	MT310864_w5000_s7500	MT310864	2
155213	MN703411_w10000_s15000	MN703411	2
155235	LR031359_w2000_s118000	LR031359	2
155243	MK433274_w5000_s42500	MK433274	2
155278	OR532796_w1000_s38500	OR532796	2
155282	OL799258_w1000_s76000	OL799258	2
155283	KU737347_w1000_s60000	KU737347	2
155294	MZ616364_w20000_s70000	MZ616364	2
155301	PQ741606_w2000_s86000	PQ741606	2
155307	MZ420150_w5000_s87500	MZ420150	2
155310	MF459646_w10000_s170000	MF459646	2
155312	PQ096439_w20000_s110000	PQ096439	2
155313	LR031359_w20000_s30000	LR031359	2
155326	OQ808964_w20000_s20000	OQ808964	2
155334	MN709127_w5000_s85000	MN709127	2
155340	MZ634346_w2000_s10000	MZ634346	2
155349	OR157981_w10000_s30000	OR157981	2
155360	MK524522_w10000_s15000	MK524522	2
155380	NC_070715_w10000_s10000	NC_070715	2
155393	NC_028818_w1000_s10000	NC_028818	2
155406	OR896238_w5000_s30000	OR896238	2
155426	PQ864023_w10000_s5000	PQ864023	2
155434	MN585996_w10000_s50000	MN585996	2
155445	CP062442_w20000_s10000	CP062442	2
155448	NC_054937_w10000_s90000	NC_054937	2
155452	OR896834_w10000_s30000	OR896834	2
155457	JQ740805_w1000_s26500	JQ740805	2
155462	MG065671_w2000_s3000	MG065671	2
155463	NC_070973_w10000_s60000	NC_070973	2
155471	MT310865_w10000_s60000	MT310865	2
155480	KY006474_w1000_s17000	KY006474	2
155489	MN337573_w10000_s40000	MN337573	2
155494	MF459646_w2000_s57000	MF459646	2
155542	NC_031245_w20000_s80000	NC_031245	2
155561	MT497087_w1000_s25000	MT497087	2
155571	NC_025429_w1000_s75500	NC_025429	2
155593	JX415535_w5000_s47500	JX415535	2
155611	NC_028890_w5000_s32500	NC_028890	2
155623	NC_055819_w20000_s10000	NC_055819	2
155624	MF754116_w10000_s55000	MF754116	2
155645	NC_023585_w5000_s0	NC_023585	2
155667	NC_005345_w2000_s6000	NC_005345	2
155671	LN610579_w1000_s61500	LN610579	2
155672	NC_055869_w10000_s35000	NC_055869	2
155673	NC_031022_w2000_s6000	NC_031022	2
155680	PP582180_w2000_s63000	PP582180	2
155682	KU130127_w1000_s68000	KU130127	2
155720	OZ196868_w5000_s35000	OZ196868	2
155723	KX228400_w2000_s7000	KX228400	2
155727	AY135739_w1000_s23000	AY135739	2
155728	MK095195_w10000_s20000	MK095195	2
155736	MN013087_w5000_s5000	MN013087	2
155752	KP893289_w10000_s15000	KP893289	2
155762	MN234211_w10000_s45000	MN234211	2
155772	LC727889_w5000_s15000	LC727889	2
155773	KP861230_w20000_s20000	KP861230	2
155783	OM818330_w10000_s35000	OM818330	2
155795	KF156340_w20000_s100000	KF156340	2
155804	AB910392_w2000_s49000	AB910392	2
155822	OM982621_w1000_s19500	OM982621	2
155826	MK016496_w10000_s10000	MK016496	2
155868	OR896280_w20000_s0	OR896280	2
155884	ON881243_w10000_s125000	ON881243	2
155901	MZ443770_w1000_s213000	MZ443770	2
155908	PP977459_w2000_s41000	PP977459	2
155940	PQ480333_w10000_s155000	PQ480333	2
155944	MW419087_w1000_s112000	MW419087	2
155982	KR052482_w2000_s186000	KR052482	2
155990	PP848851_w5000_s22500	PP848851	2
155992	NC_054934_w20000_s140000	NC_054934	2
155994	KJ019142_w20000_s100000	KJ019142	2
156014	NC_030934_w1000_s20000	NC_030934	2
156041	MN871446_w1000_s231500	MN871446	2
156042	MK719704_w20000_s60000	MK719704	2
156046	NC_048750_w10000_s0	NC_048750	2
156055	MG867727_w2000_s58000	MG867727	2
156059	PP695294_w5000_s180000	PP695294	2
156076	PQ820060_w5000_s5000	PQ820060	2
156087	MN988561_w20000_s170000	MN988561	2
156096	NC_053505_w5000_s20000	NC_053505	2
156100	MN871488_w10000_s75000	MN871488	2
156114	OR253900_w20000_s40000	OR253900	2
156130	GQ502199_w5000_s40000	GQ502199	2
156133	KJ003983_w20000_s60000	KJ003983	2
156146	OK272480_w2000_s101000	OK272480	2
156168	MN988534_w2000_s128000	MN988534	2
156195	MN782535_w5000_s152500	MN782535	2
156213	OL964745_w2000_s57000	OL964745	2
156233	NC_070777_w20000_s120000	NC_070777	2
156235	OQ378934_w5000_s55000	OQ378934	2
156246	PP579742_w5000_s7500	PP579742	2
156254	OR896224_w1000_s35000	OR896224	2
156258	OQ572410_w20000_s0	OQ572410	2
156267	KU599879_w5000_s35000	KU599879	2
156268	NC_048806_w10000_s55000	NC_048806	2
156275	OZ035773_w1000_s33500	OZ035773	2
156296	MW021749_w5000_s77500	MW021749	2
156297	OM908766_w10000_s60000	OM908766	2
156305	NC_010811_w1000_s79500	NC_010811	2
156335	KR029087_w10000_s50000	KR029087	2
156336	KY554774_w5000_s70000	KY554774	2
156338	OR896255_w10000_s0	OR896255	2
156342	AB255436_w20000_s10000	AB255436	2
156352	MF374379_w20000_s0	MF374379	2
156368	KX349318_w20000_s50000	KX349318	2
156381	MN813700_w5000_s2500	MN813700	2
156392	PP704628_w2000_s11000	PP704628	2
156396	MK450429_w5000_s117500	MK450429	2
156419	OL631484_w10000_s45000	OL631484	2
156422	NC_042346_w20000_s0	NC_042346	2
156428	MZ333132_w20000_s30000	MZ333132	2
156450	PQ818762_w5000_s90000	PQ818762	2
156455	NC_047925_w10000_s10000	NC_047925	2
156471	PQ819472_w1000_s107000	PQ819472	2
156472	OZ195848_w10000_s35000	OZ195848	2
156476	AY052766_w10000_s30000	AY052766	2
156481	NC_028836_w20000_s10000	NC_028836	2
156483	NC_070973_w1000_s68500	NC_070973	2
156492	OP172869_w5000_s0	OP172869	2
156497	NC_047802_w2000_s33000	NC_047802	2
156507	PP978794_w2000_s14000	PP978794	2
156527	MT118292_w10000_s40000	MT118292	2
156537	OY976571_w20000_s0	OY976571	2
156553	JN204348_w10000_s120000	JN204348	2
156557	KJ019069_w5000_s85000	KJ019069	2
156568	NC_053247_w1000_s31500	NC_053247	2
156594	MT074458_w1000_s56500	MT074458	2
156596	NC_047819_w5000_s20000	NC_047819	2
156601	MK613348_w5000_s2500	MK613348	2
156605	KM983331_w5000_s2500	KM983331	2
156615	OZ195964_w5000_s50000	OZ195964	2
156622	PQ859379_w1000_s25500	PQ859379	2
156623	PP418987_w20000_s40000	PP418987	2
156627	PQ189363_w1000_s2500	PQ189363	2
156634	MT657339_w20000_s0	MT657339	2
156644	OZ195711_w10000_s5000	OZ195711	2
156656	OR475249_w1000_s54000	OR475249	2
156666	MT074141_w2000_s118000	MT074141	2
156692	KP881232_w10000_s120000	KP881232	2
156693	MT012302_w2000_s30000	MT012302	2
156696	MN516422_w20000_s0	MN516422	2
156709	PQ571279_w5000_s7500	PQ571279	2
156739	NC_055847_w10000_s85000	NC_055847	2
156752	KU160654_w2000_s27000	KU160654	2
156754	MT863731_w1000_s92000	MT863731	2
156755	MW419086_w20000_s50000	MW419086	2
156758	PP723047_w1000_s87000	PP723047	2
156761	OQ378934_w20000_s120000	OQ378934	2
156780	NC_031034_w20000_s90000	NC_031034	2
156820	NC_048714_w10000_s25000	NC_048714	2
156821	KY554777_w10000_s20000	KY554777	2
156822	MH697583_w1000_s59500	MH697583	2
156823	MN895434_w10000_s85000	MN895434	2
156828	OZ196106_w5000_s50000	OZ196106	2
156831	NC_070786_w2000_s35000	NC_070786	2
156840	NC_070777_w20000_s20000	NC_070777	2
156842	ON170189_w1000_s30000	ON170189	2
156844	OK040789_w5000_s85000	OK040789	2
156845	NC_051734_w10000_s25000	NC_051734	2
156859	NC_022753_w10000_s20000	NC_022753	2
156860	PQ656107_w10000_s65000	PQ656107	2
156939	KY779849_w10000_s10000	KY779849	2
156953	MK327942_w5000_s27500	MK327942	2
156955	MN586024_w20000_s60000	MN586024	2
156961	NC_009804_w20000_s40000	NC_009804	2
156963	NC_041965_w1000_s26000	NC_041965	2
156965	MH316565_w10000_s10000	MH316565	2
156968	OQ999401_w2000_s59000	OQ999401	2
156981	MG592637_w1000_s14000	MG592637	2
156998	OY757066_w10000_s10000	OY757066	2
157001	NC_048195_w20000_s0	NC_048195	2
157015	MN813051_w2000_s20000	MN813051	2
157022	OQ734493_w1000_s1000	OQ734493	2
157029	NC_070777_w10000_s50000	NC_070777	2
157037	KU686206_w10000_s55000	KU686206	2
157041	PP301341_w1000_s69500	PP301341	2
157044	OZ196215_w1000_s26500	OZ196215	2
157063	PP723048_w2000_s49000	PP723048	2
157089	PV052269_w10000_s25000	PV052269	2
157092	AJ556162_w20000_s20000	AJ556162	2
157093	MK798144_w2000_s33000	MK798144	2
157094	AP008983_w2000_s21000	AP008983	2
157130	MF285619_w2000_s34000	MF285619	2
157131	LC768496_w20000_s70000	LC768496	2
157134	OR521065_w2000_s22000	OR521065	2
157169	OZ035850_w1000_s157500	OZ035850	2
157172	KJ749827_w10000_s5000	KJ749827	2
157192	OZ195867_w1000_s8500	OZ195867	2
157206	KX657796_w20000_s10000	KX657796	2
157253	KJ019141_w10000_s25000	KJ019141	2
157267	NC_007581_w10000_s130000	NC_007581	2
157273	NC_028881_w1000_s69500	NC_028881	2
157297	ON132389_w10000_s25000	ON132389	2
157299	AY052766_w1000_s3000	AY052766	2
157307	OM634653_w2000_s81000	OM634653	2
157318	PP208919_w1000_s13000	PP208919	2
157349	NC_023859_w5000_s52500	NC_023859	2
157359	OZ195950_w2000_s41000	OZ195950	2
157360	NC_053235_w5000_s5000	NC_053235	2
157368	KY883635_w5000_s0	KY883635	2
157384	MF288920_w10000_s80000	MF288920	2
157392	OR896251_w2000_s1000	OR896251	2
157401	PP454752_w2000_s6000	PP454752	2
157403	MF158046_w10000_s75000	MF158046	2
157413	MK907231_w20000_s0	MK907231	2
157415	MH746814_w5000_s65000	MH746814	2
157420	KF156340_w10000_s80000	KF156340	2
157421	KT239446_w2000_s111000	KT239446	2
157426	OL741432_w20000_s120000	OL741432	2
157442	MZ826345_w1000_s29500	MZ826345	2
157448	PP405127_w2000_s33000	PP405127	2
157451	PP695294_w1000_s241500	PP695294	2
157475	OP380601_w20000_s130000	OP380601	2
157478	MW250641_w20000_s20000	MW250641	2
157498	NC_028659_w10000_s120000	NC_028659	2
157504	MK511005_w2000_s8000	MK511005	2
157512	MT310865_w2000_s109000	MT310865	2
157531	KU199710_w2000_s36000	KU199710	2
157538	MT446392_w5000_s152500	MT446392	2
157545	NC_051695_w5000_s30000	NC_051695	2
157569	MK804891_w2000_s31000	MK804891	2
157587	OK624832_w2000_s14000	OK624832	2
157612	MF497422_w1000_s39000	MF497422	2
157631	OQ953985_w2000_s4000	OQ953985	2
157637	MZ031013_w1000_s19000	MZ031013	2
157643	OL840900_w5000_s80000	OL840900	2
157649	NC_041853_w2000_s7000	NC_041853	2
157664	KY499642_w2000_s214000	KY499642	2
157692	JN191664_w5000_s12500	JN191664	2
157745	OR148984_w2000_s4000	OR148984	2
157764	MZ568828_w20000_s10000	MZ568828	2
157766	OZ196193_w10000_s20000	OZ196193	2
157771	KF626665_w10000_s5000	KF626665	2
157781	MN813700_w5000_s25000	MN813700	2
157812	OZ035850_w10000_s70000	OZ035850	2
157823	JQ287645_w1000_s0	JQ287645	2
157835	KJ019128_w10000_s135000	KJ019128	2
157840	PP885687_w1000_s64000	PP885687	2
157844	MT310868_w5000_s5000	MT310868	2
157846	MH853788_w2000_s41000	MH853788	2
157847	MT774376_w1000_s83000	MT774376	2
157850	MW394390_w10000_s20000	MW394390	2
157861	NC_054945_w1000_s28500	NC_054945	2
157880	MF036691_w5000_s122500	MF036691	2
157881	MF805809_w5000_s17500	MF805809	2
157900	MW021753_w5000_s67500	MW021753	2
157906	KP881232_w1000_s103000	KP881232	2
157909	NC_042031_w2000_s58000	NC_042031	2
157911	MH051911_w20000_s10000	MH051911	2
157914	PQ096439_w10000_s70000	PQ096439	2
157917	NC_016564_w2000_s65000	NC_016564	2
157924	NC_025437_w5000_s137500	NC_025437	2
157927	MF324908_w20000_s40000	MF324908	2
157935	PP511808_w5000_s0	PP511808	2
157942	MT682710_w10000_s140000	MT682710	2
157960	PP429226_w2000_s125000	PP429226	2
157963	MG592411_w2000_s52000	MG592411	2
157969	EU100884_w1000_s71000	EU100884	2
157971	NC_022753_w20000_s30000	NC_022753	2
157973	PQ114736_w1000_s81500	PQ114736	2
157981	OR846725_w20000_s10000	OR846725	2
157984	NC_047996_w2000_s6000	NC_047996	2
157990	MN895438_w1000_s131000	MN895438	2
157995	OR553913_w1000_s41000	OR553913	2
158002	PP934564_w10000_s35000	PP934564	2
158006	OQ859051_w1000_s500	OQ859051	2
158012	OQ818698_w20000_s0	OQ818698	2
158021	OP784575_w10000_s25000	OP784575	2
158026	ON970570_w1000_s38000	ON970570	2
158038	KJ019095_w20000_s180000	KJ019095	2
158060	KJ628499_w10000_s30000	KJ628499	2
158074	OZ035746_w2000_s22000	OZ035746	2
158095	MW812339_w2000_s144000	MW812339	2
158097	AJ556162_w10000_s10000	AJ556162	2
158098	MK814757_w1000_s9500	MK814757	2
158108	MT497228_w2000_s47000	MT497228	2
158119	AY954956_w5000_s0	AY954956	2
158133	PP083312_w2000_s41000	PP083312	2
158143	NC_062736_w5000_s2500	NC_062736	2
158178	MZ892989_w20000_s0	MZ892989	2
158181	CP000625_w1000_s39500	CP000625	2
158182	OZ196552_w20000_s50000	OZ196552	2
158189	ON190024_w1000_s1000	ON190024	2
158192	KP861230_w5000_s40000	KP861230	2
158234	KX349270_w2000_s27000	KX349270	2
158247	PP582180_w1000_s17000	PP582180	2
158251	LR535921_w5000_s77500	LR535921	2
158258	OL780484_w2000_s167000	OL780484	2
158264	OR575929_w2000_s59000	OR575929	2
158265	MK295205_w1000_s72000	MK295205	2
158268	NC_048823_w2000_s21000	NC_048823	2
158277	MK494112_w10000_s90000	MK494112	2
158282	PP841128_w10000_s25000	PP841128	2
158296	OL656108_w20000_s50000	OL656108	2
158304	MG646671_w1000_s14000	MG646671	2
158313	MW325771_w10000_s75000	MW325771	2
158316	OQ466432_w20000_s30000	OQ466432	2
158322	NC_054937_w2000_s114000	NC_054937	2
158326	LC616061_w1000_s25500	LC616061	2
158341	NC_091964_w10000_s45000	NC_091964	2
158354	NC_049808_w1000_s27000	NC_049808	2
158363	PQ741606_w20000_s20000	PQ741606	2
158378	MK994515_w2000_s271000	MK994515	2
158398	OX335375_w2000_s17000	OX335375	2
158399	NC_048685_w10000_s30000	NC_048685	2
158427	MH299806_w5000_s22500	MH299806	2
158441	MK448801_w2000_s13000	MK448801	2
158461	OR125554_w20000_s70000	OR125554	2
158467	PQ666539_w2000_s68000	PQ666539	2
158483	LR597646_w20000_s20000	LR597646	2
158496	MW812339_w10000_s95000	MW812339	2
158502	AP014714_w10000_s125000	AP014714	2
158514	ON602742_w2000_s7000	ON602742	2
158527	MF036691_w5000_s142500	MF036691	2
158534	OZ196426_w1000_s8000	OZ196426	2
158586	OQ850183_w2000_s50000	OQ850183	2
158593	PQ096439_w2000_s79000	PQ096439	2
158594	OP380601_w10000_s40000	OP380601	2
158615	MH779524_w10000_s10000	MH779524	2
158620	MN994497_w2000_s111000	MN994497	2
158621	MT580897_w20000_s120000	MT580897	2
158627	MT074476_w20000_s80000	MT074476	2
158633	MW057857_w10000_s75000	MW057857	2
158638	KJ192399_w5000_s35000	KJ192399	2
158648	ON189043_w10000_s25000	ON189043	2
158689	ON814134_w5000_s82500	ON814134	2
158690	KX808131_w2000_s29000	KX808131	2
158696	PQ007101_w1000_s5000	PQ007101	2
158702	OZ196440_w2000_s11000	OZ196440	2
158716	NC_073315_w2000_s14000	NC_073315	2
158721	MZ089732_w2000_s2000	MZ089732	2
158766	NC_054924_w10000_s40000	NC_054924	2
158769	NC_041879_w10000_s20000	NC_041879	2
158777	DQ222851_w20000_s10000	DQ222851	2
158783	MT118290_w5000_s20000	MT118290	2
158789	MW349129_w2000_s250000	MW349129	2
158794	PP476965_w5000_s17500	PP476965	2
158797	KJ019049_w20000_s120000	KJ019049	2
158799	NC_020877_w2000_s49000	NC_020877	2
158808	MN994500_w20000_s20000	MN994500	2
158836	PP083312_w10000_s65000	PP083312	2
158847	MT080600_w10000_s20000	MT080600	2
158849	ON602753_w1000_s29000	ON602753	2
158858	MT118292_w2000_s58000	MT118292	2
158864	MW419087_w20000_s90000	MW419087	2
158865	MN585996_w2000_s27000	MN585996	2
158873	MF288922_w2000_s5000	MF288922	2
158878	MG564297_w2000_s25000	MG564297	2
158903	KJ473422_w2000_s45000	KJ473422	2
158910	MN988561_w10000_s45000	MN988561	2
158915	AP014889_w10000_s15000	AP014889	2
158941	OZ196098_w1000_s24000	OZ196098	2
158959	NC_041923_w1000_s45000	NC_041923	2
158975	PP464953_w20000_s100000	PP464953	2
158992	MZ322024_w10000_s5000	MZ322024	2
158993	LC645425_w2000_s45000	LC645425	2
159001	MH651171_w2000_s22000	MH651171	2
159008	MW927514_w5000_s35000	MW927514	2
159009	OP009265_w1000_s56500	OP009265	2
159010	KJ019041_w1000_s25000	KJ019041	2
159020	OL960567_w1000_s128500	OL960567	2
159023	KC801932_w5000_s72500	KC801932	2
159033	OR475271_w1000_s54500	OR475271	2
159034	MT498037_w20000_s40000	MT498037	2
159039	MK737944_w10000_s10000	MK737944	2
159044	OP103920_w2000_s39000	OP103920	2
159045	JN712910_w1000_s15500	JN712910	2
159049	MN010758_w20000_s10000	MN010758	2
159058	LC788709_w20000_s50000	LC788709	2
159060	KP790010_w10000_s20000	KP790010	2
159061	MK450429_w1000_s18000	MK450429	2
159081	PQ900653_w5000_s5000	PQ900653	2
159086	PP971806_w5000_s17500	PP971806	2
159101	NC_019456_w5000_s27500	NC_019456	2
159108	MK907248_w2000_s22000	MK907248	2
159121	OR195044_w1000_s31500	OR195044	2
159132	MK719744_w20000_s30000	MK719744	2
159139	MK050846_w2000_s37000	MK050846	2
159153	MF975721_w5000_s5000	MF975721	2
159154	PQ249396_w1000_s93000	PQ249396	2
159175	NC_055804_w2000_s18000	NC_055804	2
159177	MT497105_w2000_s36000	MT497105	2
159204	PQ249396_w5000_s147500	PQ249396	2
159207	OP978391_w10000_s145000	OP978391	2
159216	MG770213_w2000_s29000	MG770213	2
159233	PP357460_w1000_s21500	PP357460	2
159244	OZ196098_w20000_s70000	OZ196098	2
159245	LC744189_w2000_s46000	LC744189	2
159253	MT596502_w10000_s55000	MT596502	2
159262	OR067835_w1000_s11500	OR067835	2
159289	PQ571289_w2000_s22000	PQ571289	2
159292	PQ464597_w20000_s140000	PQ464597	2
159312	KU686197_w1000_s143500	KU686197	2
159351	NC_048102_w20000_s100000	NC_048102	2
159365	KF929199_w10000_s45000	KF929199	2
159379	OP947226_w1000_s45500	OP947226	2
159427	MH697583_w10000_s10000	MH697583	2
159441	MK050846_w5000_s17500	MK050846	2
159468	PP531540_w2000_s85000	PP531540	2
159472	PQ498461_w10000_s30000	PQ498461	2
159473	KJ019069_w2000_s190000	KJ019069	2
159497	MZ417338_w10000_s50000	MZ417338	2
159513	OZ196125_w2000_s63000	OZ196125	2
159541	MZ092003_w10000_s60000	MZ092003	2
159542	OZ195725_w2000_s11000	OZ195725	2
159561	OR896251_w20000_s20000	OR896251	2
159587	KJ628499_w2000_s59000	KJ628499	2
159589	LN610572_w2000_s84000	LN610572	2
159592	AY135739_w20000_s10000	AY135739	2
159600	OR846725_w10000_s30000	OR846725	2
159603	JQ740808_w2000_s15000	JQ740808	2
159604	MW349129_w1000_s224000	MW349129	2
159609	NC_051607_w5000_s0	NC_051607	2
159616	MN988561_w10000_s0	MN988561	2
159618	NC_048754_w5000_s62500	NC_048754	2
159619	MN038176_w10000_s100000	MN038176	2
159624	MK994515_w2000_s107000	MK994515	2
159649	PQ516279_w5000_s2500	PQ516279	2
159650	KX011028_w5000_s90000	KX011028	2
159653	OZ196207_w1000_s52000	OZ196207	2
159660	MF476925_w1000_s26000	MF476925	2
159670	NC_005345_w5000_s7500	NC_005345	2
159687	MT012302_w10000_s20000	MT012302	2
159690	OR475249_w2000_s49000	OR475249	2
159692	OK095358_w5000_s22500	OK095358	2
159699	OL702938_w2000_s17000	OL702938	2
159700	MN043729_w1000_s82500	MN043729	2
159708	OQ871555_w10000_s35000	OQ871555	2
159717	PQ166232_w2000_s0	PQ166232	2
159740	AY129338_w2000_s0	AY129338	2
159744	MT711526_w2000_s23000	MT711526	2
159747	PQ309151_w5000_s147500	PQ309151	2
159755	OR125554_w2000_s158000	OR125554	2
159766	NC_028697_w10000_s5000	NC_028697	2
159772	AY954953_w5000_s30000	AY954953	2
159789	PV173278_w10000_s15000	PV173278	2
159792	MF001361_w1000_s64000	MF001361	2
159795	OK076929_w1000_s63500	OK076929	2
159797	MF919495_w10000_s40000	MF919495	2
159798	NC_028755_w2000_s70000	NC_028755	2
159830	OP263967_w1000_s118500	OP263967	2
159835	PP534475_w5000_s97500	PP534475	2
159844	OR845003_w2000_s12000	OR845003	2
159861	MN270268_w20000_s30000	MN270268	2
159874	MN197465_w5000_s47500	MN197465	2
159883	OZ195923_w5000_s45000	OZ195923	2
159912	MK798144_w10000_s25000	MK798144	2
159915	JN699628_w5000_s75000	JN699628	2
159950	KF183314_w20000_s20000	KF183314	2
159954	PQ464597_w5000_s35000	PQ464597	2
159995	MZ475898_w1000_s105000	MZ475898	2
160013	NC_021335_w1000_s8000	NC_021335	2
160021	PP848854_w1000_s16000	PP848854	2
160041	OR896216_w5000_s0	OR896216	2
160049	KX557284_w10000_s10000	KX557284	2
160056	MH590591_w5000_s25000	MH590591	2
160060	NC_014635_w1000_s140000	NC_014635	2
160063	MW464860_w5000_s35000	MW464860	2
160065	MZ089732_w2000_s21000	MZ089732	2
160067	OZ196096_w2000_s71000	OZ196096	2
160071	MT074144_w1000_s34000	MT074144	2
160079	LC465543_w1000_s7000	LC465543	2
160110	LC727699_w5000_s252500	LC727699	2
160120	MT074475_w10000_s20000	MT074475	2
160121	NC_048806_w5000_s12500	NC_048806	2
160140	OQ603353_w1000_s61500	OQ603353	2
160143	PQ464597_w5000_s15000	PQ464597	2
160153	MG770379_w20000_s110000	MG770379	2
160155	PQ492289_w20000_s80000	PQ492289	2
160173	PQ768829_w10000_s90000	PQ768829	2
160174	NC_030920_w5000_s12500	NC_030920	2
160184	NC_055739_w5000_s145000	NC_055739	2
160207	MT580897_w5000_s50000	MT580897	2
160215	OZ196117_w1000_s59000	OZ196117	2
160226	PQ561419_w2000_s6000	PQ561419	2
160246	MK433264_w2000_s26000	MK433264	2
160266	MN043729_w1000_s31500	MN043729	2
160271	MW629017_w5000_s10000	MW629017	2
160272	NC_028962_w5000_s72500	NC_028962	2
160302	OY979411_w2000_s15000	OY979411	2
160304	OK272480_w20000_s30000	OK272480	2
160308	OL770259_w5000_s147500	OL770259	2
160315	MW629017_w5000_s5000	MW629017	2
160329	OR125554_w10000_s70000	OR125554	2
160330	MH744418_w20000_s160000	MH744418	2
160338	OZ196109_w10000_s100000	OZ196109	2
160345	MW824416_w20000_s70000	MW824416	2
160350	NC_026599_w1000_s16000	NC_026599	2
160357	NC_048710_w5000_s5000	NC_048710	2
160360	OQ817839_w20000_s20000	OQ817839	2
160361	PP978835_w5000_s35000	PP978835	2
160362	OR195045_w5000_s32500	OR195045	2
160377	OK490404_w1000_s25000	OK490404	2
160379	MK448804_w2000_s8000	MK448804	2
160381	OZ196255_w20000_s40000	OZ196255	2
160413	PP695294_w2000_s94000	PP695294	2
160436	NC_030920_w1000_s127500	NC_030920	2
160449	NC_020083_w1000_s74000	NC_020083	2
160457	OK499992_w2000_s70000	OK499992	2
160461	OZ196059_w20000_s80000	OZ196059	2
160466	NC_003356_w5000_s2500	NC_003356	2
160474	MK279881_w20000_s30000	MK279881	2
160476	MT580897_w2000_s114000	MT580897	2
160479	OQ921346_w10000_s15000	OQ921346	2
160481	KU598975_w5000_s7500	KU598975	2
160504	PP810247_w10000_s10000	PP810247	2
160544	PQ189316_w2000_s0	PQ189316	2
160547	LC616062_w10000_s15000	LC616062	2
160552	PP496443_w5000_s117500	PP496443	2
160581	KX397373_w10000_s20000	KX397373	2
160588	OL964745_w2000_s70000	OL964745	2
160627	OK483201_w10000_s60000	OK483201	2
160633	KU687348_w2000_s30000	KU687348	2
160641	JQ965645_w5000_s87500	JQ965645	2
160646	OK149215_w10000_s20000	OK149215	2
160647	NC_054934_w20000_s50000	NC_054934	2
160671	AY176327_w10000_s90000	AY176327	2
160672	OK570374_w10000_s90000	OK570374	2
160673	NC_028890_w10000_s40000	NC_028890	2
160686	MK613349_w2000_s21000	MK613349	2
160689	MF668282_w10000_s15000	MF668282	2
160705	OL964735_w2000_s143000	OL964735	2
160715	KJ829260_w1000_s51500	KJ829260	2
160720	MF580773_w5000_s15000	MF580773	2
160732	NC_028881_w2000_s21000	NC_028881	2
160744	MT325768_w5000_s85000	MT325768	2
160745	AY962392_w1000_s134000	AY962392	2
160753	KF626665_w1000_s46000	KF626665	2
160756	MK448846_w2000_s31000	MK448846	2
160763	PP724615_w10000_s55000	PP724615	2
160765	AJ556162_w1000_s5500	AJ556162	2
160771	MK962640_w1000_s27500	MK962640	2
160779	KX664455_w5000_s2500	KX664455	2
160785	PQ096439_w20000_s0	PQ096439	2
160788	NC_021063_w10000_s15000	NC_021063	2
160801	OM818330_w1000_s23000	OM818330	2
160803	OQ921346_w10000_s55000	OQ921346	2
160816	MG592621_w2000_s129000	MG592621	2
160817	OZ196868_w1000_s62500	OZ196868	2
160825	OM386660_w5000_s57500	OM386660	2
160837	ON453895_w20000_s0	ON453895	2
160849	MG925355_w10000_s30000	MG925355	2
160852	NC_047819_w2000_s29000	NC_047819	2
160854	NC_031034_w5000_s72500	NC_031034	2
160864	NC_041961_w5000_s35000	NC_041961	2
160886	MZ616364_w5000_s22500	MZ616364	2
160895	OQ603353_w20000_s40000	OQ603353	2
160897	HM114277_w2000_s95000	HM114277	2
160906	NC_028881_w10000_s80000	NC_028881	2
160910	MZ334503_w10000_s30000	MZ334503	2
160911	MT818424_w2000_s20000	MT818424	2
160916	NC_048013_w1000_s56000	NC_048013	2
160919	NC_070777_w1000_s22500	NC_070777	2
160927	OR180314_w2000_s47000	OR180314	2
160943	MT135295_w1000_s1500	MT135295	2
160947	PQ309151_w10000_s30000	PQ309151	2
160960	KJ019162_w20000_s40000	KJ019162	2
160968	MW822536_w5000_s12500	MW822536	2
160970	MT684598_w10000_s50000	MT684598	2
160989	MW355452_w1000_s15000	MW355452	2
161002	OP009265_w20000_s40000	OP009265	2
161011	MK373778_w5000_s77500	MK373778	2
161013	MG065654_w20000_s90000	MG065654	2
161032	OR584013_w10000_s105000	OR584013	2
161034	PQ221054_w1000_s17500	PQ221054	2
161072	PQ656107_w5000_s42500	PQ656107	2
161079	NC_070885_w1000_s127500	NC_070885	2
161085	MF428478_w10000_s30000	MF428478	2
161118	PP312924_w1000_s47500	PP312924	2
161128	KY385423_w1000_s37000	KY385423	2
161153	KY554774_w5000_s42500	KY554774	2
161169	HE614282_w1000_s29000	HE614282	2
161170	NC_019720_w10000_s0	NC_019720	2
161185	OZ195867_w1000_s105500	OZ195867	2
161198	MG757163_w2000_s10000	MG757163	2
161223	MN062712_w5000_s2500	MN062712	2
161224	MN027503_w20000_s0	MN027503	2
161228	PP098623_w2000_s33000	PP098623	2
161233	KU927497_w2000_s4000	KU927497	2
161234	NC_053011_w5000_s20000	NC_053011	2
161241	MT438761_w5000_s27500	MT438761	2
161248	DQ398046_w1000_s24000	DQ398046	2
161256	ON528745_w10000_s95000	ON528745	2
161259	OP617748_w2000_s111000	OP617748	2
161264	MT498037_w10000_s40000	MT498037	2
161268	OZ196206_w10000_s10000	OZ196206	2
161286	OR896230_w10000_s5000	OR896230	2
161302	LR595867_w1000_s34500	LR595867	2
161339	NC_073592_w10000_s20000	NC_073592	2
161343	NC_049428_w10000_s25000	NC_049428	2
161344	ON970619_w1000_s18000	ON970619	2
161351	MN101230_w5000_s50000	MN101230	2
161354	MT446387_w20000_s120000	MT446387	2
161363	MT682710_w2000_s106000	MT682710	2
161390	MH697590_w1000_s10000	MH697590	2
161415	OP751147_w10000_s15000	OP751147	2
161431	NC_028962_w20000_s80000	NC_028962	2
161434	OM908766_w2000_s55000	OM908766	2
161473	ON042478_w10000_s95000	ON042478	2
161476	OZ196191_w1000_s3500	OZ196191	2
161495	KX431560_w2000_s40000	KX431560	2
161497	PQ096439_w1000_s81500	PQ096439	2
161499	MT497273_w5000_s40000	MT497273	2
161504	NC_054924_w20000_s80000	NC_054924	2
161522	OL964754_w2000_s53000	OL964754	2
161555	OR539220_w5000_s100000	OR539220	2
161561	OR671239_w20000_s0	OR671239	2
161579	MT446392_w20000_s80000	MT446392	2
161588	OM112209_w20000_s20000	OM112209	2
161599	MH552500_w5000_s75000	MH552500	2
161608	MN234209_w5000_s37500	MN234209	2
161609	NC_070885_w10000_s5000	NC_070885	2
161627	OQ850183_w5000_s42500	OQ850183	2
161628	NC_054934_w5000_s97500	NC_054934	2
161635	LC465543_w1000_s4500	LC465543	2
161637	MK494112_w10000_s60000	MK494112	2
161646	MH688040_w1000_s50500	MH688040	2
161647	PP579742_w20000_s30000	PP579742	2
161655	PQ589211_w1000_s28500	PQ589211	2
161660	PQ859379_w20000_s0	PQ859379	2
161667	MN234188_w2000_s14000	MN234188	2
161671	KX349323_w1000_s170500	KX349323	2
161688	EU100884_w5000_s75000	EU100884	2
161690	MH460463_w2000_s133000	MH460463	2
161696	OR256022_w20000_s30000	OR256022	2
161699	KY554777_w1000_s107500	KY554777	2
161706	KJ174318_w1000_s12500	KJ174318	2
161712	MG065658_w10000_s75000	MG065658	2
161726	LR794149_w2000_s7000	LR794149	2
161728	FJ000341_w20000_s20000	FJ000341	2
161734	OM105886_w2000_s49000	OM105886	2
161739	PP496443_w20000_s10000	PP496443	2
161741	MT663719_w20000_s20000	MT663719	2
161761	AF489521_w2000_s23000	AF489521	2
161763	MW394390_w2000_s16000	MW394390	2
161782	HQ634195_w20000_s0	HQ634195	2
161794	MT679221_w1000_s151000	MT679221	2
161804	MH674343_w20000_s0	MH674343	2
161818	PQ505478_w2000_s14000	PQ505478	2
161820	MT675124_w1000_s42500	MT675124	2
161828	KX011028_w2000_s94000	KX011028	2
161829	MN032614_w1000_s218000	MN032614	2
161831	NC_010811_w5000_s200000	NC_010811	2
161855	PQ362680_w10000_s40000	PQ362680	2
161870	OP978391_w2000_s161000	OP978391	2
161871	PP597384_w1000_s112000	PP597384	2
161891	LC483177_w2000_s141000	LC483177	2
161909	EU876853_w1000_s43500	EU876853	2
161914	NC_053514_w5000_s72500	NC_053514	2
161915	LC744188_w1000_s51500	LC744188	2
161932	PP429240_w5000_s0	PP429240	2
161940	MT310865_w5000_s102500	MT310865	2
161942	OL770260_w5000_s70000	OL770260	2
161989	MT700412_w10000_s10000	MT700412	2
161992	NC_070860_w5000_s45000	NC_070860	2
161993	NC_022753_w20000_s0	NC_022753	2
162007	OK272480_w1000_s46500	OK272480	2
162012	NC_048102_w5000_s20000	NC_048102	2
162013	OX241557_w2000_s14000	OX241557	2
162020	MZ417321_w20000_s90000	MZ417321	2
162023	PP208919_w20000_s10000	PP208919	2
162043	MK016496_w10000_s30000	MK016496	2
162045	NC_053505_w2000_s29000	NC_053505	2
162052	KT270441_w20000_s0	KT270441	2
162055	JX181825_w20000_s110000	JX181825	2
162056	NC_048182_w2000_s180000	NC_048182	2
162062	OL539467_w2000_s31000	OL539467	2
162065	PP978831_w20000_s20000	PP978831	2
162074	KJ192399_w5000_s32500	KJ192399	2
162092	OZ195763_w1000_s12500	OZ195763	2
162107	OZ196440_w2000_s72000	OZ196440	2
162112	NC_031019_w5000_s30000	NC_031019	2
162114	MH929319_w5000_s147500	MH929319	2
162116	NC_020083_w2000_s45000	NC_020083	2
162119	MK240351_w5000_s85000	MK240351	2
162124	NC_071008_w10000_s15000	NC_071008	2
162129	JX181825_w5000_s105000	JX181825	2
162131	MN013087_w2000_s25000	MN013087	2
162144	CAJDKB010000002_w5000_s22500	CAJDKB010000002	2
162169	NC_042067_w1000_s3500	NC_042067	2
162186	OR896349_w10000_s20000	OR896349	2
162192	LC567829_w1000_s34500	LC567829	2
162195	ON170268_w5000_s20000	ON170268	2
162202	OL770107_w5000_s150000	OL770107	2
162203	MN995824_w20000_s0	MN995824	2
162205	NC_062736_w2000_s177000	NC_062736	2
162211	OR256022_w5000_s27500	OR256022	2
162215	ON548418_w5000_s125000	ON548418	2
162219	JX181825_w10000_s125000	JX181825	2
162222	OL539468_w1000_s113000	OL539468	2
162227	NC_023744_w1000_s51000	NC_023744	2
162233	OZ196440_w20000_s40000	OZ196440	2
162249	MK814756_w5000_s37500	MK814756	2
162250	MK433268_w10000_s20000	MK433268	2
162251	NC_073218_w5000_s5000	NC_073218	2
162258	NC_028907_w1000_s33000	NC_028907	2
162292	KX349261_w20000_s70000	KX349261	2
162299	PQ818762_w2000_s26000	PQ818762	2
162301	KY264020_w2000_s0	KY264020	2
162302	OP314871_w20000_s30000	OP314871	2
162332	KU886223_w1000_s204500	KU886223	2
162337	MT491205_w1000_s4500	MT491205	2
162338	KX349318_w5000_s137500	KX349318	2
162344	LR800396_w20000_s60000	LR800396	2
162364	MT310863_w2000_s44000	MT310863	2
162380	OZ196086_w5000_s20000	OZ196086	2
162391	OR290783_w10000_s10000	OR290783	2
162394	OL770107_w1000_s11000	OL770107	2
162406	MW364973_w5000_s20000	MW364973	2
162409	LC727699_w20000_s210000	LC727699	2
162415	MK719703_w10000_s45000	MK719703	2
162425	PP695294_w1000_s176500	PP695294	2
162432	MZ616364_w20000_s30000	MZ616364	2
162477	OR683406_w1000_s24000	OR683406	2
162490	NC_070777_w2000_s100000	NC_070777	2
162511	MH399771_w2000_s26000	MH399771	2
162522	LC519601_w2000_s6000	LC519601	2
162523	OY720014_w5000_s42500	OY720014	2
162527	KR052142_w2000_s12000	KR052142	2
162530	OZ196147_w20000_s10000	OZ196147	2
162546	MH460463_w20000_s230000	MH460463	2
162548	ON113175_w5000_s17500	ON113175	2
162549	KX349247_w2000_s78000	KX349247	2
162575	OZ035761_w20000_s0	OZ035761	2
162591	KR093652_w5000_s37500	KR093652	2
162592	PP541513_w10000_s70000	PP541513	2
162598	MW021753_w2000_s149000	MW021753	2
162612	OR539220_w1000_s91000	OR539220	2
162617	MH669013_w20000_s30000	MH669013	2
162621	JN191664_w20000_s0	JN191664	2
162631	PQ516283_w5000_s17500	PQ516283	2
162636	OZ195950_w20000_s10000	OZ195950	2
162657	OP380601_w1000_s143500	OP380601	2
162668	NC_048644_w2000_s23000	NC_048644	2
162678	MZ501265_w10000_s110000	MZ501265	2
162713	MT585310_w2000_s38000	MT585310	2
162717	OR539218_w20000_s70000	OR539218	2
162719	NC_071036_w10000_s25000	NC_071036	2
162720	MT554104_w5000_s5000	MT554104	2
162734	OP503982_w1000_s21500	OP503982	2
162749	PQ657784_w5000_s155000	PQ657784	2
162754	MK095198_w20000_s0	MK095198	2
162758	MZ747519_w2000_s54000	MZ747519	2
162762	MG592632_w20000_s20000	MG592632	2
162763	AY954970_w10000_s65000	AY954970	2
162775	NC_054945_w10000_s65000	NC_054945	2
162780	OZ196869_w5000_s40000	OZ196869	2
162785	MK450429_w20000_s20000	MK450429	2
162786	PP541513_w1000_s85500	PP541513	2
162792	MZ322011_w2000_s16000	MZ322011	2
162795	OR896343_w20000_s20000	OR896343	2
162797	OR712157_w2000_s85000	OR712157	2
162810	OR896173_w1000_s35000	OR896173	2
162819	OR472445_w20000_s110000	OR472445	2
162840	MN027503_w5000_s127500	MN027503	2
162865	MT104122_w5000_s7500	MT104122	2
162869	OY979411_w2000_s40000	OY979411	2
162870	MH651171_w20000_s20000	MH651171	2
162932	MT956952_w20000_s20000	MT956952	2
162958	MN032614_w20000_s100000	MN032614	2
162965	PP429226_w20000_s100000	PP429226	2
162971	MH371116_w2000_s14000	MH371116	2
162972	NC_028448_w5000_s95000	NC_028448	2
162987	MK359329_w10000_s35000	MK359329	2
162991	PP496443_w10000_s0	PP496443	2
162996	OK040807_w20000_s60000	OK040807	2
163040	LN881734_w5000_s160000	LN881734	2
163046	OL539471_w2000_s147000	OL539471	2
163050	NC_049502_w20000_s90000	NC_049502	2
163085	MH892376_w5000_s12500	MH892376	2
163087	MH450116_w2000_s12000	MH450116	2
163091	MW824400_w1000_s80000	MW824400	2
163097	NC_041993_w5000_s142500	NC_041993	2
163110	MN850617_w5000_s27500	MN850617	2
163117	DQ832317_w20000_s20000	DQ832317	2
163135	MN505213_w2000_s19000	MN505213	2
163136	NC_054923_w20000_s120000	NC_054923	2
163139	PQ181262_w20000_s80000	PQ181262	2
163145	MK005300_w20000_s30000	MK005300	2
163147	MZ443770_w20000_s190000	MZ443770	2
163151	NC_022068_w5000_s25000	NC_022068	2
163157	NC_047747_w2000_s36000	NC_047747	2
163159	MK967392_w5000_s2500	MK967392	2
163163	MZ388555_w20000_s30000	MZ388555	2
163183	PP047754_w10000_s25000	PP047754	2
163184	PP938272_w20000_s20000	PP938272	2
163192	KX349261_w2000_s140000	KX349261	2
163214	NC_048770_w1000_s32000	NC_048770	2
163217	CAKLQH020000047_w2000_s6000	CAKLQH020000047	2
163223	KF192075_w20000_s30000	KF192075	2
163229	KY210139_w1000_s2000	KY210139	2
163231	PP516625_w5000_s10000	PP516625	2
163245	MN871446_w1000_s285000	MN871446	2
163271	PP885687_w1000_s3000	PP885687	2
163274	MH929319_w5000_s22500	MH929319	2
163275	MZ501265_w2000_s105000	MZ501265	2
163286	NC_062736_w10000_s10000	NC_062736	2
163303	ON602742_w2000_s4000	ON602742	2
163315	MN032614_w1000_s7500	MN032614	2
163317	MZ622175_w1000_s31500	MZ622175	2
163338	MN871446_w10000_s10000	MN871446	2
163382	NC_070713_w2000_s8000	NC_070713	2
163384	OP272493_w1000_s7000	OP272493	2
163385	NC_005884_w5000_s17500	NC_005884	2
163393	OQ817839_w1000_s500	OQ817839	2
163405	DQ777876_w5000_s17500	DQ777876	2
163406	PQ046925_w1000_s63500	PQ046925	2
163412	MG592524_w1000_s27500	MG592524	2
163424	PQ159901_w10000_s15000	PQ159901	2
163427	OR352956_w20000_s110000	OR352956	2
163432	NC_070975_w1000_s48000	NC_070975	2
163442	MZ820085_w2000_s74000	MZ820085	2
163471	PP468606_w20000_s10000	PP468606	2
163481	KF006818_w10000_s40000	KF006818	2
163494	NC_048715_w20000_s10000	NC_048715	2
163503	MN988534_w1000_s10000	MN988534	2
163508	MK279881_w2000_s26000	MK279881	2
163518	EU100884_w20000_s50000	EU100884	2
163532	MN812215_w2000_s22000	MN812215	2
163536	NC_009540_w1000_s28000	NC_009540	2
163573	OQ579025_w10000_s20000	OQ579025	2
163574	NC_054929_w2000_s48000	NC_054929	2
163589	KY290949_w10000_s25000	KY290949	2
163613	NC_031029_w20000_s20000	NC_031029	2
163618	NC_049502_w2000_s110000	NC_049502	2
163631	HG992588_w2000_s29000	HG992588	2
163636	NC_054910_w2000_s152000	NC_054910	2
163642	OZ196827_w5000_s40000	OZ196827	2
163655	MW460246_w1000_s27000	MW460246	2
163663	OZ196115_w10000_s95000	OZ196115	2
163664	OQ859051_w10000_s10000	OQ859051	2
163670	MZ443770_w20000_s0	MZ443770	2
163671	NC_042025_w20000_s10000	NC_042025	2
163672	MK719716_w20000_s50000	MK719716	2
163675	MK448669_w1000_s16500	MK448669	2
163690	KF623294_w1000_s44000	KF623294	2
163691	MK448943_w20000_s0	MK448943	2
163750	KY499642_w2000_s50000	KY499642	2
163751	MK962639_w5000_s0	MK962639	2
163775	PP213450_w2000_s90000	PP213450	2
163780	MT952847_w5000_s25000	MT952847	2
163782	OY731444_w20000_s20000	OY731444	2
163783	OZ195689_w10000_s35000	OZ195689	2
163797	PV112476_w20000_s0	PV112476	2
163807	CP069348_w10000_s85000	CP069348	2
163842	MH651171_w2000_s27000	MH651171	2
163851	OR553913_w1000_s30000	OR553913	2
163853	PP047752_w2000_s45000	PP047752	2
163869	OR053651_w2000_s57000	OR053651	2
163896	MZ375251_w10000_s15000	MZ375251	2
163915	MN850633_w10000_s25000	MN850633	2
163944	NC_020877_w1000_s60500	NC_020877	2
163945	MW584183_w5000_s17500	MW584183	2
163948	MT310865_w2000_s21000	MT310865	2
163955	MH925093_w20000_s10000	MH925093	2
163973	CP000315_w2000_s12000	CP000315	2
163975	OP263967_w1000_s61000	OP263967	2
163997	NC_069748_w2000_s1000	NC_069748	2
164005	PQ362678_w2000_s1000	PQ362678	2
164014	AF489521_w10000_s15000	AF489521	2
164060	OR354847_w2000_s17000	OR354847	2
164061	OP503988_w1000_s32500	OP503988	2
164069	NC_054945_w2000_s84000	NC_054945	2
164073	MN709127_w10000_s0	MN709127	2
164077	PP680568_w10000_s120000	PP680568	2
164094	MH669006_w10000_s35000	MH669006	2
164108	OZ196701_w10000_s40000	OZ196701	2
164109	PQ464597_w5000_s20000	PQ464597	2
164135	KX397371_w1000_s32000	KX397371	2
164136	PQ498455_w1000_s25000	PQ498455	2
164138	LC727887_w10000_s10000	LC727887	2
164150	NC_049410_w1000_s500	NC_049410	2
164157	PP444719_w10000_s55000	PP444719	2
164192	MT496971_w1000_s7000	MT496971	2
164196	ON081329_w10000_s20000	ON081329	2
164197	OQ079412_w2000_s10000	OQ079412	2
164204	OK349506_w5000_s2500	OK349506	2
164206	OZ196027_w2000_s41000	OZ196027	2
164208	KY779849_w20000_s70000	KY779849	2
164220	MF158044_w20000_s20000	MF158044	2
164221	MG198784_w20000_s20000	MG198784	2
164235	MZ092003_w1000_s3000	MZ092003	2
164255	OQ921337_w2000_s119000	OQ921337	2
164266	MZ417350_w2000_s34000	MZ417350	2
164269	MW055902_w1000_s1500	MW055902	2
164301	KJ628499_w10000_s70000	KJ628499	2
164312	NC_054934_w2000_s153000	NC_054934	2
164320	NC_021531_w20000_s10000	NC_021531	2
164327	KM606995_w1000_s54000	KM606995	2
164329	MH051911_w20000_s20000	MH051911	2
164339	MT774376_w20000_s70000	MT774376	2
164341	NC_069153_w20000_s10000	NC_069153	2
164347	NC_023704_w20000_s20000	NC_023704	2
164348	PQ181262_w1000_s117500	PQ181262	2
164349	MZ336020_w1000_s18500	MZ336020	2
164352	MG748547_w20000_s80000	MG748547	2
164354	OQ469755_w5000_s5000	OQ469755	2
164360	MK112548_w20000_s110000	MK112548	2
164374	PP971806_w2000_s32000	PP971806	2
164382	OL964745_w20000_s50000	OL964745	2
164393	KF114877_w20000_s50000	KF114877	2
164395	MN337573_w2000_s28000	MN337573	2
164423	PP978799_w5000_s15000	PP978799	2
164424	OP451962_w1000_s1500	OP451962	2
164425	NC_070899_w1000_s13500	NC_070899	2
164465	MN562221_w10000_s220000	MN562221	2
164468	OR850873_w1000_s78500	OR850873	2
164477	NC_025115_w5000_s25000	NC_025115	2
164488	LC768496_w20000_s0	LC768496	2
164494	KF279412_w5000_s2500	KF279412	2
164514	NC_030904_w5000_s25000	NC_030904	2
164522	MT580897_w10000_s145000	MT580897	2
164551	MK521906_w2000_s0	MK521906	2
164554	NC_018274_w2000_s2000	NC_018274	2
164594	LC768496_w10000_s10000	LC768496	2
164610	LC552830_w20000_s10000	LC552830	2
164625	HM114277_w1000_s34500	HM114277	2
164626	NC_052660_w10000_s130000	NC_052660	2
164627	NC_048102_w5000_s135000	NC_048102	2
164631	PP418987_w10000_s140000	PP418987	2
164635	KJ192399_w20000_s10000	KJ192399	2
164642	NC_047756_w2000_s62000	NC_047756	2
164650	OR983331_w10000_s35000	OR983331	2
164653	PQ567651_w5000_s30000	PQ567651	2
164677	MF668282_w5000_s20000	MF668282	2
164702	MZ436628_w2000_s4000	MZ436628	2
164748	PP883967_w2000_s116000	PP883967	2
164756	OP018999_w20000_s10000	OP018999	2
164771	JN204348_w10000_s140000	JN204348	2
164772	MK721199_w20000_s20000	MK721199	2
164807	KX349323_w1000_s3000	KX349323	2
164821	DQ997624_w20000_s80000	DQ997624	2
164829	OZ195858_w1000_s58500	OZ195858	2
164840	LR877331_w20000_s80000	LR877331	2
164847	OQ428192_w20000_s10000	OQ428192	2
164849	OQ221544_w2000_s92000	OQ221544	2
164854	MN901520_w2000_s18000	MN901520	2
164858	NC_073374_w10000_s10000	NC_073374	2
164868	KX397373_w2000_s129000	KX397373	2
164869	OQ446486_w10000_s30000	OQ446486	2
164878	MK719702_w10000_s30000	MK719702	2
164883	MK373799_w10000_s110000	MK373799	2
164890	NC_020843_w10000_s10000	NC_020843	2
164899	NC_031112_w10000_s10000	NC_031112	2
164922	OZ195827_w5000_s40000	OZ195827	2
164946	AY135739_w20000_s0	AY135739	2
164948	KX636165_w5000_s47500	KX636165	2
164959	OL631482_w20000_s140000	OL631482	2
164962	MZ031013_w5000_s32500	MZ031013	2
164977	OQ734493_w5000_s2500	OQ734493	2
164978	NC_021297_w1000_s17000	NC_021297	2
164989	OL770107_w20000_s50000	OL770107	2
165003	NC_028881_w20000_s90000	NC_028881	2
165015	NC_011613_w20000_s0	NC_011613	2
165016	OP617748_w10000_s70000	OP617748	2
165024	NC_048084_w1000_s73500	NC_048084	2
165029	KX130865_w1000_s101500	KX130865	2
165042	MK524509_w10000_s10000	MK524509	2
165043	MT104470_w20000_s10000	MT104470	2
165050	MT074142_w1000_s140000	MT074142	2
165053	OZ195763_w1000_s79000	OZ195763	2
165055	KX774321_w2000_s110000	KX774321	2
165061	KJ019117_w2000_s44000	KJ019117	2
165071	PQ096439_w20000_s40000	PQ096439	2
165074	OQ817839_w1000_s31500	OQ817839	2
165086	PQ533658_w5000_s72500	PQ533658	2
165088	OZ035815_w2000_s19000	OZ035815	2
165093	OQ417965_w20000_s0	OQ417965	2
165119	NC_031007_w2000_s59000	NC_031007	2
165128	JN699018_w2000_s56000	JN699018	2
165129	MN850602_w1000_s44500	MN850602	2
165132	JQ312117_w20000_s30000	JQ312117	2
165136	MZ417339_w2000_s83000	MZ417339	2
165140	OL580764_w1000_s78000	OL580764	2
165147	LC645432_w10000_s10000	LC645432	2
165164	KT438500_w1000_s23000	KT438500	2
165169	NC_047882_w20000_s30000	NC_047882	2
165170	MH697587_w20000_s40000	MH697587	2
165181	AB243556_w20000_s20000	AB243556	2
165184	NC_006884_w20000_s10000	NC_006884	2
165199	MZ209301_w1000_s19000	MZ209301	2
165205	MH651178_w10000_s45000	MH651178	2
165228	PQ820059_w2000_s4000	PQ820059	2
165233	MH399782_w10000_s5000	MH399782	2
165254	OK913679_w5000_s5000	OK913679	2
165266	HM114277_w2000_s68000	HM114277	2
165268	MF327003_w5000_s32500	MF327003	2
165270	KY554760_w10000_s0	KY554760	2
165271	KX349318_w1000_s163500	KX349318	2
165279	PQ096439_w1000_s132000	PQ096439	2
165298	NC_022969_w20000_s30000	NC_022969	2
165306	NC_054149_w10000_s30000	NC_054149	2
165313	MG592621_w1000_s98000	MG592621	2
165329	NC_055824_w2000_s43000	NC_055824	2
165330	MF919515_w2000_s11000	MF919515	2
165350	OQ469755_w20000_s0	OQ469755	2
165351	ON970566_w5000_s35000	ON970566	2
165354	OR845035_w10000_s10000	OR845035	2
165358	KJ489402_w20000_s110000	KJ489402	2
165363	MN807250_w5000_s32500	MN807250	2
165369	ON645338_w1000_s28000	ON645338	2
165383	NC_027361_w2000_s0	NC_027361	2
165392	OZ196338_w20000_s30000	OZ196338	2
165394	ON170189_w1000_s9000	ON170189	2
165418	PP496436_w1000_s75500	PP496436	2
165423	OP867021_w2000_s35000	OP867021	2
165431	MK919484_w10000_s5000	MK919484	2
165442	CP000624_w1000_s16000	CP000624	2
165454	LC727889_w1000_s28000	LC727889	2
165494	PP511474_w2000_s0	PP511474	2
165514	MZ171373_w20000_s0	MZ171373	2
165540	MH688040_w2000_s129000	MH688040	2
165553	PP429226_w2000_s9000	PP429226	2
165561	OP009265_w10000_s50000	OP009265	2
165564	OX335403_w10000_s145000	OX335403	2
165570	MH077580_w20000_s10000	MH077580	2
165592	MN032614_w10000_s75000	MN032614	2
165602	JF704116_w20000_s30000	JF704116	2
165607	MT776812_w5000_s12500	MT776812	2
165613	MN043730_w1000_s49500	MN043730	2
165619	MT552976_w20000_s0	MT552976	2
165630	KJ019069_w20000_s70000	KJ019069	2
165642	OK499992_w10000_s145000	OK499992	2
165647	NC_091964_w1000_s118500	NC_091964	2
165651	OR475253_w2000_s23000	OR475253	2
165653	NC_041867_w1000_s18000	NC_041867	2
165664	KU998252_w1000_s17500	KU998252	2
165665	OL770260_w1000_s37500	OL770260	2
165669	MG770379_w2000_s60000	MG770379	2
165678	NC_024789_w1000_s2500	NC_024789	2
165692	OR712157_w5000_s100000	OR712157	2
165699	JF937094_w2000_s17000	JF937094	2
165707	NC_010363_w10000_s5000	NC_010363	2
165714	MN023188_w2000_s5000	MN023188	2
165732	MK095193_w5000_s22500	MK095193	2
165741	OQ850183_w1000_s88000	OQ850183	2
165747	MN586013_w5000_s40000	MN586013	2
165750	KM092515_w20000_s60000	KM092515	2
165751	MF285619_w2000_s57000	MF285619	2
165783	MT880871_w10000_s10000	MT880871	2
165793	NC_023610_w10000_s200000	NC_023610	2
165801	KF669659_w1000_s17500	KF669659	2
165802	MK373778_w5000_s42500	MK373778	2
165805	OQ572410_w5000_s12500	OQ572410	2
165810	MG592518_w5000_s10000	MG592518	2
165816	MG925355_w10000_s20000	MG925355	2
165841	MK511005_w20000_s0	MK511005	2
165851	KJ410134_w10000_s35000	KJ410134	2
165879	OY720014_w2000_s41000	OY720014	2
165885	NC_028805_w10000_s20000	NC_028805	2
165889	MK994515_w10000_s100000	MK994515	2
165890	NC_023610_w1000_s8500	NC_023610	2
165906	NC_028659_w10000_s50000	NC_028659	2
165910	PP856728_w5000_s140000	PP856728	2
165925	MW794176_w20000_s70000	MW794176	2
165937	KX712143_w2000_s6000	KX712143	2
165948	MW419087_w1000_s37000	MW419087	2
165952	KM652554_w5000_s30000	KM652554	2
165953	OQ721911_w10000_s45000	OQ721911	2
165964	PQ824230_w20000_s30000	PQ824230	2
165983	MH553563_w20000_s50000	MH553563	2
165985	OQ627808_w2000_s12000	OQ627808	2
166004	OQ985168_w2000_s20000	OQ985168	2
166009	PP464953_w5000_s5000	PP464953	2
166034	KP869107_w10000_s0	KP869107	2
166038	MT552976_w5000_s57500	MT552976	2
166039	LR535921_w2000_s45000	LR535921	2
166043	MW824417_w5000_s75000	MW824417	2
166049	MZ443787_w5000_s25000	MZ443787	2
166069	KX431560_w5000_s32500	KX431560	2
166073	JQ086369_w2000_s38000	JQ086369	2
166084	MG065646_w2000_s74000	MG065646	2
166093	MN096361_w10000_s35000	MN096361	2
166114	MW419087_w20000_s80000	MW419087	2
166116	OZ196039_w2000_s0	OZ196039	2
166151	PV036882_w2000_s22000	PV036882	2
166175	MG592460_w10000_s5000	MG592460	2
166177	OQ603353_w1000_s147500	OQ603353	2
166179	OP978391_w20000_s110000	OP978391	2
166194	NC_041965_w20000_s30000	NC_041965	2
166203	KY368640_w5000_s135000	KY368640	2
166220	MT679221_w10000_s115000	MT679221	2
166221	MZ443770_w10000_s10000	MZ443770	2
166234	PP978782_w5000_s37500	PP978782	2
166235	PP047754_w10000_s115000	PP047754	2
166289	PQ533668_w1000_s1500	PQ533668	2
166304	MZ005684_w20000_s0	MZ005684	2
166305	KX431560_w10000_s65000	KX431560	2
166316	MN812689_w1000_s27000	MN812689	2
166318	MW812339_w20000_s120000	MW812339	2
166330	OP926972_w2000_s18000	OP926972	2
166342	MG646671_w2000_s74000	MG646671	2
166359	MW794163_w5000_s112500	MW794163	2
166402	NC_054661_w2000_s5000	NC_054661	2
166403	OR532796_w10000_s15000	OR532796	2
166412	MN234211_w5000_s175000	MN234211	2
166430	ON190024_w2000_s88000	ON190024	2
166436	KU238069_w2000_s36000	KU238069	2
166455	OZ196337_w2000_s11000	OZ196337	2
166458	MW349129_w5000_s157500	MW349129	2
166462	NC_073331_w20000_s0	NC_073331	2
166475	MN586013_w2000_s21000	MN586013	2
166484	NC_048718_w10000_s25000	NC_048718	2
166487	NC_027292_w5000_s32500	NC_027292	2
166493	NC_071045_w1000_s162000	NC_071045	2
166508	ON602742_w2000_s0	ON602742	2
166525	KJ019141_w10000_s55000	KJ019141	2
166535	MH371109_w10000_s5000	MH371109	2
166536	MW584175_w20000_s0	MW584175	2
166537	KJ019117_w1000_s16500	KJ019117	2
166542	MG748547_w10000_s55000	MG748547	2
166546	MZ622177_w10000_s45000	MZ622177	2
166554	OZ196571_w10000_s45000	OZ196571	2
166578	MT828552_w1000_s141000	MT828552	2
166582	MN218190_w5000_s92500	MN218190	2
166584	PP724615_w10000_s10000	PP724615	2
166585	JN698999_w10000_s10000	JN698999	2
166617	PP889489_w5000_s2500	PP889489	2
166618	LR595864_w5000_s12500	LR595864	2
166649	PP464953_w2000_s23000	PP464953	2
166661	OY976571_w20000_s10000	OY976571	2
166678	NC_073679_w2000_s75000	NC_073679	2
166685	MZ322011_w2000_s51000	MZ322011	2
166731	NC_051723_w10000_s10000	NC_051723	2
166735	KR534323_w20000_s20000	KR534323	2
166753	OL770260_w2000_s28000	OL770260	2
166765	MW021758_w20000_s70000	MW021758	2
166775	OZ196106_w20000_s70000	OZ196106	2
166776	MT554104_w1000_s70500	MT554104	2
166806	MF288922_w20000_s0	MF288922	2
166810	PQ201079_w10000_s0	PQ201079	2
166821	NC_019782_w10000_s15000	NC_019782	2
166823	NC_071045_w10000_s50000	NC_071045	2
166825	PP974338_w2000_s19000	PP974338	2
166840	NC_041849_w1000_s36000	NC_041849	2
166870	NC_030953_w5000_s127500	NC_030953	2
166873	MW021757_w2000_s119000	MW021757	2
166879	AY962392_w10000_s155000	AY962392	2
166880	KX397371_w10000_s5000	KX397371	2
166891	PQ114736_w20000_s0	PQ114736	2
166907	OZ196106_w1000_s20500	OZ196106	2
166913	KU568494_w20000_s10000	KU568494	2
166914	MG676466_w1000_s3000	MG676466	2
166919	PP028463_w20000_s30000	PP028463	2
166925	NC_028448_w10000_s125000	NC_028448	2
166931	MN218190_w20000_s40000	MN218190	2
166947	MK719749_w2000_s57000	MK719749	2
166985	NC_070951_w2000_s21000	NC_070951	2
167018	PV029541_w2000_s1000	PV029541	2
167053	AY176327_w5000_s37500	AY176327	2
167059	NC_018831_w2000_s38000	NC_018831	2
167073	NC_054976_w10000_s20000	NC_054976	2
167087	ON042478_w5000_s67500	ON042478	2
167088	MG065645_w1000_s107000	MG065645	2
167114	OL960567_w10000_s50000	OL960567	2
167125	OR521058_w1000_s6000	OR521058	2
167132	PP541513_w5000_s72500	PP541513	2
167145	MW325771_w5000_s77500	MW325771	2
167170	KJ019049_w20000_s80000	KJ019049	2
167181	ON470582_w10000_s0	ON470582	2
167193	ON170084_w1000_s12500	ON170084	2
167197	OP913464_w20000_s40000	OP913464	2
167220	MK994515_w10000_s35000	MK994515	2
167225	MZ955869_w5000_s5000	MZ955869	2
167227	PP889457_w20000_s10000	PP889457	2
167230	MN895438_w1000_s82500	MN895438	2
167233	NC_025437_w20000_s100000	NC_025437	2
167251	MZ417321_w1000_s111500	MZ417321	2
167259	PP824815_w2000_s17000	PP824815	2
167261	MH834627_w5000_s7500	MH834627	2
167267	MG820645_w10000_s0	MG820645	2
167270	MH450116_w2000_s62000	MH450116	2
167271	ON113175_w1000_s4000	ON113175	2
167272	PP047752_w5000_s35000	PP047752	2
167276	KR902361_w10000_s65000	KR902361	2
167283	KM408320_w20000_s0	KM408320	2
167292	MN695334_w20000_s50000	MN695334	2
167299	PP531540_w5000_s47500	PP531540	2
167302	PP035218_w1000_s47500	PP035218	2
167310	KY368640_w20000_s130000	KY368640	2
167320	OR779980_w1000_s26500	OR779980	2
167321	NC_054716_w2000_s78000	NC_054716	2
167335	MK524493_w1000_s29000	MK524493	2
167348	MN337573_w20000_s10000	MN337573	2
167359	ON470615_w5000_s77500	ON470615	2
167366	KJ019069_w1000_s83000	KJ019069	2
167368	PP978835_w10000_s40000	PP978835	2
167395	MT310863_w5000_s0	MT310863	2
167432	JQ740808_w20000_s0	JQ740808	2
167435	OL799258_w2000_s109000	OL799258	2
167437	NC_010811_w1000_s151000	NC_010811	2
167450	NC_051582_w10000_s15000	NC_051582	2
167482	OQ860964_w10000_s0	OQ860964	2
167496	MH371115_w5000_s45000	MH371115	2
167497	KU985092_w2000_s42000	KU985092	2
167500	OK490412_w1000_s18500	OK490412	2
167502	OR352940_w5000_s62500	OR352940	2
167505	OZ196887_w1000_s28000	OZ196887	2
167507	MZ234009_w1000_s14000	MZ234009	2
167510	MN096361_w10000_s30000	MN096361	2
167513	OR896255_w10000_s15000	OR896255	2
167521	KX011028_w1000_s88000	KX011028	2
167528	MT234338_w10000_s45000	MT234338	2
167530	JF937094_w10000_s10000	JF937094	2
167540	MZ375304_w1000_s34000	MZ375304	2
167547	MG592470_w2000_s9000	MG592470	2
167553	OQ603353_w10000_s195000	OQ603353	2
167569	NC_041989_w5000_s37500	NC_041989	2
167575	JF704116_w10000_s35000	JF704116	2
167576	OR539220_w20000_s130000	OR539220	2
167578	OR352950_w20000_s80000	OR352950	2
167583	PP579743_w5000_s37500	PP579743	2
167588	MF459646_w5000_s52500	MF459646	2
167591	NC_054929_w5000_s25000	NC_054929	2
167607	OR770614_w20000_s230000	OR770614	2
167633	OM386660_w2000_s11000	OM386660	2
167649	PQ336901_w5000_s15000	PQ336901	2
167651	KX397373_w1000_s164500	KX397373	2
167653	MG770213_w1000_s24500	MG770213	2
167661	JX296113_w10000_s0	JX296113	2
167663	OZ196163_w2000_s12000	OZ196163	2
167686	MN022785_w1000_s90500	MN022785	2
167692	KU886223_w5000_s77500	KU886223	2
167711	OQ267695_w10000_s25000	OQ267695	2
167732	LC519601_w1000_s63000	LC519601	2
167739	MN709128_w5000_s150000	MN709128	2
167746	NC_026599_w20000_s0	NC_026599	2
167749	OZ196125_w1000_s71000	OZ196125	2
167754	MT234338_w1000_s49000	MT234338	2
167768	EU272037_w1000_s15500	EU272037	2
167774	OK095358_w20000_s30000	OK095358	2
167781	ON170208_w2000_s14000	ON170208	2
167786	MW291018_w20000_s0	MW291018	2
167803	KU599879_w2000_s52000	KU599879	2
167808	MW546065_w20000_s100000	MW546065	2
167812	MK804891_w1000_s28500	MK804891	2
167817	OM728298_w2000_s13000	OM728298	2
167826	HQ634190_w2000_s72000	HQ634190	2
167833	MN234188_w1000_s25000	MN234188	2
167837	KR902361_w20000_s10000	KR902361	2
167840	KU886223_w20000_s60000	KU886223	2
167846	MN038177_w1000_s70000	MN038177	2
167853	OP451958_w1000_s13500	OP451958	2
167863	NC_049502_w1000_s107500	NC_049502	2
167875	OR640346_w10000_s30000	OR640346	2
167887	MZ475898_w1000_s27000	MZ475898	2
167909	NC_016564_w20000_s0	NC_016564	2
167925	MT074137_w2000_s18000	MT074137	2
167927	OZ196375_w5000_s20000	OZ196375	2
167974	MH590590_w1000_s23000	MH590590	2
167999	PQ287319_w5000_s50000	PQ287319	2
168003	NC_051627_w5000_s30000	NC_051627	2
168020	MN988521_w20000_s30000	MN988521	2
168030	MW349129_w10000_s45000	MW349129	2
168034	NC_022068_w1000_s4000	NC_022068	2
168039	MH371109_w20000_s20000	MH371109	2
168045	OZ196426_w20000_s70000	OZ196426	2
168062	MT498056_w10000_s0	MT498056	2
168065	MW794163_w2000_s91000	MW794163	2
168072	MT074142_w2000_s166000	MT074142	2
168078	KX879627_w20000_s10000	KX879627	2
168079	MK301443_w10000_s0	MK301443	2
168099	OL451946_w20000_s100000	OL451946	2
168101	PP212877_w10000_s70000	PP212877	2
168108	OM799543_w20000_s10000	OM799543	2
168111	NC_025429_w5000_s125000	NC_025429	2
168112	MG925355_w1000_s20500	MG925355	2
168113	KF623294_w10000_s125000	KF623294	2
168134	OZ195975_w20000_s90000	OZ195975	2
168141	MH552500_w1000_s4500	MH552500	2
168143	NC_021557_w20000_s10000	NC_021557	2
168167	MK511034_w1000_s36500	MK511034	2
168183	OL825705_w10000_s70000	OL825705	2
168186	MZ443770_w10000_s185000	MZ443770	2
168190	HQ634195_w1000_s80500	HQ634195	2
168204	MT799840_w1000_s122000	MT799840	2
168214	OM112209_w2000_s19000	OM112209	2
168219	KX349270_w5000_s92500	KX349270	2
168226	AM910650_w5000_s10000	AM910650	2
168227	KY658677_w1000_s49500	KY658677	2
168256	PP715504_w2000_s12000	PP715504	2
168261	KJ019142_w2000_s190000	KJ019142	2
168262	JX006077_w20000_s40000	JX006077	2
168268	MG592411_w20000_s10000	MG592411	2
168271	KR052482_w2000_s168000	KR052482	2
168272	MZ832314_w5000_s12500	MZ832314	2
168290	MH929319_w20000_s10000	MH929319	2
168295	NC_029074_w10000_s20000	NC_029074	2
168304	ON881243_w1000_s28500	ON881243	2
168317	MT596502_w1000_s115500	MT596502	2
168323	NC_042333_w20000_s30000	NC_042333	2
168330	PQ505080_w20000_s50000	PQ505080	2
168337	NC_047754_w10000_s25000	NC_047754	2
168338	OX241437_w2000_s37000	OX241437	2
168346	PQ666542_w20000_s10000	PQ666542	2
168351	OR521068_w10000_s20000	OR521068	2
168355	NC_073431_w1000_s8500	NC_073431	2
168359	PP579743_w20000_s130000	PP579743	2
168361	MT118290_w20000_s0	MT118290	2
168364	MZ514874_w2000_s50000	MZ514874	2
168384	CP000625_w10000_s20000	CP000625	2
168387	NC_070951_w10000_s25000	NC_070951	2
168403	NC_049506_w2000_s64000	NC_049506	2
168405	OY976571_w20000_s20000	OY976571	2
168414	KP137439_w2000_s40000	KP137439	2
168423	MF490238_w10000_s45000	MF490238	2
168425	OM912978_w2000_s52000	OM912978	2
168448	MN284893_w5000_s37500	MN284893	2
168453	KT266805_w2000_s59000	KT266805	2
168470	NC_053235_w2000_s39000	NC_053235	2
168475	KX774321_w10000_s55000	KX774321	2
168476	MF448571_w1000_s6500	MF448571	2
168485	PP357460_w20000_s20000	PP357460	2
168494	KR153145_w10000_s20000	KR153145	2
168498	NC_054636_w10000_s5000	NC_054636	2
168501	MN562221_w5000_s177500	MN562221	2
168539	OK274245_w20000_s20000	OK274245	2
168546	JQ340389_w1000_s103000	JQ340389	2
168548	OM033135_w1000_s30000	OM033135	2
168551	OM033135_w2000_s93000	OM033135	2
168554	PQ571289_w2000_s71000	PQ571289	2
168564	ON456355_w20000_s10000	ON456355	2
168591	OM210019_w5000_s27500	OM210019	2
168595	JQ806764_w10000_s15000	JQ806764	2
168603	OY731397_w1000_s4500	OY731397	2
168604	AF489521_w20000_s0	AF489521	2
168614	PP978783_w2000_s15000	PP978783	2
168631	MK719740_w20000_s50000	MK719740	2
168638	MW544066_w10000_s35000	MW544066	2
168649	PQ642265_w20000_s50000	PQ642265	2
168655	KY549659_w10000_s30000	KY549659	2
168658	MT952845_w2000_s18000	MT952845	2
168661	MK408758_w5000_s92500	MK408758	2
168663	MH553563_w2000_s55000	MH553563	2
168675	NC_055792_w10000_s10000	NC_055792	2
168683	NC_028659_w20000_s30000	NC_028659	2
168697	NC_031075_w10000_s0	NC_031075	2
168700	OZ195711_w5000_s25000	OZ195711	2
168701	MZ622175_w5000_s15000	MZ622175	2
168702	ON548417_w10000_s95000	ON548417	2
168705	MN234220_w1000_s34000	MN234220	2
168711	NC_071054_w5000_s12500	NC_071054	2
168715	PP725409_w2000_s25000	PP725409	2
168718	OZ035815_w2000_s7000	OZ035815	2
168719	ON602760_w10000_s20000	ON602760	2
168729	OL539464_w2000_s23000	OL539464	2
168734	PP723048_w1000_s23000	PP723048	2
168735	MG646669_w10000_s20000	MG646669	2
168741	OQ378339_w2000_s20000	OQ378339	2
168742	MK240351_w2000_s148000	MK240351	2
168760	OL547738_w1000_s4000	OL547738	2
168761	MZ209301_w1000_s55000	MZ209301	2
168780	NC_031007_w2000_s54000	NC_031007	2
168788	OQ378314_w10000_s15000	OQ378314	2
168790	NC_005884_w10000_s20000	NC_005884	2
168807	KX397371_w10000_s140000	KX397371	2
168831	OZ196193_w10000_s10000	OZ196193	2
168832	AY266303_w5000_s225000	AY266303	2
168840	MF678789_w2000_s9000	MF678789	2
168843	MF036691_w20000_s70000	MF036691	2
168848	OQ259508_w20000_s0	OQ259508	2
168860	MW546065_w10000_s80000	MW546065	2
168861	KJ538721_w10000_s15000	KJ538721	2
168870	MT080600_w5000_s97500	MT080600	2
168874	PQ432285_w1000_s6500	PQ432285	2
168884	LN610585_w1000_s24500	LN610585	2
168894	MH779511_w1000_s23500	MH779511	2
168896	MH553563_w1000_s155000	MH553563	2
168906	NC_023744_w20000_s30000	NC_023744	2
168912	AP014714_w5000_s40000	AP014714	2
168928	OR352940_w20000_s80000	OR352940	2
168961	MF448566_w10000_s15000	MF448566	2
168976	NC_021298_w10000_s35000	NC_021298	2
168977	MZ375251_w2000_s24000	MZ375251	2
168982	AF068845_w5000_s37500	AF068845	2
169021	NC_020083_w2000_s132000	NC_020083	2
169023	PP438421_w2000_s7000	PP438421	2
169033	MG065658_w2000_s62000	MG065658	2
169036	MF459646_w10000_s175000	MF459646	2
169039	OK085710_w20000_s20000	OK085710	2
169044	OZ196227_w1000_s9500	OZ196227	2
169045	OL840900_w10000_s90000	OL840900	2
169059	OK490404_w1000_s33000	OK490404	2
169077	HQ634195_w20000_s80000	HQ634195	2
169084	KY554774_w2000_s10000	KY554774	2
169099	PQ007251_w1000_s500	PQ007251	2
169108	KT321476_w2000_s101000	KT321476	2
169113	NC_070652_w10000_s0	NC_070652	2
169119	NC_054929_w5000_s135000	NC_054929	2
169126	KP881232_w1000_s79000	KP881232	2
169135	MH107770_w10000_s25000	MH107770	2
169137	LR595861_w20000_s10000	LR595861	2
169139	MF288922_w10000_s50000	MF288922	2
169142	PP977459_w5000_s35000	PP977459	2
169144	MH450130_w1000_s10500	MH450130	2
169147	NC_055033_w20000_s20000	NC_055033	2
169148	MH460463_w10000_s175000	MH460463	2
169156	DQ997624_w10000_s5000	DQ997624	2
169158	MZ592920_w5000_s5000	MZ592920	2
169159	OP297178_w2000_s2000	OP297178	2
169165	KT359365_w10000_s40000	KT359365	2
169176	OM908766_w2000_s60000	OM908766	2
169188	MK448804_w10000_s15000	MK448804	2
169193	MZ593174_w5000_s15000	MZ593174	2
169202	NC_029042_w2000_s149000	NC_029042	2
169209	PP597384_w20000_s80000	PP597384	2
169226	NC_047888_w1000_s2000	NC_047888	2
169234	MG748547_w5000_s35000	MG748547	2
169238	OL539443_w10000_s0	OL539443	2
169254	OZ195711_w1000_s78500	OZ195711	2
169255	MZ868726_w5000_s10000	MZ868726	2
169257	PP925828_w2000_s88000	PP925828	2
169270	NC_055783_w2000_s36000	NC_055783	2
169272	MH744418_w1000_s132000	MH744418	2
169276	KJ174318_w1000_s157000	KJ174318	2
169280	OR640346_w5000_s10000	OR640346	2
169283	MZ420150_w1000_s92000	MZ420150	2
169290	MN895434_w5000_s82500	MN895434	2
169293	NC_031082_w2000_s81000	NC_031082	2
169295	MH153799_w20000_s10000	MH153799	2
169313	PQ201079_w1000_s32500	PQ201079	2
169340	KP836356_w5000_s32500	KP836356	2
169350	OR475272_w20000_s20000	OR475272	2
169375	OM033135_w10000_s100000	OM033135	2
169385	NC_073334_w2000_s51000	NC_073334	2
169387	OQ291031_w20000_s0	OQ291031	2
169403	OZ195848_w2000_s43000	OZ195848	2
169405	MZ443787_w2000_s12000	MZ443787	2
169415	ON970566_w2000_s36000	ON970566	2
169426	MG770379_w1000_s148500	MG770379	2
169430	MN695334_w20000_s70000	MN695334	2
169437	KJ578786_w1000_s4000	KJ578786	2
169455	PQ657832_w10000_s5000	PQ657832	2
169468	NC_041923_w1000_s0	NC_041923	2
169474	MT498037_w5000_s50000	MT498037	2
169480	OL964745_w1000_s126500	OL964745	2
169482	LR800396_w5000_s115000	LR800396	2
169507	NC_008562_w5000_s100000	NC_008562	2
169520	HQ634190_w20000_s120000	HQ634190	2
169543	KY653119_w5000_s32500	KY653119	2
169549	OZ196368_w5000_s0	OZ196368	2
169562	NC_015294_w2000_s70000	NC_015294	2
169571	NC_091964_w20000_s0	NC_091964	2
169575	KJ019162_w5000_s160000	KJ019162	2
169579	OQ223305_w5000_s37500	OQ223305	2
169615	KF626665_w20000_s20000	KF626665	2
169616	KR997934_w20000_s20000	KR997934	2
169630	PP706156_w10000_s30000	PP706156	2
169635	MW584184_w5000_s32500	MW584184	2
169641	NC_024212_w2000_s18000	NC_024212	2
169647	MG065646_w20000_s40000	MG065646	2
169654	NC_042038_w1000_s25500	NC_042038	2
169658	MN586017_w10000_s35000	MN586017	2
169664	MG592465_w10000_s0	MG592465	2
169728	NC_049424_w20000_s10000	NC_049424	2
169734	MZ334512_w10000_s45000	MZ334512	2
169745	NC_055847_w2000_s109000	NC_055847	2
169748	OK625527_w1000_s15000	OK625527	2
169750	HQ634190_w5000_s90000	HQ634190	2
169759	NC_041989_w10000_s40000	NC_041989	2
169763	NC_073441_w5000_s2500	NC_073441	2
169765	MK838110_w5000_s30000	MK838110	2
169768	PP537963_w20000_s10000	PP537963	2
169773	MG775042_w10000_s25000	MG775042	2
169775	NC_031061_w2000_s51000	NC_031061	2
169802	MZ443770_w20000_s230000	MZ443770	2
169805	MN197465_w10000_s10000	MN197465	2
169821	MG099945_w1000_s45500	MG099945	2
169827	ON602758_w2000_s31000	ON602758	2
169832	NC_025115_w10000_s15000	NC_025115	2
169841	AY129338_w10000_s80000	AY129338	2
169843	OZ196869_w20000_s30000	OZ196869	2
169845	NC_055900_w20000_s20000	NC_055900	2
169848	OR532796_w1000_s146500	OR532796	2
169864	JQ287645_w20000_s0	JQ287645	2
169870	MG649966_w1000_s86000	MG649966	2
169883	LC616062_w1000_s23000	LC616062	2
169891	OR845035_w5000_s0	OR845035	2
169895	MN994497_w5000_s12500	MN994497	2
169902	OR896833_w2000_s2000	OR896833	2
169904	LC616061_w20000_s10000	LC616061	2
169907	MZ634338_w5000_s17500	MZ634338	2
169911	OM634661_w1000_s97000	OM634661	2
169918	PP695294_w1000_s225500	PP695294	2
169923	MN850633_w20000_s40000	MN850633	2
169926	PP889467_w20000_s10000	PP889467	2
169943	OQ599309_w20000_s100000	OQ599309	2
169961	MF001361_w1000_s36000	MF001361	2
169972	ON528745_w1000_s6500	ON528745	2
169987	PQ510734_w2000_s23000	PQ510734	2
170006	OZ196440_w5000_s47500	OZ196440	2
170007	PP680568_w2000_s49000	PP680568	2
170010	PQ133614_w2000_s25000	PQ133614	2
170014	MT887289_w2000_s35000	MT887289	2
170024	MN840487_w10000_s30000	MN840487	2
170026	OR553913_w2000_s12000	OR553913	2
170030	MH746814_w20000_s20000	MH746814	2
170038	MN988521_w1000_s199000	MN988521	2
170059	OQ653963_w2000_s95000	OQ653963	2
170063	MF288920_w10000_s45000	MF288920	2
170068	PP824815_w1000_s30500	PP824815	2
170070	NC_029018_w5000_s30000	NC_029018	2
170079	NC_024142_w5000_s7500	NC_024142	2
170091	MN505213_w20000_s0	MN505213	2
170092	MT679221_w10000_s25000	MT679221	2
170098	ON170184_w5000_s27500	ON170184	2
170099	AJ414696_w10000_s0	AJ414696	2
170113	OY725572_w2000_s27000	OY725572	2
170131	MN062712_w1000_s33000	MN062712	2
170149	OK499992_w20000_s60000	OK499992	2
170150	JN699625_w1000_s113500	JN699625	2
170165	MH399783_w1000_s12500	MH399783	2
170171	OZ196163_w1000_s27000	OZ196163	2
170178	NC_054651_w1000_s42000	NC_054651	2
170188	MT074137_w5000_s107500	MT074137	2
170195	MN101217_w5000_s30000	MN101217	2
170200	KM606995_w1000_s38500	KM606995	2
170232	NC_041989_w1000_s29000	NC_041989	2
170240	KU985092_w20000_s20000	KU985092	2
170245	NC_054945_w20000_s20000	NC_054945	2
170259	OZ195908_w1000_s26500	OZ195908	2
170261	PP723048_w1000_s75500	PP723048	2
170266	MK994515_w10000_s135000	MK994515	2
170267	HE580238_w1000_s5500	HE580238	2
170270	AY954970_w2000_s92000	AY954970	2
170284	MZ501098_w1000_s22500	MZ501098	2
170319	MF285619_w10000_s120000	MF285619	2
170320	ON881243_w1000_s76500	ON881243	2
170326	KJ019029_w20000_s20000	KJ019029	2
170333	MG646669_w20000_s30000	MG646669	2
170337	MT799840_w10000_s75000	MT799840	2
170341	NC_041863_w20000_s50000	NC_041863	2
170345	MK494132_w20000_s20000	MK494132	2
170354	OZ196304_w1000_s16500	OZ196304	2
170360	NC_051730_w2000_s40000	NC_051730	2
170379	OP451944_w2000_s9000	OP451944	2
170383	MK327942_w2000_s71000	MK327942	2
170389	MN043729_w10000_s70000	MN043729	2
170414	OY639337_w2000_s23000	OY639337	2
170431	MH834616_w1000_s13500	MH834616	2
170438	KR093652_w1000_s11000	KR093652	2
170439	OQ819458_w5000_s35000	OQ819458	2
170445	NC_028836_w10000_s30000	NC_028836	2
170446	KT804923_w20000_s50000	KT804923	2
170454	LN610581_w5000_s5000	LN610581	2
170455	ON548418_w20000_s70000	ON548418	2
170481	LC744189_w5000_s45000	LC744189	2
170484	MF805809_w10000_s5000	MF805809	2
170490	PQ864023_w2000_s69000	PQ864023	2
170498	OR896833_w20000_s30000	OR896833	2
170501	HQ641351_w10000_s75000	HQ641351	2
170518	NC_041863_w20000_s140000	NC_041863	2
170534	OL539441_w5000_s0	OL539441	2
170542	NC_017969_w20000_s40000	NC_017969	2
170546	MG592525_w20000_s10000	MG592525	2
170547	KU686206_w10000_s20000	KU686206	2
170557	MK813939_w5000_s52500	MK813939	2
170576	KY703222_w2000_s85000	KY703222	2
170587	PQ362660_w2000_s16000	PQ362660	2
170599	MT310868_w2000_s33000	MT310868	2
170602	NC_051680_w2000_s54000	NC_051680	2
170609	OL741432_w10000_s20000	OL741432	2
170611	LC616062_w1000_s64500	LC616062	2
170612	KJ019128_w10000_s105000	KJ019128	2
170625	NC_029074_w20000_s40000	NC_029074	2
170645	MK301443_w20000_s0	MK301443	2
170647	OZ196215_w10000_s30000	OZ196215	2
170651	JX290549_w5000_s30000	JX290549	2
170652	MN988534_w2000_s6000	MN988534	2
170665	OZ195946_w5000_s77500	OZ195946	2
170671	OR352956_w1000_s68000	OR352956	2
170673	OP978391_w20000_s50000	OP978391	2
170677	OK349506_w2000_s1000	OK349506	2
170689	MK967392_w20000_s30000	MK967392	2
170692	PP856727_w1000_s19500	PP856727	2
170696	OZ196403_w1000_s124500	OZ196403	2
170697	MN988561_w20000_s100000	MN988561	2
170702	MT374853_w10000_s15000	MT374853	2
170736	MW794147_w2000_s32000	MW794147	2
170743	KC862296_w5000_s67500	KC862296	2
170749	OZ195766_w2000_s116000	OZ195766	2
170754	OR608735_w1000_s21000	OR608735	2
170759	AP014888_w2000_s31000	AP014888	2
170783	OL964745_w2000_s113000	OL964745	2
170787	OR983333_w2000_s73000	OR983333	2
170799	PQ133626_w20000_s10000	PQ133626	2
170803	OZ195680_w1000_s22500	OZ195680	2
170805	MF459646_w5000_s5000	MF459646	2
170808	KR080198_w5000_s7500	KR080198	2
170813	MK310146_w20000_s10000	MK310146	2
170816	NC_041978_w10000_s25000	NC_041978	2
170825	KY779849_w2000_s98000	KY779849	2
170826	NC_061444_w10000_s55000	NC_061444	2
170840	JQ779023_w20000_s10000	JQ779023	2
170854	PP496436_w10000_s170000	PP496436	2
170857	MZ501046_w10000_s100000	MZ501046	2
170864	MH590591_w1000_s60000	MH590591	2
170875	OV696621_w20000_s0	OV696621	2
170881	PQ166232_w10000_s0	PQ166232	2
170898	MG765276_w1000_s9500	MG765276	2
170911	KR080195_w20000_s20000	KR080195	2
170925	MH105773_w10000_s20000	MH105773	2
170935	NC_073623_w10000_s50000	NC_073623	2
170942	PP579742_w5000_s70000	PP579742	2
170965	PP889505_w5000_s20000	PP889505	2
170984	KU197013_w5000_s12500	KU197013	2
170992	MT114160_w20000_s40000	MT114160	2
170994	KX349261_w10000_s45000	KX349261	2
170996	KX452695_w10000_s105000	KX452695	2
171001	MH992121_w20000_s40000	MH992121	2
171003	MT074142_w2000_s139000	MT074142	2
171004	MN204499_w20000_s10000	MN204499	2
171014	MZ501094_w1000_s1500	MZ501094	2
171017	LC645435_w5000_s15000	LC645435	2
171024	MW247143_w10000_s0	MW247143	2
171031	OZ196255_w20000_s0	OZ196255	2
171038	MW584184_w20000_s0	MW584184	2
171048	KC900379_w5000_s47500	KC900379	2
171055	AY052766_w5000_s27500	AY052766	2
171059	NC_031007_w20000_s60000	NC_031007	2
171061	MW812339_w2000_s51000	MW812339	2
171078	KJ019094_w10000_s40000	KJ019094	2
171080	MH230878_w10000_s40000	MH230878	2
171083	NC_029042_w1000_s21500	NC_029042	2
171087	KU199710_w10000_s0	KU199710	2
171097	MN428065_w1000_s116000	MN428065	2
171098	KY779849_w1000_s138000	KY779849	2
171115	MZ443787_w10000_s0	MZ443787	2
171121	DQ466086_w1000_s43000	DQ466086	2
171122	NC_048754_w20000_s10000	NC_048754	2
171129	NC_041980_w5000_s87500	NC_041980	2
171133	LC788709_w5000_s57500	LC788709	2
171151	MF448566_w1000_s12500	MF448566	2
171153	MH992121_w20000_s120000	MH992121	2
171167	MW269554_w5000_s47500	MW269554	2
171178	MW584183_w20000_s0	MW584183	2
171199	PP554579_w1000_s3500	PP554579	2
171200	KX431560_w20000_s130000	KX431560	2
171201	ON970603_w5000_s27500	ON970603	2
171223	MN023188_w2000_s33000	MN023188	2
171236	GQ478086_w5000_s22500	GQ478086	2
171248	PQ217616_w20000_s10000	PQ217616	2
171249	MK295205_w10000_s50000	MK295205	2
171250	MT799840_w10000_s125000	MT799840	2
171256	OQ721911_w10000_s0	OQ721911	2
171274	ON548417_w10000_s75000	ON548417	2
171300	MH105773_w10000_s10000	MH105773	2
171302	PP738775_w5000_s30000	PP738775	2
171305	MW812339_w10000_s0	MW812339	2
171360	KR093629_w5000_s7500	KR093629	2
171361	MW822601_w1000_s14000	MW822601	2
171395	NC_070663_w1000_s13000	NC_070663	2
171398	ON970584_w1000_s24000	ON970584	2
171401	KT373978_w10000_s55000	KT373978	2
171424	MH744418_w10000_s55000	MH744418	2
171432	KX431560_w2000_s85000	KX431560	2
171439	ON456340_w2000_s4000	ON456340	2
171450	MT700412_w10000_s0	MT700412	2
171466	KF156340_w20000_s80000	KF156340	2
171469	MN994500_w10000_s15000	MN994500	2
171475	KY883649_w2000_s18000	KY883649	2
171485	NC_070885_w5000_s42500	NC_070885	2
171489	PP993148_w10000_s110000	PP993148	2
171492	KT363731_w10000_s15000	KT363731	2
171507	MK907234_w20000_s20000	MK907234	2
171527	MG748547_w5000_s7500	MG748547	2
171533	NC_042132_w1000_s16500	NC_042132	2
171539	LC788709_w20000_s0	LC788709	2
171556	NC_025467_w10000_s5000	NC_025467	2
171564	ON528745_w1000_s121000	ON528745	2
171566	NC_009904_w2000_s59000	NC_009904	2
171587	PP597384_w5000_s75000	PP597384	2
171600	PQ096439_w2000_s42000	PQ096439	2
171602	OY720014_w10000_s65000	OY720014	2
171604	MW057855_w20000_s10000	MW057855	2
171610	OZ196444_w5000_s22500	OZ196444	2
171628	KM925136_w1000_s100000	KM925136	2
171636	OP617748_w20000_s60000	OP617748	2
171651	MN023190_w2000_s15000	MN023190	2
171659	NC_073431_w2000_s31000	NC_073431	2
171671	EU822883_w10000_s20000	EU822883	2
171675	OP021681_w10000_s100000	OP021681	2
171686	OX335403_w10000_s70000	OX335403	2
171719	OQ999401_w1000_s25000	OQ999401	2
171729	MW419087_w2000_s146000	MW419087	2
171730	PQ818762_w20000_s50000	PQ818762	2
171731	MW419084_w1000_s91000	MW419084	2
171747	NC_025417_w2000_s130000	NC_025417	2
171748	PP531540_w1000_s67000	PP531540	2
171761	LC483177_w20000_s40000	LC483177	2
171779	NC_031245_w1000_s217500	NC_031245	2
171781	MH809534_w10000_s10000	MH809534	2
171790	JN204348_w5000_s12500	JN204348	2
171791	MG973030_w10000_s90000	MG973030	2
171800	LR535921_w5000_s67500	LR535921	2
171824	LC616070_w10000_s40000	LC616070	2
171834	NC_070975_w5000_s57500	NC_070975	2
171841	MK408758_w10000_s75000	MK408758	2
171849	KU927497_w10000_s60000	KU927497	2
171854	NC_048633_w5000_s7500	NC_048633	2
171866	OK272480_w2000_s37000	OK272480	2
171877	MT554104_w1000_s88000	MT554104	2
171891	MN813700_w1000_s44000	MN813700	2
171893	KY368640_w20000_s80000	KY368640	2
171895	KU686210_w2000_s94000	KU686210	2
171902	NC_031112_w10000_s5000	NC_031112	2
171909	PP357460_w10000_s15000	PP357460	2
171910	OL631482_w20000_s90000	OL631482	2
171923	MW822145_w20000_s50000	MW822145	2
171928	MT074142_w20000_s30000	MT074142	2
171935	PP704628_w2000_s2000	PP704628	2
171936	KT359365_w20000_s10000	KT359365	2
171939	OZ195827_w5000_s0	OZ195827	2
171942	OR538761_w10000_s45000	OR538761	2
171943	MH992121_w2000_s43000	MH992121	2
171949	ON881243_w5000_s22500	ON881243	2
171958	OK913679_w5000_s30000	OK913679	2
171982	OZ196870_w1000_s22500	OZ196870	2
172003	NC_054923_w5000_s132500	NC_054923	2
172011	MN508618_w10000_s105000	MN508618	2
172028	KJ019094_w2000_s109000	KJ019094	2
172035	OZ196140_w10000_s140000	OZ196140	2
172040	MK279842_w10000_s50000	MK279842	2
172048	OM869531_w1000_s2000	OM869531	2
172050	KU686206_w20000_s80000	KU686206	2
172051	OZ195867_w5000_s67500	OZ195867	2
172052	ON113175_w2000_s39000	ON113175	2
172059	PP978831_w1000_s72000	PP978831	2
172062	MG592518_w1000_s23000	MG592518	2
172064	NC_053011_w5000_s0	NC_053011	2
172073	JQ340389_w20000_s0	JQ340389	2
172075	ON529864_w10000_s15000	ON529864	2
172078	MF158044_w1000_s56500	MF158044	2
172079	KY385423_w1000_s31000	KY385423	2
172089	PP889489_w1000_s23000	PP889489	2
172095	NC_052660_w1000_s43000	NC_052660	2
172096	MW822145_w5000_s55000	MW822145	2
172104	OZ196426_w20000_s100000	OZ196426	2
172123	OX241437_w2000_s89000	OX241437	2
172136	KF713485_w10000_s40000	KF713485	2
172150	GQ502199_w1000_s12000	GQ502199	2
172158	MG592619_w1000_s16000	MG592619	2
172165	NC_028763_w20000_s0	NC_028763	2
172181	MK050846_w20000_s70000	MK050846	2
172184	MK408758_w10000_s115000	MK408758	2
172199	PQ567651_w20000_s120000	PQ567651	2
172215	PQ181262_w10000_s50000	PQ181262	2
172216	MN096361_w1000_s55500	MN096361	2
172223	NC_061444_w2000_s249000	NC_061444	2
172230	NC_042025_w1000_s57500	NC_042025	2
172234	OR180314_w20000_s10000	OR180314	2
172236	KM652554_w2000_s103000	KM652554	2
172284	MT828552_w5000_s17500	MT828552	2
172301	OQ223305_w1000_s82000	OQ223305	2
172305	MW055904_w1000_s4000	MW055904	2
172316	HQ634195_w1000_s90500	HQ634195	2
172317	MZ417323_w1000_s130000	MZ417323	2
172323	MH460827_w5000_s17500	MH460827	2
172328	ON113175_w10000_s5000	ON113175	2
172351	PQ189378_w10000_s0	PQ189378	2
172353	OR521068_w2000_s39000	OR521068	2
172357	OZ035761_w2000_s33000	OZ035761	2
172359	OP380601_w10000_s165000	OP380601	2
172369	KX349323_w20000_s40000	KX349323	2
172383	LC616062_w5000_s0	LC616062	2
172387	MW507135_w5000_s2500	MW507135	2
172395	AY052766_w5000_s17500	AY052766	2
172399	OZ195793_w2000_s14000	OZ195793	2
172416	OM908766_w5000_s57500	OM908766	2
172427	NC_028659_w20000_s20000	NC_028659	2
172432	MH697590_w20000_s130000	MH697590	2
172455	OZ035812_w5000_s10000	OZ035812	2
172476	NC_022065_w20000_s0	NC_022065	2
172494	OZ196076_w10000_s70000	OZ196076	2
172498	OY720014_w10000_s55000	OY720014	2
172500	MH059636_w1000_s24500	MH059636	2
172510	AP008983_w5000_s30000	AP008983	2
172511	OR553912_w10000_s10000	OR553912	2
172512	AY954970_w20000_s90000	AY954970	2
172513	NC_016567_w5000_s55000	NC_016567	2
172521	PQ505478_w5000_s25000	PQ505478	2
172535	JQ287645_w20000_s30000	JQ287645	2
172538	KP090454_w5000_s20000	KP090454	2
172539	OQ622092_w2000_s29000	OQ622092	2
172545	KY368640_w2000_s69000	KY368640	2
172552	NC_023741_w2000_s2000	NC_023741	2
172557	OL656108_w10000_s45000	OL656108	2
172565	MN310549_w10000_s20000	MN310549	2
172570	MG592390_w2000_s19000	MG592390	2
172579	OL539471_w2000_s74000	OL539471	2
172580	PP541513_w5000_s20000	PP541513	2
172595	KJ019141_w10000_s40000	KJ019141	2
172636	MN871446_w2000_s74000	MN871446	2
172644	MW325771_w1000_s19500	MW325771	2
172669	NC_054636_w5000_s0	NC_054636	2
172680	NC_016564_w10000_s25000	NC_016564	2
172693	ON170323_w10000_s0	ON170323	2
172704	MN032614_w2000_s105000	MN032614	2
172715	MN695334_w10000_s220000	MN695334	2
172723	MF459646_w5000_s197500	MF459646	2
172724	NC_025424_w1000_s43500	NC_025424	2
172736	NC_021335_w10000_s5000	NC_021335	2
172747	LC465543_w1000_s8000	LC465543	2
172753	OQ744526_w5000_s12500	OQ744526	2
172758	PQ244012_w5000_s2500	PQ244012	2
172767	MG663582_w5000_s27500	MG663582	2
172768	OL539454_w5000_s30000	OL539454	2
172807	MH746814_w1000_s91500	MH746814	2
172816	NC_048182_w10000_s150000	NC_048182	2
172822	NC_048067_w2000_s36000	NC_048067	2
172828	PQ449568_w20000_s10000	PQ449568	2
172832	OZ196403_w5000_s7500	OZ196403	2
172834	OZ196394_w20000_s10000	OZ196394	2
172836	AF195902_w2000_s6000	AF195902	2
172848	NC_031029_w10000_s75000	NC_031029	2
172860	MG770379_w2000_s151000	MG770379	2
172861	ON920540_w5000_s17500	ON920540	2
172867	NC_054940_w1000_s89500	NC_054940	2
172874	MN840487_w2000_s12000	MN840487	2
172888	LT960608_w5000_s37500	LT960608	2
172895	MK279881_w1000_s59500	MK279881	2
172898	OQ504984_w5000_s165000	OQ504984	2
172900	PQ571289_w20000_s120000	PQ571289	2
172908	OR608735_w10000_s60000	OR608735	2
172931	NC_070703_w2000_s4000	NC_070703	2
172953	PP496415_w2000_s0	PP496415	2
172954	NC_049502_w10000_s130000	NC_049502	2
172955	MT774376_w2000_s4000	MT774376	2
172956	NC_031257_w20000_s30000	NC_031257	2
172962	NC_048182_w10000_s210000	NC_048182	2
172963	OP172731_w2000_s1000	OP172731	2
172971	OY720021_w20000_s0	OY720021	2
172977	MG592637_w10000_s45000	MG592637	2
172984	KT970645_w5000_s10000	KT970645	2
172993	NC_042067_w1000_s87500	NC_042067	2
172994	NC_005822_w1000_s20000	NC_005822	2
173005	ON970603_w2000_s32000	ON970603	2
173019	PP179326_w5000_s5000	PP179326	2
173029	MK112548_w2000_s125000	MK112548	2
173050	NC_054934_w1000_s142000	NC_054934	2
173060	OZ196440_w5000_s22500	OZ196440	2
173067	JF937094_w1000_s22000	JF937094	2
173068	NC_029042_w2000_s8000	NC_029042	2
173073	LC616061_w1000_s21500	LC616061	2
173089	PQ844485_w5000_s7500	PQ844485	2
173091	ON540300_w1000_s13000	ON540300	2
173097	NC_023610_w20000_s190000	NC_023610	2
173108	OK040789_w5000_s30000	OK040789	2
173125	PP934445_w20000_s20000	PP934445	2
173129	OR553896_w10000_s30000	OR553896	2
173132	ON113167_w20000_s70000	ON113167	2
173137	KU985092_w1000_s6000	KU985092	2
173145	OX335419_w1000_s25000	OX335419	2
173155	MK112548_w5000_s52500	MK112548	2
173167	PP179326_w10000_s25000	PP179326	2
173171	MK524522_w5000_s25000	MK524522	2
173184	PQ666542_w2000_s43000	PQ666542	2
173202	OQ095916_w1000_s127000	OQ095916	2
173203	MT498041_w10000_s15000	MT498041	2
173222	OZ196365_w5000_s17500	OZ196365	2
173229	MH929319_w1000_s153000	MH929319	2
173231	MG925345_w20000_s10000	MG925345	2
173241	NC_020843_w10000_s45000	NC_020843	2
173242	PP496443_w20000_s20000	PP496443	2
173244	MZ443787_w2000_s68000	MZ443787	2
173248	KX397373_w10000_s120000	KX397373	2
173256	MH929319_w2000_s50000	MH929319	2
173273	NC_047819_w10000_s0	NC_047819	2
173284	KJ019095_w20000_s150000	KJ019095	2
173290	MG065645_w2000_s11000	MG065645	2
173303	OZ196288_w10000_s35000	OZ196288	2
173307	MZ501098_w20000_s140000	MZ501098	2
173308	MW057857_w2000_s88000	MW057857	2
173319	DQ832317_w1000_s12000	DQ832317	2
173321	OP021681_w1000_s139500	OP021681	2
173323	OZ195763_w5000_s37500	OZ195763	2
173338	ON170323_w20000_s0	ON170323	2
173345	MH920362_w20000_s30000	MH920362	2
173354	PQ336912_w10000_s30000	PQ336912	2
173355	NC_073086_w20000_s0	NC_073086	2
173372	KM677211_w1000_s48000	KM677211	2
173374	KX130727_w10000_s70000	KX130727	2
173375	MW291018_w2000_s45000	MW291018	2
173391	AY962392_w5000_s140000	AY962392	2
173396	NC_026923_w20000_s110000	NC_026923	2
173399	MF285619_w20000_s80000	MF285619	2
173407	OP067662_w5000_s10000	OP067662	2
173409	OU509534_w2000_s7000	OU509534	2
173417	OZ038342_w2000_s18000	OZ038342	2
173418	OZ195913_w1000_s73000	OZ195913	2
173425	MH779518_w2000_s19000	MH779518	2
173429	OQ871555_w1000_s79500	OQ871555	2
173433	PQ594019_w1000_s11000	PQ594019	2
173445	MH460463_w2000_s4000	MH460463	2
173454	MN428065_w5000_s142500	MN428065	2
173461	JN712910_w1000_s66000	JN712910	2
173478	MK279888_w2000_s8000	MK279888	2
173479	PP400782_w5000_s102500	PP400782	2
173480	NC_052660_w1000_s109500	NC_052660	2
173507	OY757066_w5000_s42500	OY757066	2
173518	NC_047881_w1000_s98000	NC_047881	2
173521	PQ362683_w2000_s29000	PQ362683	2
173530	OR924234_w20000_s10000	OR924234	2
173566	MK279883_w1000_s46000	MK279883	2
173574	KR902361_w10000_s15000	KR902361	2
173583	MN695334_w10000_s85000	MN695334	2
173595	MH316562_w5000_s55000	MH316562	2
173609	OM065843_w10000_s10000	OM065843	2
173613	OZ195680_w10000_s5000	OZ195680	2
173623	MZ443787_w2000_s30000	MZ443787	2
173624	MW364973_w5000_s12500	MW364973	2
173627	MT074476_w2000_s57000	MT074476	2
173628	MT657338_w2000_s35000	MT657338	2
173642	KY554777_w2000_s104000	KY554777	2
173645	MG770379_w2000_s112000	MG770379	2
173661	MW794163_w20000_s0	MW794163	2
173670	MW042812_w2000_s13000	MW042812	2
173681	NC_071008_w5000_s0	NC_071008	2
173710	NC_027366_w20000_s10000	NC_027366	2
173715	KR902361_w20000_s80000	KR902361	2
173740	NC_049379_w1000_s15000	NC_049379	2
173744	MW514247_w2000_s0	MW514247	2
173747	MW149275_w10000_s30000	MW149275	2
173748	KT151956_w5000_s5000	KT151956	2
173751	MT497087_w1000_s13500	MT497087	2
173771	JN371768_w1000_s33000	JN371768	2
173791	OQ603353_w10000_s40000	OQ603353	2
173803	MN988534_w2000_s79000	MN988534	2
173809	MH015254_w10000_s5000	MH015254	2
173819	JX181828_w10000_s45000	JX181828	2
173828	HQ634195_w20000_s50000	HQ634195	2
173834	MZ501098_w2000_s34000	MZ501098	2
173835	NC_073074_w10000_s0	NC_073074	2
173837	LC483177_w5000_s110000	LC483177	2
173867	KM092515_w2000_s53000	KM092515	2
173878	ON081329_w2000_s38000	ON081329	2
173881	OR532813_w1000_s20500	OR532813	2
173889	NC_069748_w5000_s7500	NC_069748	2
173904	PQ657784_w1000_s35500	PQ657784	2
173918	MH571750_w20000_s20000	MH571750	2
173931	OL840900_w20000_s20000	OL840900	2
173932	MH834618_w1000_s4000	MH834618	2
173936	MZ622177_w20000_s10000	MZ622177	2
173940	MW021758_w10000_s10000	MW021758	2
173941	PQ657807_w1000_s14000	PQ657807	2
173964	OZ196417_w5000_s67500	OZ196417	2
173977	PP978878_w2000_s1000	PP978878	2
174029	MK510980_w1000_s4000	MK510980	2
174054	MT863716_w20000_s40000	MT863716	2
174097	OK143207_w1000_s89000	OK143207	2
174102	MG550111_w1000_s2500	MG550111	2
174125	PP554579_w20000_s80000	PP554579	2
174140	NC_052660_w1000_s101000	NC_052660	2
174143	MW057857_w20000_s70000	MW057857	2
174144	MG065645_w20000_s120000	MG065645	2
174158	OP067662_w10000_s30000	OP067662	2
174159	MN988521_w20000_s120000	MN988521	2
174160	KY779849_w1000_s135500	KY779849	2
174164	KX228400_w5000_s32500	KX228400	2
174184	OZ196067_w10000_s75000	OZ196067	2
174195	NC_021537_w1000_s22500	NC_021537	2
174208	LC483177_w20000_s30000	LC483177	2
174228	KJ578786_w5000_s17500	KJ578786	2
174236	MK737944_w2000_s14000	MK737944	2
174286	CAKLQH020000051_w10000_s0	CAKLQH020000051	2
174302	MN850611_w10000_s75000	MN850611	2
174319	MK804891_w20000_s20000	MK804891	2
174322	OZ196227_w20000_s130000	OZ196227	2
174345	OL770107_w5000_s55000	OL770107	2
174376	MH892375_w5000_s7500	MH892375	2
174390	NC_051717_w2000_s8000	NC_051717	2
174435	KX879627_w1000_s118000	KX879627	2
174455	PV087338_w5000_s40000	PV087338	2
174478	MK069556_w5000_s0	MK069556	2
174479	MH752840_w1000_s114000	MH752840	2
174496	MT074475_w20000_s130000	MT074475	2
174516	NC_028890_w2000_s137000	NC_028890	2
174533	PP301341_w20000_s10000	PP301341	2
174544	ON075799_w5000_s97500	ON075799	2
174554	ON113175_w2000_s43000	ON113175	2
174555	KX349318_w5000_s75000	KX349318	2
174561	OP985600_w1000_s3500	OP985600	2
174575	EU570103_w10000_s30000	EU570103	2
174583	MN032614_w5000_s42500	MN032614	2
174600	OZ196094_w10000_s80000	OZ196094	2
174603	NC_012743_w2000_s28000	NC_012743	2
174615	OR699187_w5000_s20000	OR699187	2
174620	OR845035_w5000_s5000	OR845035	2
174629	KY658677_w20000_s0	KY658677	2
174640	NC_023599_w5000_s10000	NC_023599	2
174644	MT498052_w2000_s29000	MT498052	2
174654	MF158046_w10000_s115000	MF158046	2
174662	OR159650_w2000_s50000	OR159650	2
174668	NC_021298_w10000_s5000	NC_021298	2
174669	MH669006_w5000_s42500	MH669006	2
174671	KU716095_w10000_s5000	KU716095	2
174677	PP496436_w1000_s71000	PP496436	2
174678	PP582758_w1000_s34500	PP582758	2
174684	MK359318_w10000_s15000	MK359318	2
174688	MZ398241_w10000_s40000	MZ398241	2
174693	MK719744_w20000_s20000	MK719744	2
174727	MN850579_w20000_s120000	MN850579	2
174732	JQ809703_w2000_s41000	JQ809703	2
174738	MT799840_w10000_s230000	MT799840	2
174752	MG757155_w10000_s25000	MG757155	2
174763	KC661275_w5000_s45000	KC661275	2
174766	MN043730_w1000_s20000	MN043730	2
174768	OZ196706_w1000_s56500	OZ196706	2
174785	MT074141_w10000_s60000	MT074141	2
174794	MN709127_w20000_s140000	MN709127	2
174797	MF580773_w2000_s13000	MF580773	2
174800	OZ196868_w2000_s15000	OZ196868	2
174801	MW824400_w1000_s74500	MW824400	2
174812	PP993148_w1000_s117500	PP993148	2
174873	NC_051633_w1000_s41500	NC_051633	2
174893	MH153799_w10000_s20000	MH153799	2
174913	PQ464597_w2000_s132000	PQ464597	2
174914	OQ572410_w2000_s9000	OQ572410	2
174917	MT657339_w2000_s67000	MT657339	2
174927	PP931173_w1000_s38500	PP931173	2
174946	PP429226_w10000_s120000	PP429226	2
174971	PQ657784_w5000_s0	PQ657784	2
174980	OK499992_w5000_s137500	OK499992	2
174986	LC768496_w2000_s9000	LC768496	2
174991	MN850611_w20000_s0	MN850611	2
175015	NC_070951_w20000_s70000	NC_070951	2
175058	NC_025429_w1000_s69500	NC_025429	2
175076	KT355474_w20000_s20000	KT355474	2
175081	MT863731_w2000_s125000	MT863731	2
175090	PP974338_w1000_s44000	PP974338	2
175091	PP429226_w2000_s46000	PP429226	2
175103	JX006077_w10000_s55000	JX006077	2
175135	NC_049506_w20000_s0	NC_049506	2
175156	PP856727_w20000_s120000	PP856727	2
175165	NC_031007_w2000_s206000	NC_031007	2
175186	MZ820085_w2000_s150000	MZ820085	2
175189	OL451946_w1000_s22000	OL451946	2
175191	NC_002321_w1000_s25000	NC_002321	2
175208	OR532828_w2000_s26000	OR532828	2
175230	NC_055799_w5000_s47500	NC_055799	2
175252	MN096376_w20000_s20000	MN096376	2
175262	MZ234053_w1000_s57000	MZ234053	2
175277	KX397371_w10000_s225000	KX397371	2
175280	PQ133601_w5000_s15000	PQ133601	2
175283	MF375456_w20000_s0	MF375456	2
175292	OR159667_w2000_s37000	OR159667	2
175307	PP464953_w1000_s70500	PP464953	2
175310	PP301341_w5000_s0	PP301341	2
175326	MH929319_w10000_s95000	MH929319	2
175331	MT310884_w5000_s42500	MT310884	2
175372	OR886156_w2000_s3000	OR886156	2
175395	NC_073431_w10000_s0	NC_073431	2
175397	KF156340_w20000_s60000	KF156340	2
175402	MK719704_w2000_s2000	MK719704	2
175408	KJ410134_w2000_s21000	KJ410134	2
175416	OR521065_w10000_s5000	OR521065	2
175434	MT663719_w5000_s10000	MT663719	2
175436	MK521906_w10000_s10000	MK521906	2
175437	MW629017_w1000_s106500	MW629017	2
175488	NC_006552_w1000_s23500	NC_006552	2
175494	KJ019094_w5000_s160000	KJ019094	2
175503	MH576958_w2000_s0	MH576958	2
175538	AY453853_w5000_s42500	AY453853	2
175553	MT104475_w20000_s20000	MT104475	2
175557	NC_070715_w5000_s22500	NC_070715	2
175593	PQ133605_w1000_s25000	PQ133605	2
175613	PP889489_w20000_s10000	PP889489	2
175623	OZ196214_w5000_s5000	OZ196214	2
175640	KU716095_w2000_s34000	KU716095	2
175641	OK040789_w10000_s130000	OK040789	2
175648	MT732467_w2000_s7000	MT732467	2
175654	NC_070945_w10000_s35000	NC_070945	2
175659	KX397371_w10000_s50000	KX397371	2
175662	KY065491_w2000_s20000	KY065491	2
175667	PQ189388_w20000_s0	PQ189388	2
175703	KP137439_w2000_s8000	KP137439	2
175711	MZ501098_w20000_s80000	MZ501098	2
175726	LN610584_w2000_s52000	LN610584	2
175732	NC_029042_w10000_s10000	NC_029042	2
175745	PP910332_w10000_s5000	PP910332	2
175750	KT373978_w2000_s38000	KT373978	2
175751	LN610572_w20000_s20000	LN610572	2
175776	MT310872_w1000_s16000	MT310872	2
175784	KU963253_w5000_s47500	KU963253	2
175808	KX130727_w1000_s23000	KX130727	2
175854	MN840487_w2000_s5000	MN840487	2
175885	LN881734_w2000_s145000	LN881734	2
175891	OR532796_w2000_s54000	OR532796	2
175899	MG592466_w2000_s40000	MG592466	2
175908	MT234338_w2000_s5000	MT234338	2
175909	MN586013_w5000_s0	MN586013	2
175916	CP069348_w5000_s52500	CP069348	2
175931	KX349270_w5000_s77500	KX349270	2
175944	OV877085_w5000_s25000	OV877085	2
175951	PP824815_w1000_s32500	PP824815	2
175953	PQ189589_w2000_s15000	PQ189589	2
175958	KC595511_w2000_s63000	KC595511	2
175964	OL539471_w1000_s28000	OL539471	2
175967	MN032614_w5000_s205000	MN032614	2
175970	NC_047747_w10000_s15000	NC_047747	2
175981	MN308080_w5000_s27500	MN308080	2
175985	OP451917_w10000_s10000	OP451917	2
175997	MK005300_w2000_s58000	MK005300	2
176005	OK274245_w5000_s15000	OK274245	2
176011	OK094519_w20000_s0	OK094519	2
176013	MW629017_w1000_s19500	MW629017	2
176019	MZ322024_w1000_s68000	MZ322024	2
176034	NC_070667_w1000_s28500	NC_070667	2
176036	NC_049502_w20000_s40000	NC_049502	2
176038	AP014714_w20000_s150000	AP014714	2
176050	MF467948_w10000_s30000	MF467948	2
176054	MH576958_w1000_s27500	MH576958	2
176055	NC_028659_w2000_s116000	NC_028659	2
176062	PP579742_w2000_s49000	PP579742	2
176076	NC_047715_w10000_s145000	NC_047715	2
176101	KU998253_w10000_s30000	KU998253	2
176119	MG820632_w20000_s0	MG820632	2
176128	KU568494_w5000_s40000	KU568494	2
176142	MG770379_w10000_s85000	MG770379	2
176145	OR896840_w10000_s25000	OR896840	2
176162	MK934841_w2000_s1000	MK934841	2
176168	MH744418_w10000_s170000	MH744418	2
176181	MT828552_w2000_s78000	MT828552	2
176198	EU272037_w5000_s0	EU272037	2
176201	PP601405_w5000_s5000	PP601405	2
176216	MZ420150_w5000_s142500	MZ420150	2
176229	PQ782953_w2000_s22000	PQ782953	2
176234	NC_048806_w1000_s2500	NC_048806	2
176241	PQ244012_w2000_s17000	PQ244012	2
176254	MZ475898_w5000_s237500	MZ475898	2
176268	PP496443_w5000_s167500	PP496443	2
176274	MK448954_w10000_s0	MK448954	2
176278	PQ133620_w2000_s1000	PQ133620	2
176285	MT774392_w1000_s81500	MT774392	2
176292	MH078572_w20000_s10000	MH078572	2
176293	OR896173_w5000_s32500	OR896173	2
176294	OR453399_w10000_s10000	OR453399	2
176295	KT184309_w5000_s0	KT184309	2
176321	NC_048182_w2000_s59000	NC_048182	2
176324	NC_021348_w10000_s115000	NC_021348	2
176328	OQ927986_w5000_s5000	OQ927986	2
176335	PP429226_w5000_s37500	PP429226	2
176376	PQ202980_w10000_s35000	PQ202980	2
176378	PP824815_w2000_s4000	PP824815	2
176396	NC_073024_w1000_s500	NC_073024	2
176398	PV052273_w2000_s0	PV052273	2
176403	MF405094_w20000_s50000	MF405094	2
176426	OL362270_w2000_s23000	OL362270	2
176427	OR983333_w20000_s0	OR983333	2
176439	KU686197_w2000_s169000	KU686197	2
176468	MN871486_w1000_s23500	MN871486	2
176469	MN709128_w20000_s60000	MN709128	2
176476	MT774376_w5000_s55000	MT774376	2
176485	MK719702_w1000_s41500	MK719702	2
176501	DQ832317_w5000_s45000	DQ832317	2
176503	PP977459_w1000_s32000	PP977459	2
176504	MH834621_w1000_s6000	MH834621	2
176531	MF467948_w20000_s30000	MF467948	2
176550	MF459646_w5000_s72500	MF459646	2
176556	NC_069752_w10000_s20000	NC_069752	2
176560	OZ195950_w10000_s80000	OZ195950	2
176578	MT446387_w1000_s40500	MT446387	2
176589	NC_091964_w2000_s25000	NC_091964	2
176600	MH059636_w10000_s100000	MH059636	2
176602	MW824434_w10000_s50000	MW824434	2
176605	KR080193_w1000_s24500	KR080193	2
176612	MN850579_w10000_s20000	MN850579	2
176623	MN062185_w10000_s30000	MN062185	2
176640	ON456339_w1000_s14000	ON456339	2
176645	NC_031001_w1000_s61000	NC_031001	2
176672	NC_047945_w5000_s37500	NC_047945	2
176673	KY883635_w20000_s90000	KY883635	2
176685	MN101226_w1000_s12500	MN101226	2
176692	PP495480_w2000_s1000	PP495480	2
176696	OR886156_w20000_s0	OR886156	2
176706	PP212877_w2000_s47000	PP212877	2
176708	KX266441_w2000_s2000	KX266441	2
176711	KX349296_w5000_s40000	KX349296	2
176716	OR770614_w2000_s60000	OR770614	2
176731	NC_021348_w1000_s136500	NC_021348	2
176763	ON529864_w2000_s59000	ON529864	2
176764	NC_069752_w5000_s7500	NC_069752	2
176765	JN371768_w1000_s39000	JN371768	2
176767	PP179317_w5000_s27500	PP179317	2
176768	HQ224500_w1000_s6500	HQ224500	2
176769	MH045563_w20000_s10000	MH045563	2
176787	NC_048182_w2000_s93000	NC_048182	2
176790	KR080198_w5000_s0	KR080198	2
176801	OL825705_w5000_s17500	OL825705	2
176832	MK310138_w2000_s10000	MK310138	2
176838	PP597384_w10000_s145000	PP597384	2
176859	MZ417321_w5000_s87500	MZ417321	2
176867	LR025195_w5000_s37500	LR025195	2
176871	DQ997624_w1000_s130000	DQ997624	2
176873	KY883635_w10000_s5000	KY883635	2
176876	OQ653963_w20000_s120000	OQ653963	2
176889	LC739534_w20000_s40000	LC739534	2
176897	MK327942_w5000_s70000	MK327942	2
176901	OR532796_w2000_s170000	OR532796	2
176923	ON189043_w20000_s0	ON189043	2
176924	NC_031022_w1000_s82500	NC_031022	2
176940	MZ501057_w20000_s10000	MZ501057	2
176952	OZ195733_w1000_s87000	OZ195733	2
176957	MT806185_w5000_s17500	MT806185	2
176960	PQ046925_w2000_s74000	PQ046925	2
176967	ON637170_w20000_s0	ON637170	2
176968	MN032614_w20000_s150000	MN032614	2
176982	KX664455_w5000_s12500	KX664455	2
176986	OZ196552_w20000_s0	OZ196552	2
176999	MT553335_w2000_s130000	MT553335	2
177004	KU686197_w20000_s60000	KU686197	2
177038	KX557284_w2000_s25000	KX557284	2
177042	LR877331_w1000_s108500	LR877331	2
177048	NC_073441_w20000_s20000	NC_073441	2
177059	ON548417_w5000_s17500	ON548417	2
177072	OK272480_w10000_s55000	OK272480	2
177086	NC_053514_w1000_s30000	NC_053514	2
177093	MZ501098_w10000_s0	MZ501098	2
177105	ON881243_w10000_s45000	ON881243	2
177120	AY135739_w10000_s20000	AY135739	2
177178	JQ182728_w2000_s24000	JQ182728	2
177187	NC_023610_w2000_s50000	NC_023610	2
177189	MW364973_w10000_s15000	MW364973	2
177211	MH779511_w5000_s30000	MH779511	2
177223	KJ019141_w1000_s60000	KJ019141	2
177228	MH779511_w5000_s45000	MH779511	2
177236	MF405094_w1000_s92500	MF405094	2
177249	KX349318_w1000_s40500	KX349318	2
177252	OP172832_w10000_s10000	OP172832	2
177261	LT960608_w2000_s89000	LT960608	2
177267	MZ443787_w10000_s170000	MZ443787	2
177297	OQ999401_w20000_s50000	OQ999401	2
177298	NC_055836_w1000_s23500	NC_055836	2
177300	MF459646_w1000_s139500	MF459646	2
177304	NC_018831_w2000_s14000	NC_018831	2
177307	OR687458_w10000_s50000	OR687458	2
177312	MH697590_w2000_s149000	MH697590	2
177319	ON456355_w10000_s15000	ON456355	2
177323	NC_026589_w10000_s10000	NC_026589	2
177330	NC_000924_w1000_s38500	NC_000924	2
177336	OP867026_w20000_s30000	OP867026	2
177343	PP856728_w20000_s60000	PP856728	2
177345	MT553343_w1000_s6000	MT553343	2
177350	ON881243_w1000_s86000	ON881243	2
177358	ON716453_w1000_s8000	ON716453	2
177371	PP047755_w20000_s60000	PP047755	2
177372	KT355474_w5000_s25000	KT355474	2
177377	OL800604_w1000_s81500	OL800604	2
177379	PQ510734_w5000_s2500	PQ510734	2
177385	OR159650_w5000_s5000	OR159650	2
177407	LC616070_w2000_s28000	LC616070	2
177446	OQ129425_w10000_s15000	OQ129425	2
177470	KR534323_w20000_s40000	KR534323	2
177472	OQ101258_w20000_s0	OQ101258	2
177485	KU686197_w1000_s30500	KU686197	2
177489	MN988561_w1000_s142000	MN988561	2
177494	MH051248_w10000_s35000	MH051248	2
177528	KY883635_w20000_s80000	KY883635	2
177536	LC727885_w10000_s10000	LC727885	2
177546	MT118292_w2000_s17000	MT118292	2
177571	MH553563_w5000_s130000	MH553563	2
177604	OR472445_w5000_s17500	OR472445	2
177608	OR475272_w20000_s0	OR475272	2
177613	NC_021531_w2000_s44000	NC_021531	2
177630	NC_000924_w20000_s30000	NC_000924	2
177631	JQ740788_w2000_s29000	JQ740788	2
177637	MF580773_w10000_s5000	MF580773	2
177655	ON602753_w1000_s26500	ON602753	2
177660	MT438761_w20000_s10000	MT438761	2
177661	NC_023704_w1000_s38000	NC_023704	2
177669	NC_048102_w2000_s58000	NC_048102	2
177673	NC_007581_w2000_s155000	NC_007581	2
177676	KX130727_w20000_s120000	KX130727	2
177680	OR846601_w10000_s25000	OR846601	2
177686	HM144385_w5000_s7500	HM144385	2
177688	KX349247_w10000_s120000	KX349247	2
177694	NC_055860_w20000_s30000	NC_055860	2
177704	FM864213_w1000_s44000	FM864213	2
177716	NC_041898_w2000_s19000	NC_041898	2
177721	MK798144_w5000_s0	MK798144	2
177727	OR453399_w1000_s40000	OR453399	2
177743	OM869705_w2000_s3000	OM869705	2
177756	OR896295_w2000_s33000	OR896295	2
177767	MN695334_w1000_s131500	MN695334	2
177813	PQ498455_w1000_s3000	PQ498455	2
177815	MH727546_w20000_s20000	MH727546	2
177816	PQ589211_w2000_s45000	PQ589211	2
177826	MT438761_w5000_s127500	MT438761	2
177838	OP272493_w20000_s10000	OP272493	2
177854	JF704116_w20000_s130000	JF704116	2
177867	OK583893_w5000_s12500	OK583893	2
177874	MH745368_w5000_s47500	MH745368	2
177876	MK050846_w1000_s44500	MK050846	2
177877	KM366098_w20000_s0	KM366098	2
177881	OP380601_w1000_s200000	OP380601	2
177888	MT580897_w2000_s29000	MT580897	2
177896	NC_062736_w20000_s90000	NC_062736	2
177900	PQ141284_w20000_s20000	PQ141284	2
177913	PQ657807_w5000_s17500	PQ657807	2
177917	KR935216_w2000_s34000	KR935216	2
177920	OZ196887_w2000_s97000	OZ196887	2
177941	AJ888457_w1000_s52500	AJ888457	2
177958	OQ378934_w10000_s10000	OQ378934	2
177968	AY962392_w1000_s145000	AY962392	2
177979	PP856727_w1000_s61500	PP856727	2
177994	MT897904_w5000_s12500	MT897904	2
177998	MH460463_w20000_s160000	MH460463	2
178018	OR896295_w1000_s8500	OR896295	2
178027	KU927497_w5000_s65000	KU927497	2
178030	MW824416_w1000_s85500	MW824416	2
178044	AY954956_w1000_s13000	AY954956	2
178047	OP172634_w5000_s25000	OP172634	2
178061	PP496430_w20000_s0	PP496430	2
178062	MH513980_w5000_s15000	MH513980	2
178063	MK448817_w1000_s24000	MK448817	2
178066	OR896255_w2000_s17000	OR896255	2
178070	MN428065_w20000_s10000	MN428065	2
178071	MN988521_w10000_s150000	MN988521	2
178078	KF713485_w10000_s55000	KF713485	2
178079	OR256022_w1000_s38500	OR256022	2
178080	KM242061_w5000_s30000	KM242061	2
178088	OX335380_w20000_s20000	OX335380	2
178094	MK511034_w5000_s20000	MK511034	2
178116	MW055906_w20000_s30000	MW055906	2
178126	OZ196140_w10000_s65000	OZ196140	2
178130	KY554774_w5000_s37500	KY554774	2
178133	MK112532_w1000_s5500	MK112532	2
178153	MT818424_w5000_s35000	MT818424	2
178161	MK240351_w2000_s26000	MK240351	2
178164	LC483177_w10000_s60000	LC483177	2
178170	MW041632_w5000_s15000	MW041632	2
178173	OR670062_w2000_s7000	OR670062	2
178179	OP661216_w20000_s20000	OP661216	2
178184	KY006474_w5000_s32500	KY006474	2
178192	OL770260_w2000_s26000	OL770260	2
178195	MF775689_w5000_s0	MF775689	2
178196	MZ089732_w2000_s7000	MZ089732	2
178208	NC_054923_w1000_s94500	NC_054923	2
178212	NC_070777_w2000_s133000	NC_070777	2
178232	KU599887_w2000_s40000	KU599887	2
178233	MN988544_w20000_s40000	MN988544	2
178245	LC768496_w10000_s60000	LC768496	2
178246	MT074142_w10000_s55000	MT074142	2
178258	KF713485_w5000_s45000	KF713485	2
178284	NC_019442_w5000_s5000	NC_019442	2
178316	KY210139_w2000_s10000	KY210139	2
178318	OP583591_w10000_s20000	OP583591	2
178321	NC_041863_w1000_s88000	NC_041863	2
178337	LC788709_w5000_s75000	LC788709	2
178341	OP263967_w2000_s114000	OP263967	2
178343	MT732470_w5000_s20000	MT732470	2
178353	MW349129_w2000_s213000	MW349129	2
178358	NC_018281_w10000_s5000	NC_018281	2
178367	OK340820_w10000_s25000	OK340820	2
178370	MH752840_w10000_s110000	MH752840	2
178373	MH651178_w5000_s15000	MH651178	2
178374	KC595511_w20000_s0	KC595511	2
178375	NC_048714_w2000_s34000	NC_048714	2
178389	MG945776_w1000_s3500	MG945776	2
178396	PP496430_w10000_s15000	PP496430	2
178403	GU169904_w1000_s118000	GU169904	2
178414	KJ174318_w10000_s65000	KJ174318	2
178416	KY499642_w20000_s80000	KY499642	2
178421	MN584918_w2000_s36000	MN584918	2
178444	KU886223_w10000_s120000	KU886223	2
178447	KJ473422_w10000_s60000	KJ473422	2
178449	HM114277_w5000_s77500	HM114277	2
178474	ON170354_w20000_s10000	ON170354	2
178486	KY703222_w5000_s177500	KY703222	2
178491	OR352956_w10000_s70000	OR352956	2
178501	PP747256_w1000_s34500	PP747256	2
178511	MK719704_w2000_s54000	MK719704	2
178545	MT799840_w1000_s54000	MT799840	2
178553	MG099945_w5000_s2500	MG099945	2
178554	NC_071037_w2000_s20000	NC_071037	2
178558	DQ398045_w2000_s43000	DQ398045	2
178567	MK359329_w1000_s65000	MK359329	2
178581	OL539471_w10000_s55000	OL539471	2
178587	NC_009811_w2000_s5000	NC_009811	2
178592	OZ195853_w10000_s5000	OZ195853	2
178606	OK076929_w10000_s95000	OK076929	2
178613	MK448788_w2000_s13000	MK448788	2
178624	OZ035850_w10000_s65000	OZ035850	2
178659	NC_071054_w1000_s30500	NC_071054	2
178661	NC_047828_w10000_s20000	NC_047828	2
178662	NC_023570_w1000_s35000	NC_023570	2
178667	OR253900_w1000_s3500	OR253900	2
178670	NC_055799_w1000_s40500	NC_055799	2
178697	MF405094_w5000_s122500	MF405094	2
178719	PQ561402_w5000_s32500	PQ561402	2
178729	MH688040_w2000_s70000	MH688040	2
178730	AP014889_w10000_s105000	AP014889	2
178731	PP993148_w20000_s80000	PP993148	2
178733	MW507135_w2000_s10000	MW507135	2
178739	NC_048018_w1000_s41000	NC_048018	2
178743	AY962392_w1000_s129000	AY962392	2
178775	AF064539_w1000_s35500	AF064539	2
178788	MK005300_w10000_s35000	MK005300	2
178790	MK578530_w1000_s4000	MK578530	2
178794	MT074476_w20000_s60000	MT074476	2
178815	MT585311_w10000_s10000	MT585311	2
178821	OZ195975_w20000_s40000	OZ195975	2
178829	MZ501057_w20000_s30000	MZ501057	2
178837	KC862296_w2000_s73000	KC862296	2
178864	MT380195_w1000_s63000	MT380195	2
178885	NC_048013_w20000_s20000	NC_048013	2
178894	NC_028890_w20000_s140000	NC_028890	2
178904	MZ417315_w20000_s120000	MZ417315	2
178952	PP883967_w10000_s150000	PP883967	2
178961	MZ078141_w1000_s64000	MZ078141	2
178962	OQ428192_w10000_s10000	OQ428192	2
178988	OZ196039_w10000_s0	OZ196039	2
178998	MG209611_w1000_s57500	MG209611	2
179000	MW421579_w10000_s50000	MW421579	2
179006	NC_055900_w2000_s15000	NC_055900	2
179020	OR413581_w1000_s141000	OR413581	2
179021	KY658677_w1000_s10500	KY658677	2
179022	KR052482_w5000_s77500	KR052482	2
179032	OR670062_w20000_s10000	OR670062	2
179038	KF669656_w20000_s0	KF669656	2
179050	KF279411_w10000_s40000	KF279411	2
179055	MZ443770_w5000_s160000	MZ443770	2
179059	MZ436628_w2000_s35000	MZ436628	2
179068	ON042478_w5000_s90000	ON042478	2
179076	KJ019162_w5000_s67500	KJ019162	2
179083	KJ628499_w2000_s15000	KJ628499	2
179085	MN128593_w1000_s40500	MN128593	2
179097	KJ019128_w20000_s40000	KJ019128	2
179100	HQ201307_w2000_s8000	HQ201307	2
179105	OQ466432_w10000_s105000	OQ466432	2
179120	NC_031257_w20000_s10000	NC_031257	2
179125	MH536736_w5000_s27500	MH536736	2
179130	KJ019041_w5000_s7500	KJ019041	2
179145	MN098329_w10000_s20000	MN098329	2
179170	MG770379_w20000_s20000	MG770379	2
179171	MH853788_w1000_s3500	MH853788	2
179174	OR896251_w20000_s0	OR896251	2
179181	NC_026923_w1000_s53500	NC_026923	2
179187	PQ362660_w1000_s50500	PQ362660	2
179193	MG649966_w10000_s55000	MG649966	2
179204	MT366946_w20000_s0	MT366946	2
179213	KM652554_w20000_s100000	KM652554	2
179224	NC_062736_w20000_s70000	NC_062736	2
179234	MT446418_w2000_s9000	MT446418	2
179263	NC_048685_w1000_s5000	NC_048685	2
179275	OR983331_w1000_s6500	OR983331	2
179279	OR845003_w20000_s0	OR845003	2
179308	AP014714_w5000_s102500	AP014714	2
179313	MT799840_w2000_s180000	MT799840	2
179323	OR053651_w5000_s15000	OR053651	2
179332	OZ195889_w5000_s50000	OZ195889	2
179333	PP047752_w2000_s35000	PP047752	2
179361	MH431931_w5000_s15000	MH431931	2
179366	MZ326860_w5000_s42500	MZ326860	2
179378	NC_048040_w5000_s5000	NC_048040	2
179384	NC_030920_w20000_s30000	NC_030920	2
179385	JN699625_w5000_s22500	JN699625	2
179389	PQ505480_w20000_s0	PQ505480	2
179393	KX011028_w1000_s6000	KX011028	2
179399	KJ489402_w20000_s90000	KJ489402	2
179402	OR584013_w5000_s135000	OR584013	2
179404	MT074475_w5000_s132500	MT074475	2
179426	OL656108_w10000_s15000	OL656108	2
179432	OP583591_w20000_s0	OP583591	2
179451	KC862296_w20000_s30000	KC862296	2
179477	MT887289_w5000_s65000	MT887289	2
179485	NC_028659_w2000_s91000	NC_028659	2
179488	PP885687_w20000_s10000	PP885687	2
179490	MZ375251_w5000_s10000	MZ375251	2
179494	MK994515_w10000_s95000	MK994515	2
179508	MN901520_w10000_s25000	MN901520	2
179513	KY705280_w10000_s20000	KY705280	2
179529	ON170148_w20000_s0	ON170148	2
179548	PQ181262_w10000_s5000	PQ181262	2
179578	NC_022969_w2000_s55000	NC_022969	2
179582	OZ196426_w1000_s42000	OZ196426	2
179609	KJ019142_w5000_s110000	KJ019142	2
179628	OZ195873_w5000_s7500	OZ195873	2
179636	MH001459_w10000_s30000	MH001459	2
179640	PQ516283_w1000_s146000	PQ516283	2
179642	NC_020489_w1000_s24500	NC_020489	2
179646	KM677211_w5000_s50000	KM677211	2
179657	MH590590_w1000_s40000	MH590590	2
179669	MW055912_w20000_s20000	MW055912	2
179683	MZ443770_w2000_s148000	MZ443770	2
179689	OZ195946_w5000_s72500	OZ195946	2
179710	MG209611_w5000_s5000	MG209611	2
179736	OM386659_w10000_s70000	OM386659	2
179738	MW794147_w1000_s23500	MW794147	2
179746	NC_047802_w20000_s20000	NC_047802	2
179777	OQ469755_w1000_s3500	OQ469755	2
179789	MK559429_w5000_s60000	MK559429	2
179791	MT446418_w2000_s11000	MT446418	2
179794	KU160638_w1000_s3000	KU160638	2
179803	MW590223_w2000_s6000	MW590223	2
179807	OZ195913_w20000_s70000	OZ195913	2
179816	NC_047754_w10000_s40000	NC_047754	2
179837	OQ357865_w2000_s8000	OQ357865	2
179838	HQ634195_w10000_s95000	HQ634195	2
179846	MG592466_w2000_s18000	MG592466	2
179848	NC_073677_w5000_s57500	NC_073677	2
179851	OZ196227_w5000_s150000	OZ196227	2
179863	NC_024142_w1000_s12500	NC_024142	2
179880	KJ019076_w5000_s32500	KJ019076	2
179914	LT961841_w2000_s25000	LT961841	2
179920	NC_054937_w10000_s130000	NC_054937	2
179936	KU695582_w10000_s20000	KU695582	2
179947	NC_028877_w20000_s20000	NC_028877	2
179954	OP751152_w1000_s5500	OP751152	2
179963	NC_030953_w10000_s150000	NC_030953	2
179967	OK076929_w10000_s130000	OK076929	2
179971	OL800604_w1000_s60500	OL800604	2
179981	OQ873415_w5000_s17500	OQ873415	2
180010	NC_073431_w20000_s20000	NC_073431	2
180041	OL702938_w20000_s20000	OL702938	2
180050	OQ504984_w10000_s80000	OQ504984	2
180055	NC_073331_w20000_s10000	NC_073331	2
180057	NC_048770_w5000_s50000	NC_048770	2
180067	MF285619_w1000_s14000	MF285619	2
180102	PQ159901_w10000_s30000	PQ159901	2
180107	KT239446_w1000_s63000	KT239446	2
180123	KU197013_w10000_s30000	KU197013	2
180140	NC_041980_w5000_s157500	NC_041980	2
180157	PP978818_w5000_s0	PP978818	2
180177	NC_048084_w5000_s40000	NC_048084	2
180185	NC_014635_w20000_s60000	NC_014635	2
180186	NC_031026_w10000_s20000	NC_031026	2
180187	KP708985_w20000_s20000	KP708985	2
180189	MT675124_w1000_s16000	MT675124	2
180195	OP352125_w20000_s30000	OP352125	2
180197	NC_026923_w20000_s80000	NC_026923	2
180214	JX181828_w20000_s130000	JX181828	2
180227	OZ035784_w10000_s120000	OZ035784	2
180233	PP738794_w20000_s20000	PP738794	2
180236	LC739537_w5000_s97500	LC739537	2
180255	PP883967_w2000_s91000	PP883967	2
180260	MZ568826_w5000_s45000	MZ568826	2
180276	KX557282_w2000_s33000	KX557282	2
180289	OK040789_w10000_s55000	OK040789	2
180290	OR424388_w2000_s150000	OR424388	2
180303	KX397373_w10000_s205000	KX397373	2
180306	KU686210_w10000_s80000	KU686210	2
180323	NC_029060_w20000_s0	NC_029060	2
180331	NC_055799_w5000_s37500	NC_055799	2
180332	OZ196605_w1000_s33500	OZ196605	2
180337	NC_029042_w5000_s140000	NC_029042	2
180345	OP978391_w10000_s110000	OP978391	2
180362	OZ196189_w1000_s39000	OZ196189	2
180376	MT446405_w5000_s22500	MT446405	2
180398	NC_028697_w5000_s12500	NC_028697	2
180429	ON170139_w1000_s9500	ON170139	2
180439	PQ287319_w5000_s87500	PQ287319	2
180452	NC_047945_w2000_s49000	NC_047945	2
180461	MN586017_w20000_s40000	MN586017	2
180470	MZ209301_w5000_s0	MZ209301	2
180477	MZ592920_w20000_s0	MZ592920	2
180479	KX130727_w10000_s50000	KX130727	2
180484	KF751794_w20000_s10000	KF751794	2
180485	PQ656107_w1000_s46500	PQ656107	2
180508	EU676000_w20000_s40000	EU676000	2
180524	KJ019142_w2000_s188000	KJ019142	2
180562	OL631482_w10000_s70000	OL631482	2
180569	OZ195945_w20000_s30000	OZ195945	2
180576	MT596502_w1000_s26500	MT596502	2
180591	PQ657784_w2000_s121000	PQ657784	2
180610	MK279888_w20000_s20000	MK279888	2
180628	LR597651_w5000_s0	LR597651	2
180638	KP881232_w20000_s70000	KP881232	2
180651	MN695334_w1000_s145000	MN695334	2
180654	NC_041978_w10000_s35000	NC_041978	2
180662	KX346238_w5000_s12500	KX346238	2
180663	OZ196552_w10000_s35000	OZ196552	2
180673	AY954970_w1000_s64000	AY954970	2
180676	OP263967_w2000_s39000	OP263967	2
180677	KP313532_w10000_s20000	KP313532	2
180695	KJ019049_w2000_s97000	KJ019049	2
180743	MN988523_w20000_s20000	MN988523	2
180745	MW824417_w1000_s26000	MW824417	2
180748	MW794151_w1000_s29500	MW794151	2
180749	LC788709_w20000_s70000	LC788709	2
180772	OK149215_w10000_s0	OK149215	2
180776	PP856727_w1000_s145500	PP856727	2
180778	OR613474_w10000_s30000	OR613474	2
180781	OP451962_w5000_s22500	OP451962	2
180784	LC742552_w1000_s15500	LC742552	2
180785	MT799840_w5000_s30000	MT799840	2
180790	MW269554_w20000_s10000	MW269554	2
180812	MW824427_w5000_s22500	MW824427	2
180830	OZ035746_w1000_s21500	OZ035746	2
180834	MW056502_w10000_s10000	MW056502	2
180837	PP763602_w1000_s41500	PP763602	2
180851	NC_071045_w10000_s35000	NC_071045	2
180856	AY266303_w20000_s140000	AY266303	2
180862	NC_048102_w1000_s63500	NC_048102	2
180864	KF669656_w5000_s10000	KF669656	2
180869	JQ823122_w10000_s5000	JQ823122	2
180872	NC_021531_w5000_s70000	NC_021531	2
180876	OQ291031_w20000_s20000	OQ291031	2
180877	MN850614_w1000_s5500	MN850614	2
180881	MF574151_w10000_s10000	MF574151	2
180898	JN371768_w2000_s118000	JN371768	2
180908	OK040807_w2000_s8000	OK040807	2
180923	OL960567_w2000_s83000	OL960567	2
180935	PP978799_w5000_s12500	PP978799	2
180946	MT679221_w2000_s236000	MT679221	2
180950	OM728298_w5000_s42500	OM728298	2
180960	MN782535_w1000_s1000	MN782535	2
180986	NC_023610_w5000_s35000	NC_023610	2
180990	MN988521_w2000_s164000	MN988521	2
181000	OQ653963_w10000_s45000	OQ653963	2
181018	PP496443_w1000_s123000	PP496443	2
181038	NC_070951_w2000_s23000	NC_070951	2
181040	MW349129_w2000_s216000	MW349129	2
181046	NC_054653_w10000_s20000	NC_054653	2
181057	MT074137_w1000_s69500	MT074137	2
181067	KX397371_w5000_s5000	KX397371	2
181111	ON113167_w5000_s55000	ON113167	2
181126	NC_031075_w1000_s11000	NC_031075	2
181128	NC_027394_w20000_s10000	NC_027394	2
181129	HQ201307_w10000_s20000	HQ201307	2
181136	PQ181262_w5000_s32500	PQ181262	2
181138	KX349247_w1000_s128500	KX349247	2
181174	OR896843_w5000_s25000	OR896843	2
181178	KY554774_w5000_s20000	KY554774	2
181179	MT799840_w5000_s87500	MT799840	2
181186	OL825705_w5000_s40000	OL825705	2
181191	MZ417339_w10000_s50000	MZ417339	2
181195	MZ420150_w2000_s142000	MZ420150	2
181200	PQ571269_w2000_s31000	PQ571269	2
181218	KM606995_w1000_s161000	KM606995	2
181226	PQ181262_w2000_s65000	PQ181262	2
181231	ON132389_w20000_s20000	ON132389	2
181240	NC_048659_w2000_s63000	NC_048659	2
181266	KY499642_w20000_s10000	KY499642	2
181269	MN585996_w2000_s17000	MN585996	2
181271	MW812339_w1000_s116000	MW812339	2
181277	PP554579_w2000_s18000	PP554579	2
181279	MT663719_w2000_s31000	MT663719	2
181293	MW269554_w5000_s12500	MW269554	2
181300	MT679221_w5000_s207500	MT679221	2
181313	MN204498_w1000_s23000	MN204498	2
181314	PP579743_w2000_s39000	PP579743	2
181333	OZ196664_w1000_s67500	OZ196664	2
181336	OZ196236_w1000_s28500	OZ196236	2
181359	PQ362660_w5000_s80000	PQ362660	2
181370	MW421578_w10000_s55000	MW421578	2
181375	NC_051582_w20000_s20000	NC_051582	2
181381	NC_055824_w5000_s27500	NC_055824	2
181394	OQ653963_w20000_s10000	OQ653963	2
181400	PP978830_w20000_s10000	PP978830	2
181403	NC_028681_w20000_s20000	NC_028681	2
181404	OZ195946_w20000_s50000	OZ195946	2
181415	KX431560_w5000_s17500	KX431560	2
181420	PQ850612_w20000_s30000	PQ850612	2
181447	OQ734493_w5000_s25000	OQ734493	2
181451	MH697581_w10000_s35000	MH697581	2
181459	PV036882_w1000_s29500	PV036882	2
181475	LC744188_w20000_s0	LC744188	2
181486	MG962370_w10000_s10000	MG962370	2
181502	NC_047882_w20000_s0	NC_047882	2
181509	OR983331_w10000_s15000	OR983331	2
181516	NC_023704_w20000_s10000	NC_023704	2
181521	LR595873_w1000_s6500	LR595873	2
181536	MT522000_w5000_s2500	MT522000	2
181539	MF285619_w10000_s35000	MF285619	2
181550	OZ196571_w2000_s42000	OZ196571	2
181552	AF069529_w10000_s15000	AF069529	2
181564	LC645432_w2000_s8000	LC645432	2
181573	PQ362660_w10000_s35000	PQ362660	2
181579	MK907260_w2000_s34000	MK907260	2
181586	OM249648_w20000_s140000	OM249648	2
181593	MK408758_w10000_s135000	MK408758	2
181594	NC_028755_w10000_s100000	NC_028755	2
181608	OZ196473_w5000_s72500	OZ196473	2
181610	MT074458_w20000_s60000	MT074458	2
181617	LR595859_w5000_s20000	LR595859	2
181618	MN562221_w1000_s190500	MN562221	2
181625	OL799258_w1000_s17000	OL799258	2
181642	MH809534_w5000_s10000	MH809534	2
181651	NC_051614_w1000_s24500	NC_051614	2
181653	OK143207_w20000_s60000	OK143207	2
181664	OQ267592_w5000_s32500	OQ267592	2
181673	NC_023728_w20000_s30000	NC_023728	2
181695	NC_030953_w20000_s0	NC_030953	2
181706	PP418987_w2000_s54000	PP418987	2
181711	NC_030953_w2000_s0	NC_030953	2
181732	PP724615_w20000_s0	PP724615	2
181738	PQ006759_w2000_s2000	PQ006759	2
181747	OQ095916_w2000_s70000	OQ095916	2
181753	NC_026923_w20000_s60000	NC_026923	2
181769	PQ133614_w10000_s0	PQ133614	2
181777	LN610572_w2000_s18000	LN610572	2
181783	MG592658_w2000_s3000	MG592658	2
181790	MN505213_w10000_s30000	MN505213	2
181794	NC_022969_w5000_s62500	NC_022969	2
181811	AP014714_w20000_s30000	AP014714	2
181824	OR575929_w1000_s130000	OR575929	2
181825	LC465543_w10000_s0	LC465543	2
181835	ON170148_w10000_s5000	ON170148	2
181844	MN988523_w2000_s40000	MN988523	2
181857	PP579743_w2000_s17000	PP579743	2
181861	AY962392_w2000_s67000	AY962392	2
181894	OK085710_w10000_s10000	OK085710	2
181898	PP047754_w20000_s130000	PP047754	2
181907	KP836356_w20000_s10000	KP836356	2
181910	MH590593_w10000_s80000	MH590593	2
181917	MW349129_w20000_s30000	MW349129	2
181964	MZ234053_w10000_s30000	MZ234053	2
181972	JN797797_w2000_s51000	JN797797	2
181984	NC_031034_w1000_s111000	NC_031034	2
181987	NC_051627_w20000_s20000	NC_051627	2
181988	MT684598_w5000_s35000	MT684598	2
182004	PQ492660_w1000_s30000	PQ492660	2
182034	NC_055882_w20000_s70000	NC_055882	2
182046	KM677211_w5000_s17500	KM677211	2
182073	OQ817839_w20000_s10000	OQ817839	2
182088	KM652554_w2000_s130000	KM652554	2
182100	MZ417339_w10000_s15000	MZ417339	2
182106	NC_020478_w1000_s19500	NC_020478	2
182115	MK719702_w5000_s50000	MK719702	2
182138	ON170354_w1000_s20000	ON170354	2
182140	MW349129_w10000_s250000	MW349129	2
182148	OX335403_w5000_s0	OX335403	2
182154	MN709128_w10000_s125000	MN709128	2
182168	MN871441_w2000_s167000	MN871441	2
182181	MN586013_w1000_s45000	MN586013	2
182186	OL451946_w2000_s0	OL451946	2
182219	KU981050_w10000_s5000	KU981050	2
182220	OR896843_w2000_s46000	OR896843	2
182227	MK327942_w20000_s140000	MK327942	2
182235	MT416090_w10000_s20000	MT416090	2
182240	JX163858_w1000_s135500	JX163858	2
182254	PP274704_w20000_s20000	PP274704	2
182263	NC_028755_w2000_s128000	NC_028755	2
182265	NC_021531_w5000_s7500	NC_021531	2
182278	NC_041863_w10000_s60000	NC_041863	2
182280	MW349129_w5000_s225000	MW349129	2
182286	MN988521_w1000_s62500	MN988521	2
182306	MF541407_w2000_s45000	MF541407	2
182320	NC_070788_w10000_s20000	NC_070788	2
182326	MK327942_w10000_s60000	MK327942	2
182327	MG973030_w2000_s151000	MG973030	2
182371	NC_022969_w1000_s52500	NC_022969	2
182375	NC_055739_w5000_s35000	NC_055739	2
182377	NC_073074_w10000_s15000	NC_073074	2
182379	PP824815_w20000_s20000	PP824815	2
182392	PP758918_w2000_s26000	PP758918	2
182394	OR532796_w20000_s30000	OR532796	2
182419	LC727699_w20000_s10000	LC727699	2
182428	NC_073374_w1000_s15500	NC_073374	2
182462	MF036691_w2000_s69000	MF036691	2
182466	MK875793_w5000_s7500	MK875793	2
182477	JX163858_w20000_s170000	JX163858	2
182485	OZ195853_w20000_s0	OZ195853	2
182487	MT554104_w2000_s123000	MT554104	2
182496	MZ475898_w1000_s174000	MZ475898	2
182511	HM480846_w1000_s23000	HM480846	2
182541	OR770614_w10000_s125000	OR770614	2
182542	OP068332_w20000_s40000	OP068332	2
182544	MZ417323_w20000_s20000	MZ417323	2
182554	PQ533658_w2000_s44000	PQ533658	2
182558	OL343755_w2000_s81000	OL343755	2
182566	NC_010324_w10000_s40000	NC_010324	2
182586	NC_011344_w20000_s10000	NC_011344	2
182591	KM677211_w1000_s48500	KM677211	2
182592	NC_047892_w5000_s0	NC_047892	2
182593	MH727548_w20000_s10000	MH727548	2
182604	MH371109_w2000_s51000	MH371109	2
182607	OR420753_w2000_s14000	OR420753	2
182614	PP531540_w20000_s120000	PP531540	2
182644	MG065645_w5000_s55000	MG065645	2
182655	NC_031007_w20000_s50000	NC_031007	2
182670	MW627366_w2000_s14000	MW627366	2
182683	OZ035850_w20000_s130000	OZ035850	2
182684	MF033348_w5000_s2500	MF033348	2
182699	MT723932_w1000_s4500	MT723932	2
182704	KY779849_w2000_s58000	KY779849	2
182706	MT446392_w20000_s150000	MT446392	2
182707	NC_051627_w1000_s38000	NC_051627	2
182712	OZ195975_w5000_s80000	OZ195975	2
182721	NC_048037_w1000_s500	NC_048037	2
182722	MH590590_w10000_s5000	MH590590	2
182729	MH697583_w1000_s60500	MH697583	2
182730	OM249648_w2000_s153000	OM249648	2
182735	PQ166232_w20000_s10000	PQ166232	2
182751	KJ019141_w5000_s65000	KJ019141	2
182762	OL343755_w10000_s65000	OL343755	2
182772	LC768496_w10000_s80000	LC768496	2
182776	MG592545_w1000_s21500	MG592545	2
182779	OR896840_w1000_s103000	OR896840	2
182783	KJ133693_w1000_s15000	KJ133693	2
182794	MZ622175_w20000_s20000	MZ622175	2
182816	ON548417_w20000_s70000	ON548417	2
182834	LC567820_w5000_s52500	LC567820	2
182844	MH590590_w10000_s0	MH590590	2
182851	OR234010_w2000_s16000	OR234010	2
182867	MG065646_w20000_s0	MG065646	2
182894	NC_070860_w10000_s10000	NC_070860	2
182898	MH834621_w20000_s0	MH834621	2
182904	MH779619_w20000_s10000	MH779619	2
182942	MH460463_w1000_s85500	MH460463	2
182943	OM912978_w20000_s30000	OM912978	2
182944	NC_070709_w5000_s25000	NC_070709	2
182964	MF158044_w10000_s50000	MF158044	2
182967	MN988521_w5000_s32500	MN988521	2
182971	MZ820085_w2000_s59000	MZ820085	2
182989	MK448727_w10000_s25000	MK448727	2
182995	NC_062736_w5000_s97500	NC_062736	2
183024	MT828552_w1000_s151500	MT828552	2
183039	CP072507_w2000_s36000	CP072507	2
183040	MN585992_w20000_s40000	MN585992	2
183043	KX011028_w10000_s65000	KX011028	2
183052	MT114160_w2000_s41000	MT114160	2
183070	PQ505483_w1000_s30000	PQ505483	2
183075	NC_042067_w10000_s90000	NC_042067	2
183084	OX241437_w1000_s83000	OX241437	2
183107	NC_010537_w2000_s9000	NC_010537	2
183117	OZ038334_w5000_s27500	OZ038334	2
183128	PQ362678_w10000_s25000	PQ362678	2
183129	NC_031245_w10000_s50000	NC_031245	2
183133	MG867727_w2000_s1000	MG867727	2
183137	MK069556_w5000_s30000	MK069556	2
183140	NC_021531_w10000_s185000	NC_021531	2
183174	NC_070777_w2000_s101000	NC_070777	2
183182	MK433268_w1000_s39000	MK433268	2
183216	NC_013599_w5000_s0	NC_013599	2
183234	MF541409_w2000_s3000	MF541409	2
183236	MN101226_w5000_s45000	MN101226	2
183249	PP597384_w20000_s90000	PP597384	2
183261	NC_048084_w20000_s100000	NC_048084	2
183270	LC739530_w20000_s10000	LC739530	2
183271	JN377895_w20000_s130000	JN377895	2
183273	OP263967_w2000_s77000	OP263967	2
183277	AF424781_w10000_s5000	AF424781	2
183284	NC_041891_w5000_s5000	NC_041891	2
183290	PQ844485_w5000_s25000	PQ844485	2
183306	OP263967_w5000_s90000	OP263967	2
183311	MZ417338_w5000_s0	MZ417338	2
183312	KX227757_w5000_s12500	KX227757	2
183313	ON970603_w2000_s56000	ON970603	2
183316	NC_021789_w2000_s47000	NC_021789	2
183339	OY720021_w1000_s145000	OY720021	2
183365	OX335405_w2000_s63000	OX335405	2
183366	NC_023715_w20000_s0	NC_023715	2
183367	NC_023726_w10000_s20000	NC_023726	2
183386	MN270268_w2000_s0	MN270268	2
183390	NC_053508_w10000_s5000	NC_053508	2
183400	NC_025437_w20000_s110000	NC_025437	2
183416	NC_029042_w2000_s125000	NC_029042	2
183417	OP947162_w5000_s20000	OP947162	2
183423	OR896260_w1000_s17000	OR896260	2
183426	MK069403_w1000_s93500	MK069403	2
183443	MN428065_w5000_s2500	MN428065	2
183445	NC_049506_w1000_s79000	NC_049506	2
183449	KJ019094_w2000_s63000	KJ019094	2
183456	AY722806_w2000_s3000	AY722806	2
183465	OR475272_w10000_s55000	OR475272	2
183468	MK494112_w5000_s100000	MK494112	2
183472	MN584918_w1000_s16500	MN584918	2
183490	OZ196335_w2000_s46000	OZ196335	2
183492	OM284015_w1000_s7500	OM284015	2
183494	KJ749827_w2000_s24000	KJ749827	2
183501	NC_048018_w2000_s49000	NC_048018	2
183506	NC_051695_w20000_s30000	NC_051695	2
183508	OZ195877_w20000_s20000	OZ195877	2
183513	MN871446_w1000_s224500	MN871446	2
183516	NC_009540_w2000_s1000	NC_009540	2
183520	JN377895_w20000_s20000	JN377895	2
183539	MN703411_w10000_s55000	MN703411	2
183583	MW394390_w2000_s125000	MW394390	2
183587	NC_055900_w2000_s4000	NC_055900	2
183599	PP582180_w20000_s60000	PP582180	2
183623	KT321476_w10000_s145000	KT321476	2
183641	NC_041993_w2000_s113000	NC_041993	2
183643	PP301341_w2000_s10000	PP301341	2
183652	OR105946_w20000_s0	OR105946	2
183683	OZ196236_w5000_s32500	OZ196236	2
183702	KC801932_w10000_s45000	KC801932	2
183716	KX349296_w20000_s140000	KX349296	2
183745	PP889457_w5000_s17500	PP889457	2
183769	PQ362683_w10000_s5000	PQ362683	2
183804	OZ196038_w10000_s5000	OZ196038	2
183811	PP747256_w10000_s40000	PP747256	2
183818	KX349261_w5000_s112500	KX349261	2
183857	KX397371_w10000_s150000	KX397371	2
183863	OZ195763_w1000_s146500	OZ195763	2
183874	KU886223_w20000_s230000	KU886223	2
183875	NC_028962_w2000_s13000	NC_028962	2
183880	OZ196059_w2000_s79000	OZ196059	2
183893	NC_029010_w1000_s14000	NC_029010	2
183898	OM913585_w2000_s7000	OM913585	2
183907	KC465898_w2000_s3000	KC465898	2
183917	PP747256_w1000_s11000	PP747256	2
183946	MG765276_w2000_s57000	MG765276	2
183947	OZ195733_w2000_s113000	OZ195733	2
183958	NC_055739_w20000_s150000	NC_055739	2
183982	PQ492289_w1000_s8500	PQ492289	2
183983	JQ067087_w10000_s40000	JQ067087	2
183994	OZ196444_w5000_s62500	OZ196444	2
184014	MH745368_w10000_s45000	MH745368	2
184016	MZ501046_w20000_s130000	MZ501046	2
184022	OL656108_w2000_s31000	OL656108	2
184025	PQ516279_w10000_s40000	PQ516279	2
184032	MH745368_w20000_s60000	MH745368	2
184037	ON981384_w20000_s20000	ON981384	2
184057	MN032614_w1000_s203500	MN032614	2
184065	MZ322024_w10000_s10000	MZ322024	2
184069	LC805022_w10000_s5000	LC805022	2
184096	MT104475_w1000_s31000	MT104475	2
184098	NC_015295_w5000_s17500	NC_015295	2
184113	LC768496_w20000_s130000	LC768496	2
184117	OX335441_w10000_s25000	OX335441	2
184123	OZ196117_w20000_s20000	OZ196117	2
184124	MK613349_w2000_s14000	MK613349	2
184129	MK016496_w1000_s53500	MK016496	2
184137	MW041632_w2000_s11000	MW041632	2
184142	NC_028817_w2000_s4000	NC_028817	2
184150	OR475292_w10000_s5000	OR475292	2
184152	NC_023585_w10000_s30000	NC_023585	2
184171	PP579743_w20000_s90000	PP579743	2
184178	MK907247_w5000_s30000	MK907247	2
184179	OX335375_w1000_s30500	OX335375	2
184195	MH059636_w10000_s160000	MH059636	2
184202	MN812216_w5000_s22500	MN812216	2
184213	NC_053247_w10000_s25000	NC_053247	2
184237	CP069348_w1000_s117000	CP069348	2
184244	OZ195766_w10000_s45000	OZ195766	2
184245	OK095358_w20000_s0	OK095358	2
184252	MG065662_w10000_s60000	MG065662	2
184261	MZ334503_w10000_s65000	MZ334503	2
184266	KF669656_w10000_s0	KF669656	2
184310	MT799840_w2000_s20000	MT799840	2
184314	PP582180_w1000_s85500	PP582180	2
184317	MT596502_w20000_s10000	MT596502	2
184331	PP400782_w10000_s95000	PP400782	2
184346	NC_028448_w1000_s40500	NC_028448	2
184347	KY499642_w2000_s124000	KY499642	2
184366	PQ046925_w20000_s0	PQ046925	2
184371	AY954970_w1000_s17000	AY954970	2
184380	NC_028904_w20000_s10000	NC_028904	2
184385	PP724615_w1000_s71500	PP724615	2
184390	MT675124_w20000_s0	MT675124	2
184396	MN369766_w20000_s20000	MN369766	2
184409	LR877331_w20000_s60000	LR877331	2
184415	OQ466432_w1000_s138000	OQ466432	2
184418	PQ571278_w20000_s10000	PQ571278	2
184419	OM835951_w10000_s45000	OM835951	2
184461	NC_055869_w20000_s50000	NC_055869	2
184463	NC_073079_w2000_s27000	NC_073079	2
184466	NC_048201_w10000_s20000	NC_048201	2
184469	OQ504984_w10000_s150000	OQ504984	2
184481	OP172640_w20000_s0	OP172640	2
184483	MG765276_w2000_s62000	MG765276	2
184490	FM864213_w1000_s52500	FM864213	2
184499	KY006474_w5000_s37500	KY006474	2
184503	LR794151_w2000_s19000	LR794151	2
184515	OK018136_w10000_s0	OK018136	2
184517	NC_029010_w2000_s37000	NC_029010	2
184518	JQ340389_w20000_s10000	JQ340389	2
184521	KX349270_w10000_s65000	KX349270	2
184526	MK838110_w10000_s0	MK838110	2
184539	HG934469_w1000_s12000	HG934469	2
184547	MH779514_w1000_s12500	MH779514	2
184571	PP357460_w1000_s14500	PP357460	2
184573	OZ035784_w10000_s105000	OZ035784	2
184574	PP083312_w1000_s71500	PP083312	2
184581	KX349296_w5000_s190000	KX349296	2
184616	NC_028755_w1000_s132000	NC_028755	2
184631	LC727889_w20000_s20000	LC727889	2
184640	MZ127829_w5000_s10000	MZ127829	2
184653	PP301341_w5000_s65000	PP301341	2
184662	NC_021335_w1000_s33500	NC_021335	2
184674	MT074137_w20000_s60000	MT074137	2
184685	KR052482_w20000_s110000	KR052482	2
184720	OM982621_w10000_s125000	OM982621	2
184724	OM835951_w1000_s22500	OM835951	2
184744	NC_041992_w20000_s0	NC_041992	2
184776	OP380601_w20000_s90000	OP380601	2
184779	NC_020478_w10000_s15000	NC_020478	2
184799	MZ375249_w2000_s9000	MZ375249	2
184802	NC_005294_w20000_s20000	NC_005294	2
184808	MW325771_w10000_s25000	MW325771	2
184809	MK448772_w10000_s10000	MK448772	2
184819	MZ171373_w10000_s10000	MZ171373	2
184847	OQ578995_w2000_s8000	OQ578995	2
184848	OR896342_w20000_s0	OR896342	2
184855	KY883643_w2000_s7000	KY883643	2
184869	PP725410_w20000_s60000	PP725410	2
184881	NC_054934_w2000_s127000	NC_054934	2
184890	OL964735_w10000_s130000	OL964735	2
184903	MT310865_w20000_s40000	MT310865	2
184909	MN709127_w20000_s70000	MN709127	2
184943	OR846723_w5000_s35000	OR846723	2
184948	MN043730_w10000_s30000	MN043730	2
184972	ON528720_w20000_s10000	ON528720	2
184973	PP476965_w1000_s37500	PP476965	2
184988	MZ501051_w10000_s5000	MZ501051	2
184998	MN988521_w1000_s176000	MN988521	2
185010	NC_048102_w5000_s130000	NC_048102	2
185011	KY499642_w5000_s12500	KY499642	2
185029	NC_055792_w2000_s11000	NC_055792	2
185041	OQ378934_w2000_s1000	OQ378934	2
185043	KM606995_w20000_s110000	KM606995	2
185046	KY549659_w2000_s70000	KY549659	2
185048	OP978391_w10000_s135000	OP978391	2
185066	NC_053235_w2000_s41000	NC_053235	2
185084	OP751147_w10000_s20000	OP751147	2
185097	OZ196701_w1000_s109500	OZ196701	2
185102	PQ768829_w5000_s57500	PQ768829	2
185117	NC_070945_w20000_s0	NC_070945	2
185128	NC_049855_w10000_s65000	NC_049855	2
185140	NC_054937_w2000_s163000	NC_054937	2
185151	LC465543_w2000_s145000	LC465543	2
185155	PQ571289_w5000_s132500	PQ571289	2
185165	MW584201_w1000_s22000	MW584201	2
185170	OK499980_w5000_s92500	OK499980	2
185178	NC_021784_w2000_s33000	NC_021784	2
185188	KT870145_w1000_s16500	KT870145	2
185192	MT553343_w2000_s34000	MT553343	2
185227	OZ035746_w10000_s15000	OZ035746	2
185243	MK310138_w20000_s20000	MK310138	2
185247	AF064539_w1000_s24000	AF064539	2
185254	MW355452_w10000_s30000	MW355452	2
185267	PP848847_w1000_s14000	PP848847	2
185282	MK798144_w5000_s27500	MK798144	2
185284	MT074458_w2000_s11000	MT074458	2
185292	AY962392_w10000_s50000	AY962392	2
185301	OQ818698_w5000_s5000	OQ818698	2
185307	PP582180_w2000_s110000	PP582180	2
185347	KJ174318_w2000_s21000	KJ174318	2
185349	OZ196206_w10000_s50000	OZ196206	2
185372	ON170180_w10000_s20000	ON170180	2
185375	OL539443_w20000_s0	OL539443	2
185376	OY731444_w20000_s30000	OY731444	2
185384	MK494112_w10000_s80000	MK494112	2
185386	MZ443770_w5000_s227500	MZ443770	2
185390	MT497273_w1000_s15500	MT497273	2
185392	OR762047_w10000_s5000	OR762047	2
185394	KX349323_w10000_s145000	KX349323	2
185396	NC_047729_w5000_s90000	NC_047729	2
185400	OZ196516_w5000_s47500	OZ196516	2
185403	NC_024142_w10000_s55000	NC_024142	2
185409	AF165214_w2000_s0	AF165214	2
185419	MH744418_w1000_s177000	MH744418	2
185453	OX241437_w20000_s100000	OX241437	2
185470	MN850633_w1000_s28000	MN850633	2
185484	MN032614_w1000_s235500	MN032614	2
185486	JQ340389_w20000_s30000	JQ340389	2
185502	KF006818_w20000_s70000	KF006818	2
185511	MN807250_w20000_s10000	MN807250	2
185516	KY549659_w5000_s15000	KY549659	2
185537	KC801932_w20000_s20000	KC801932	2
185542	OQ921337_w1000_s122500	OQ921337	2
185549	KT184309_w2000_s64000	KT184309	2
185567	PQ039555_w5000_s17500	PQ039555	2
185577	MK737944_w2000_s12000	MK737944	2
185578	KM092515_w5000_s12500	KM092515	2
185587	OQ095916_w20000_s20000	OQ095916	2
185599	NC_028907_w5000_s27500	NC_028907	2
185610	KU599887_w20000_s0	KU599887	2
185614	KF192075_w2000_s12000	KF192075	2
185619	MN095771_w20000_s110000	MN095771	2
185688	MG065658_w1000_s105000	MG065658	2
185691	MT446405_w20000_s20000	MT446405	2
185698	PP938272_w2000_s46000	PP938272	2
185701	MT311967_w20000_s20000	MT311967	2
185703	NC_070975_w5000_s60000	NC_070975	2
185709	NC_028448_w1000_s60500	NC_028448	2
185717	JQ740788_w1000_s8000	JQ740788	2
185725	MK814756_w1000_s46000	MK814756	2
185749	MH745368_w5000_s75000	MH745368	2
185755	OR640346_w1000_s93000	OR640346	2
185759	MF919495_w20000_s80000	MF919495	2
185773	OP172674_w2000_s41000	OP172674	2
185777	MN994497_w2000_s47000	MN994497	2
185786	NC_053505_w1000_s7500	NC_053505	2
185790	MF612072_w20000_s0	MF612072	2
185791	OZ195913_w2000_s46000	OZ195913	2
185816	OZ196875_w2000_s37000	OZ196875	2
185834	MZ334511_w2000_s70000	MZ334511	2
185844	MT446392_w1000_s21000	MT446392	2
185852	NC_030953_w20000_s120000	NC_030953	2
185858	PP554657_w10000_s5000	PP554657	2
185863	OM249648_w1000_s144000	OM249648	2
185864	OV298628_w2000_s2000	OV298628	2
185866	NC_054940_w1000_s5500	NC_054940	2
185867	PP889454_w1000_s40000	PP889454	2
185874	KM606995_w10000_s130000	KM606995	2
185875	KT373978_w2000_s50000	KT373978	2
185877	KX397373_w5000_s165000	KX397373	2
185887	NC_054976_w20000_s10000	NC_054976	2
185890	MT863731_w1000_s99500	MT863731	2
185894	MG592496_w10000_s20000	MG592496	2
185901	MZ576217_w10000_s25000	MZ576217	2
185919	MN871446_w1000_s101500	MN871446	2
185934	PQ657784_w5000_s90000	PQ657784	2
185935	HQ728266_w5000_s20000	HQ728266	2
185942	MF288922_w20000_s10000	MF288922	2
185948	MT732443_w10000_s30000	MT732443	2
185952	MT952847_w5000_s10000	MT952847	2
185954	MT325768_w20000_s70000	MT325768	2
185983	MH834599_w1000_s37500	MH834599	2
185986	NC_073438_w10000_s10000	NC_073438	2
185997	MG770379_w2000_s66000	MG770379	2
186001	MH460463_w10000_s140000	MH460463	2
186014	MW202711_w5000_s5000	MW202711	2
186017	MK327942_w5000_s20000	MK327942	2
186024	NC_028952_w1000_s34000	NC_028952	2
186028	KT124228_w20000_s0	KT124228	2
186031	OR256022_w1000_s37500	OR256022	2
186041	MW794151_w10000_s55000	MW794151	2
186042	PP511889_w5000_s0	PP511889	2
186054	KJ019142_w5000_s180000	KJ019142	2
186058	NC_031082_w5000_s27500	NC_031082	2
186070	MH590593_w1000_s120500	MH590593	2
186087	KR534323_w20000_s70000	KR534323	2
186103	OZ195867_w2000_s39000	OZ195867	2
186110	JN797797_w5000_s117500	JN797797	2
186128	EU100884_w10000_s35000	EU100884	2
186149	PQ374146_w5000_s20000	PQ374146	2
186151	MW712735_w1000_s59500	MW712735	2
186152	NC_054923_w5000_s87500	NC_054923	2
186165	MW546065_w20000_s20000	MW546065	2
186173	MK301532_w1000_s28000	MK301532	2
186191	KT454805_w20000_s50000	KT454805	2
186194	MF285619_w5000_s117500	MF285619	2
186195	MW629017_w2000_s32000	MW629017	2
186203	LR757892_w5000_s27500	LR757892	2
186208	MH744418_w10000_s70000	MH744418	2
186222	ON454038_w10000_s15000	ON454038	2
186226	KC900379_w5000_s0	KC900379	2
186239	MK813939_w20000_s100000	MK813939	2
186247	OY731444_w10000_s55000	OY731444	2
186266	KY951964_w5000_s40000	KY951964	2
186269	MN062712_w20000_s20000	MN062712	2
186283	EU676000_w2000_s15000	EU676000	2
186288	KC139517_w1000_s0	KC139517	2
186297	MN096369_w2000_s53000	MN096369	2
186303	PP993148_w10000_s135000	PP993148	2
186307	MZ443787_w5000_s242500	MZ443787	2
186312	NC_023704_w1000_s14000	NC_023704	2
186324	OZ196094_w20000_s0	OZ196094	2
186325	MZ443770_w1000_s264500	MZ443770	2
186341	OR594342_w2000_s29000	OR594342	2
186352	NC_051734_w2000_s26000	NC_051734	2
186366	MH834627_w1000_s1000	MH834627	2
186369	MT446395_w1000_s41000	MT446395	2
186378	PP978838_w2000_s23000	PP978838	2
186388	LT961846_w2000_s10000	LT961846	2
186419	OR683406_w1000_s31000	OR683406	2
186420	MG845683_w10000_s20000	MG845683	2
186429	KM983331_w20000_s0	KM983331	2
186447	ON755186_w1000_s53500	ON755186	2
186450	MK770414_w10000_s10000	MK770414	2
186454	NC_023603_w2000_s64000	NC_023603	2
186458	NC_027366_w1000_s73500	NC_027366	2
186462	NC_031001_w20000_s40000	NC_031001	2
186463	KX160211_w10000_s5000	KX160211	2
186464	OU509534_w20000_s0	OU509534	2
186467	KM983331_w1000_s10500	KM983331	2
186476	OQ653963_w1000_s90500	OQ653963	2
186484	KM242061_w20000_s10000	KM242061	2
186496	PP695294_w20000_s150000	PP695294	2
186500	AP014714_w1000_s2500	AP014714	2
186501	OL770260_w20000_s140000	OL770260	2
186507	NC_048862_w1000_s1500	NC_048862	2
186510	MZ369152_w1000_s35500	MZ369152	2
186512	KU160654_w2000_s12000	KU160654	2
186515	KX160211_w2000_s18000	KX160211	2
186516	NC_054929_w10000_s5000	NC_054929	2
186524	PQ516279_w20000_s40000	PQ516279	2
186538	KR093629_w5000_s5000	KR093629	2
186540	MT325768_w5000_s32500	MT325768	2
186543	NC_052660_w1000_s11000	NC_052660	2
186547	PP934563_w2000_s29000	PP934563	2
186553	OZ196207_w10000_s30000	OZ196207	2
186577	PP978831_w2000_s44000	PP978831	2
186579	MH371116_w10000_s20000	MH371116	2
186588	OZ196117_w1000_s101000	OZ196117	2
186589	KC556897_w1000_s22500	KC556897	2
186599	PP418987_w20000_s60000	PP418987	2
186605	PQ480333_w10000_s140000	PQ480333	2
186624	OY720021_w10000_s145000	OY720021	2
186625	MW794151_w20000_s100000	MW794151	2
186628	NC_007610_w2000_s116000	NC_007610	2
186648	NC_031026_w20000_s0	NC_031026	2
186649	MF285619_w1000_s57000	MF285619	2
186650	MK279891_w5000_s25000	MK279891	2
186651	LT985573_w2000_s11000	LT985573	2
186660	PQ362666_w20000_s20000	PQ362666	2
186666	MK138527_w20000_s20000	MK138527	2
186669	NC_009904_w1000_s83000	NC_009904	2
186678	PQ295877_w20000_s30000	PQ295877	2
186684	KX879627_w2000_s54000	KX879627	2
186690	NC_023610_w5000_s150000	NC_023610	2
186699	JN698999_w5000_s25000	JN698999	2
186701	PQ189388_w10000_s15000	PQ189388	2
186716	JX006077_w5000_s22500	JX006077	2
186727	MG763894_w5000_s135000	MG763894	2
186737	ON470615_w10000_s45000	ON470615	2
186748	MT104465_w10000_s20000	MT104465	2
186763	NC_029042_w1000_s108500	NC_029042	2
186771	OL539468_w20000_s250000	OL539468	2
186787	PQ820059_w10000_s30000	PQ820059	2
186797	OP422637_w2000_s17000	OP422637	2
186812	HQ634190_w1000_s1500	HQ634190	2
186819	NC_048644_w20000_s10000	NC_048644	2
186822	KU886223_w10000_s40000	KU886223	2
186832	CP062442_w2000_s21000	CP062442	2
186835	PP465982_w5000_s0	PP465982	2
186836	PP438421_w2000_s20000	PP438421	2
186838	OR253900_w2000_s25000	OR253900	2
186848	MN038177_w2000_s8000	MN038177	2
186855	NC_049502_w20000_s110000	NC_049502	2
186868	KJ628499_w5000_s47500	KJ628499	2
186884	OL631484_w20000_s40000	OL631484	2
186888	OQ921346_w2000_s62000	OQ921346	2
186892	MH059636_w2000_s77000	MH059636	2
186899	KJ003983_w20000_s50000	KJ003983	2
186905	KX349296_w10000_s185000	KX349296	2
186911	OZ195680_w2000_s46000	OZ195680	2
186917	MG592393_w2000_s25000	MG592393	2
186921	MG962366_w2000_s85000	MG962366	2
186933	JX181828_w20000_s70000	JX181828	2
186940	OZ196473_w2000_s0	OZ196473	2
186948	MZ648039_w5000_s45000	MZ648039	2
186960	KR534323_w5000_s77500	KR534323	2
186967	MK448772_w2000_s29000	MK448772	2
186968	PQ818762_w1000_s85500	PQ818762	2
186985	PP723047_w1000_s159000	PP723047	2
186995	OM203161_w5000_s35000	OM203161	2
186996	LC805022_w5000_s0	LC805022	2
187008	MK962632_w1000_s62000	MK962632	2
187015	OZ035773_w1000_s12000	OZ035773	2
187029	OZ195725_w20000_s10000	OZ195725	2
187043	JQ340389_w20000_s50000	JQ340389	2
187056	MG592501_w20000_s10000	MG592501	2
187077	MW794163_w1000_s45500	MW794163	2
187079	MH399782_w2000_s0	MH399782	2
187085	MK448998_w5000_s10000	MK448998	2
187090	NC_048818_w1000_s36000	NC_048818	2
187112	MZ892992_w20000_s10000	MZ892992	2
187132	LR535921_w10000_s70000	LR535921	2
187138	MT553335_w2000_s0	MT553335	2
187139	MW812339_w10000_s20000	MW812339	2
187146	MK962633_w5000_s2500	MK962633	2
187155	OZ195969_w20000_s70000	OZ195969	2
187161	NC_027293_w5000_s50000	NC_027293	2
187175	NC_054808_w5000_s30000	NC_054808	2
187179	NC_021349_w2000_s62000	NC_021349	2
187182	OZ196029_w1000_s44000	OZ196029	2
187199	PP978820_w5000_s10000	PP978820	2
187204	LR535921_w5000_s37500	LR535921	2
187214	NC_073679_w2000_s13000	NC_073679	2
187238	MZ747512_w1000_s24500	MZ747512	2
187247	MT325768_w20000_s20000	MT325768	2
187253	LC645425_w5000_s42500	LC645425	2
187254	OM634661_w2000_s154000	OM634661	2
187279	KF623294_w5000_s187500	KF623294	2
187285	PP738794_w1000_s12000	PP738794	2
187286	MG065654_w5000_s30000	MG065654	2
187291	KC801932_w1000_s144000	KC801932	2
187304	MH752840_w10000_s115000	MH752840	2
187365	MK962633_w10000_s0	MK962633	2
187370	MN850605_w2000_s10000	MN850605	2
187379	KU568494_w5000_s32500	KU568494	2
187401	PQ093899_w1000_s7000	PQ093899	2
187427	OR896172_w2000_s38000	OR896172	2
187434	PQ362660_w1000_s35000	PQ362660	2
187435	OL964735_w2000_s12000	OL964735	2
187439	KX712143_w2000_s30000	KX712143	2
187466	MT887289_w20000_s0	MT887289	2
187467	MT675124_w5000_s25000	MT675124	2
187468	MT215167_w5000_s27500	MT215167	2
187471	OY720014_w20000_s80000	OY720014	2
187480	NC_028969_w20000_s10000	NC_028969	2
187486	MN592897_w20000_s20000	MN592897	2
187500	NC_092457_w5000_s32500	NC_092457	2
187517	OK272472_w5000_s57500	OK272472	2
187539	KY705259_w20000_s0	KY705259	2
187541	NC_023728_w1000_s33500	NC_023728	2
187546	NC_029073_w20000_s0	NC_029073	2
187556	MK521906_w5000_s20000	MK521906	2
187597	AY266303_w5000_s17500	AY266303	2
187598	PQ571290_w1000_s32000	PQ571290	2
187603	PQ249396_w2000_s28000	PQ249396	2
187631	NC_025429_w1000_s106000	NC_025429	2
187638	NC_070713_w5000_s10000	NC_070713	2
187643	MK798144_w1000_s37500	MK798144	2
187646	MK719704_w2000_s33000	MK719704	2
187658	MZ308445_w1000_s28500	MZ308445	2
187696	KT347314_w5000_s30000	KT347314	2
187700	MK448673_w10000_s15000	MK448673	2
187709	OR532796_w20000_s0	OR532796	2
187727	NC_020843_w20000_s80000	NC_020843	2
187741	NC_055869_w10000_s10000	NC_055869	2
187753	NC_054929_w2000_s122000	NC_054929	2
187758	MK411746_w20000_s10000	MK411746	2
187793	PP597384_w1000_s81500	PP597384	2
187797	OZ196394_w1000_s30500	OZ196394	2
187804	PQ793799_w2000_s6000	PQ793799	2
187828	NC_031048_w10000_s25000	NC_031048	2
187840	MG945510_w5000_s0	MG945510	2
187841	MT774376_w20000_s30000	MT774376	2
187845	NC_031007_w1000_s123500	NC_031007	2
187856	PP978831_w1000_s44500	PP978831	2
187868	NC_070786_w5000_s75000	NC_070786	2
187870	OQ622092_w20000_s0	OQ622092	2
187872	NC_048670_w1000_s52000	NC_048670	2
187874	NC_025437_w5000_s97500	NC_025437	2
187884	MZ078141_w2000_s41000	MZ078141	2
187885	KX774321_w1000_s130500	KX774321	2
187897	OZ196013_w2000_s18000	OZ196013	2
187924	PQ768829_w10000_s85000	PQ768829	2
187925	KJ019142_w1000_s5500	KJ019142	2
187941	NC_071037_w5000_s10000	NC_071037	2
187945	NC_073679_w10000_s50000	NC_073679	2
187948	PP856727_w5000_s62500	PP856727	2
187951	NC_073374_w10000_s15000	NC_073374	2
187961	OP352125_w2000_s1000	OP352125	2
187969	OM634661_w1000_s116500	OM634661	2
187974	NC_030923_w1000_s41500	NC_030923	2
187980	GQ468526_w2000_s11000	GQ468526	2
187982	MN871441_w5000_s85000	MN871441	2
187991	MG592393_w5000_s7500	MG592393	2
187992	PQ133601_w20000_s10000	PQ133601	2
188007	MT446405_w20000_s10000	MT446405	2
188047	LC727699_w20000_s30000	LC727699	2
188049	LT960608_w2000_s35000	LT960608	2
188056	OZ196096_w10000_s15000	OZ196096	2
188064	LC645425_w20000_s0	LC645425	2
188067	MW584184_w1000_s17000	MW584184	2
188081	PQ793799_w1000_s35500	PQ793799	2
188082	MF189176_w10000_s35000	MF189176	2
188089	MW042807_w1000_s26000	MW042807	2
188108	NC_049808_w20000_s20000	NC_049808	2
188116	NC_005091_w5000_s40000	NC_005091	2
188117	PQ189589_w10000_s10000	PQ189589	2
188149	OL455900_w20000_s10000	OL455900	2
188171	PP747256_w20000_s0	PP747256	2
188187	NC_028803_w10000_s5000	NC_028803	2
188188	MW584185_w5000_s5000	MW584185	2
188193	MN586024_w2000_s26000	MN586024	2
188206	MW812339_w10000_s60000	MW812339	2
188209	MG676466_w10000_s35000	MG676466	2
188225	OR608735_w2000_s77000	OR608735	2
188231	PP738775_w5000_s35000	PP738775	2
188238	KX397373_w1000_s100000	KX397373	2
188243	PP848854_w1000_s33500	PP848854	2
188252	NC_009804_w20000_s10000	NC_009804	2
188265	OK040807_w5000_s27500	OK040807	2
188267	OX335441_w10000_s0	OX335441	2
188272	LC727699_w5000_s152500	LC727699	2
188275	MN032614_w1000_s194000	MN032614	2
188287	OZ195796_w2000_s18000	OZ195796	2
188291	OK040807_w1000_s76000	OK040807	2
188302	PQ039555_w1000_s26000	PQ039555	2
188332	LC727699_w1000_s67500	LC727699	2
188335	KU985092_w1000_s37000	KU985092	2
188345	CP062442_w10000_s35000	CP062442	2
188351	GQ478086_w10000_s5000	GQ478086	2
188370	NC_022065_w1000_s68000	NC_022065	2
188378	PP974338_w5000_s57500	PP974338	2
188385	OR067835_w5000_s17500	OR067835	2
188387	PP531540_w1000_s57000	PP531540	2
188393	OP503988_w1000_s18500	OP503988	2
188397	MN709127_w2000_s97000	MN709127	2
188443	PP723047_w10000_s100000	PP723047	2
188447	KC595511_w20000_s40000	KC595511	2
188448	HQ634195_w10000_s55000	HQ634195	2
188452	NC_023578_w5000_s10000	NC_023578	2
188455	DQ875742_w2000_s12000	DQ875742	2
188465	MF959998_w20000_s0	MF959998	2
188485	MH926058_w5000_s22500	MH926058	2
188508	NC_048790_w20000_s0	NC_048790	2
188517	KY499642_w1000_s180000	KY499642	2
188544	PQ464597_w1000_s95000	PQ464597	2
188555	OZ195978_w20000_s60000	OZ195978	2
188557	NC_009603_w2000_s44000	NC_009603	2
188565	OL741432_w5000_s137500	OL741432	2
188585	KR296689_w1000_s19500	KR296689	2
188597	NC_047998_w20000_s20000	NC_047998	2
188606	MF490238_w5000_s35000	MF490238	2
188609	NC_048768_w2000_s26000	NC_048768	2
188626	MT863731_w2000_s87000	MT863731	2
188631	NC_048717_w5000_s27500	NC_048717	2
188633	KJ019142_w2000_s157000	KJ019142	2
188658	MN782535_w20000_s80000	MN782535	2
188659	EU676000_w5000_s20000	EU676000	2
188661	MH460827_w20000_s0	MH460827	2
188670	JN699628_w5000_s65000	JN699628	2
188674	OZ195733_w5000_s145000	OZ195733	2
188687	MW507135_w20000_s0	MW507135	2
188694	MZ031013_w20000_s0	MZ031013	2
188727	KJ019049_w10000_s130000	KJ019049	2
188734	OR671239_w10000_s25000	OR671239	2
188740	OR712157_w5000_s80000	OR712157	2
188748	MT580897_w1000_s31000	MT580897	2
188755	PP537604_w1000_s10500	PP537604	2
188766	NC_028805_w20000_s90000	NC_028805	2
188773	MK138526_w10000_s80000	MK138526	2
188775	MF288922_w20000_s110000	MF288922	2
188782	PQ356295_w20000_s50000	PQ356295	2
188787	NC_052660_w1000_s143500	NC_052660	2
188814	MZ501068_w5000_s30000	MZ501068	2
188818	MT952847_w10000_s15000	MT952847	2
188822	OZ195711_w2000_s99000	OZ195711	2
188836	PP848840_w20000_s0	PP848840	2
188869	OK499971_w1000_s4500	OK499971	2
188878	AY266303_w5000_s87500	AY266303	2
188879	MN043730_w1000_s117000	MN043730	2
188882	MZ826352_w1000_s28000	MZ826352	2
188900	OQ817844_w2000_s42000	OQ817844	2
188914	OP617748_w2000_s160000	OP617748	2
188934	PQ181262_w5000_s110000	PQ181262	2
188939	OX638287_w2000_s40000	OX638287	2
188960	MF919495_w10000_s135000	MF919495	2
188961	MG945455_w2000_s1000	MG945455	2
188965	NC_041863_w1000_s162500	NC_041863	2
188980	MH059636_w10000_s155000	MH059636	2
188982	OK095358_w5000_s7500	OK095358	2
188986	MK524493_w5000_s12500	MK524493	2
188999	FJ000341_w20000_s0	FJ000341	2
189014	OR424388_w20000_s100000	OR424388	2
189029	PP723047_w1000_s8000	PP723047	2
189044	MN197465_w20000_s20000	MN197465	2
189066	MK448943_w2000_s8000	MK448943	2
189084	MK719704_w1000_s7000	MK719704	2
189096	ACSJ01000013_w2000_s8000	ACSJ01000013	2
189112	OQ129425_w5000_s50000	OQ129425	2
189123	JX415535_w20000_s20000	JX415535	2
189127	MT711526_w2000_s37000	MT711526	2
189131	KU998253_w2000_s1000	KU998253	2
189151	MH834616_w5000_s30000	MH834616	2
189152	KY554777_w20000_s90000	KY554777	2
189163	LC788709_w5000_s90000	LC788709	2
189164	PQ571285_w20000_s10000	PQ571285	2
189181	NC_051680_w5000_s42500	NC_051680	2
189184	OZ196095_w5000_s42500	OZ196095	2
189196	NC_069749_w20000_s0	NC_069749	2
189205	NC_055034_w10000_s25000	NC_055034	2
189209	MK095193_w10000_s20000	MK095193	2
189212	OL840900_w20000_s140000	OL840900	2
189236	OP503988_w20000_s10000	OP503988	2
189249	MT446392_w1000_s154500	MT446392	2
189252	MW554488_w10000_s30000	MW554488	2
189255	LR800396_w20000_s120000	LR800396	2
189260	OZ196140_w20000_s140000	OZ196140	2
189275	MG770379_w1000_s104500	MG770379	2
189286	OL770259_w10000_s105000	OL770259	2
189302	MK728541_w10000_s15000	MK728541	2
189313	OR253915_w2000_s44000	OR253915	2
189322	MH045559_w2000_s17000	MH045559	2
189323	MT074141_w2000_s59000	MT074141	2
189331	PP579743_w1000_s24500	PP579743	2
189332	OR538761_w2000_s21000	OR538761	2
189347	NC_054929_w10000_s30000	NC_054929	2
189353	NC_071045_w2000_s6000	NC_071045	2
189356	MN585992_w5000_s55000	MN585992	2
189363	NC_042038_w2000_s12000	NC_042038	2
189366	OQ129425_w1000_s79500	OQ129425	2
189369	NC_018274_w1000_s25500	NC_018274	2
189375	MT799840_w2000_s225000	MT799840	2
189394	NC_021787_w20000_s30000	NC_021787	2
189395	OM416766_w10000_s20000	OM416766	2
189405	OR354830_w2000_s67000	OR354830	2
189423	PP695294_w1000_s163000	PP695294	2
189427	MT366946_w10000_s65000	MT366946	2
189440	PQ571269_w1000_s17000	PQ571269	2
189443	OQ603359_w1000_s225000	OQ603359	2
189448	OR532796_w5000_s160000	OR532796	2
189452	LR535921_w2000_s176000	LR535921	2
189470	NC_012743_w1000_s26000	NC_012743	2
189499	OK490412_w2000_s3000	OK490412	2
189500	OV877085_w10000_s120000	OV877085	2
189505	OQ999401_w20000_s0	OQ999401	2
189540	HG934469_w20000_s10000	HG934469	2
189555	MK359329_w2000_s131000	MK359329	2
189560	JF704116_w20000_s80000	JF704116	2
189567	OR896238_w1000_s24000	OR896238	2
189573	MN695334_w5000_s67500	MN695334	2
189590	LC727888_w1000_s6500	LC727888	2
189592	MW421579_w2000_s18000	MW421579	2
189595	PQ356295_w5000_s32500	PQ356295	2
189614	OR475257_w5000_s35000	OR475257	2
189622	OR896288_w5000_s30000	OR896288	2
189634	NC_027367_w5000_s12500	NC_027367	2
189636	MH319742_w20000_s0	MH319742	2
189650	MK095206_w1000_s6500	MK095206	2
189653	GU169904_w1000_s57000	GU169904	2
189660	ON170076_w5000_s10000	ON170076	2
189665	MN850602_w5000_s20000	MN850602	2
189675	LC739537_w20000_s70000	LC739537	2
189679	NC_073079_w2000_s13000	NC_073079	2
189691	NC_054934_w5000_s95000	NC_054934	2
189696	KF114877_w5000_s17500	KF114877	2
189697	ON170331_w1000_s7000	ON170331	2
189711	KT239446_w20000_s120000	KT239446	2
189724	KM652554_w20000_s50000	KM652554	2
189727	OK499980_w1000_s157000	OK499980	2
189731	NC_054924_w10000_s105000	NC_054924	2
189732	MW355471_w10000_s10000	MW355471	2
189735	MH001459_w10000_s35000	MH001459	2
189738	NC_053505_w1000_s7000	NC_053505	2
189739	KR709303_w10000_s25000	KR709303	2
189752	PP496436_w20000_s40000	PP496436	2
189765	MW546072_w5000_s32500	MW546072	2
189772	MN871441_w5000_s142500	MN871441	2
189783	NC_027293_w20000_s30000	NC_027293	2
189794	MT828552_w20000_s110000	MT828552	2
189798	MT682710_w10000_s10000	MT682710	2
189845	MG925338_w1000_s11000	MG925338	2
189851	MN994500_w20000_s0	MN994500	2
189856	MN369766_w5000_s45000	MN369766	2
189860	MH509446_w10000_s20000	MH509446	2
189861	NC_030950_w20000_s0	NC_030950	2
189866	ON814134_w10000_s105000	ON814134	2
189883	MZ501265_w10000_s40000	MZ501265	2
189891	HM144386_w2000_s11000	HM144386	2
189896	MZ501057_w5000_s25000	MZ501057	2
189899	KU686206_w1000_s148000	KU686206	2
189907	NC_049855_w10000_s115000	NC_049855	2
189910	OP451931_w5000_s5000	OP451931	2
189913	PP848853_w10000_s30000	PP848853	2
189914	KX452695_w1000_s129500	KX452695	2
189916	MZ388555_w10000_s10000	MZ388555	2
189918	NC_031022_w20000_s60000	NC_031022	2
189921	MN043729_w1000_s55000	MN043729	2
189947	OK272472_w10000_s10000	OK272472	2
189956	PV112476_w1000_s36500	PV112476	2
189960	NC_028448_w1000_s63000	NC_028448	2
189966	MN807250_w1000_s8000	MN807250	2
189980	MN813051_w2000_s112000	MN813051	2
189990	PP537604_w20000_s0	PP537604	2
189994	LT960608_w20000_s70000	LT960608	2
190001	OZ196426_w5000_s100000	OZ196426	2
190006	ON548418_w10000_s105000	ON548418	2
190010	OK272472_w5000_s25000	OK272472	2
190021	OP263967_w5000_s60000	OP263967	2
190023	PP208919_w20000_s0	PP208919	2
190024	MG065662_w10000_s5000	MG065662	2
190027	MW202473_w20000_s20000	MW202473	2
190031	MF285619_w1000_s133500	MF285619	2
190044	NC_007581_w10000_s50000	NC_007581	2
190061	MZ475898_w2000_s47000	MZ475898	2
190062	MW055903_w2000_s42000	MW055903	2
190080	MH669013_w5000_s22500	MH669013	2
190103	MG925355_w2000_s11000	MG925355	2
190104	MK719744_w2000_s59000	MK719744	2
190112	MZ171373_w2000_s72000	MZ171373	2
190117	MF033348_w1000_s6500	MF033348	2
190123	MT074475_w10000_s55000	MT074475	2
190132	KY653123_w1000_s8000	KY653123	2
190135	EU100884_w20000_s20000	EU100884	2
190136	MK411746_w5000_s47500	MK411746	2
190139	MN095771_w2000_s9000	MN095771	2
190156	MH051248_w10000_s25000	MH051248	2
190180	MZ334512_w2000_s10000	MZ334512	2
190189	OX335403_w20000_s100000	OX335403	2
190194	MH020246_w2000_s1000	MH020246	2
190195	OR472445_w2000_s134000	OR472445	2
190196	MZ868726_w10000_s30000	MZ868726	2
190206	OP103918_w5000_s0	OP103918	2
190210	ON548418_w2000_s101000	ON548418	2
190211	NC_073623_w20000_s10000	NC_073623	2
190217	OR896343_w2000_s8000	OR896343	2
190222	NC_047964_w1000_s11500	NC_047964	2
190231	MW812339_w20000_s220000	MW812339	2
190243	LR800396_w5000_s140000	LR800396	2
190245	MW822536_w5000_s22500	MW822536	2
190266	NC_054678_w2000_s34000	NC_054678	2
190286	MN218190_w10000_s35000	MN218190	2
190298	NC_048201_w2000_s17000	NC_048201	2
190300	OZ196516_w20000_s40000	OZ196516	2
190320	MK972689_w2000_s21000	MK972689	2
190347	AP014889_w20000_s60000	AP014889	2
190354	ON170223_w5000_s2500	ON170223	2
190373	OM867676_w1000_s6000	OM867676	2
190378	MZ501265_w20000_s50000	MZ501265	2
190401	KT355474_w2000_s27000	KT355474	2
190406	PP179324_w5000_s27500	PP179324	2
190407	MN695334_w20000_s40000	MN695334	2
190456	PP763568_w20000_s30000	PP763568	2
190483	MN101230_w10000_s110000	MN101230	2
190489	MH590593_w2000_s111000	MH590593	2
190495	OZ035850_w5000_s115000	OZ035850	2
190498	KX349261_w5000_s37500	KX349261	2
190507	OQ378339_w2000_s59000	OQ378339	2
190519	KU716095_w10000_s10000	KU716095	2
190528	PQ571279_w2000_s24000	PQ571279	2
190550	MW822601_w20000_s20000	MW822601	2
190554	MH553563_w10000_s125000	MH553563	2
190559	KJ019142_w2000_s98000	KJ019142	2
190563	OP380601_w1000_s40000	OP380601	2
190588	MH371115_w20000_s0	MH371115	2
190608	MN871441_w20000_s170000	MN871441	2
190609	JX181828_w20000_s30000	JX181828	2
190612	OR584013_w1000_s72500	OR584013	2
190625	ON637170_w2000_s35000	ON637170	2
190627	OZ196214_w2000_s6000	OZ196214	2
190646	JF937090_w20000_s40000	JF937090	2
190651	MH590590_w2000_s17000	MH590590	2
190659	KT270441_w1000_s58000	KT270441	2
190666	OZ196174_w10000_s30000	OZ196174	2
190690	MW794163_w2000_s74000	MW794163	2
190691	MK448903_w1000_s2000	MK448903	2
190698	PQ201079_w1000_s35000	PQ201079	2
190715	NC_019522_w5000_s0	NC_019522	2
190716	OR148984_w10000_s5000	OR148984	2
190717	MG065671_w2000_s27000	MG065671	2
190732	NC_028962_w10000_s65000	NC_028962	2
190760	MN895438_w20000_s40000	MN895438	2
190824	MH051911_w20000_s30000	MH051911	2
190828	MZ501098_w20000_s100000	MZ501098	2
190830	OQ101258_w5000_s40000	OQ101258	2
190842	MK373792_w5000_s7500	MK373792	2
190850	NC_070777_w2000_s79000	NC_070777	2
190856	LC744184_w5000_s20000	LC744184	2
190866	PQ819475_w5000_s37500	PQ819475	2
190913	NC_018281_w1000_s3000	NC_018281	2
190920	V01146_w10000_s15000	V01146	2
190995	NC_048115_w5000_s22500	NC_048115	2
191009	MN022785_w2000_s55000	MN022785	2
191017	NC_019487_w1000_s75500	NC_019487	2
191026	NC_025429_w5000_s85000	NC_025429	2
191027	MW822145_w2000_s25000	MW822145	2
191035	PP906166_w20000_s0	PP906166	2
191041	MK813939_w2000_s55000	MK813939	2
191043	MH509446_w10000_s0	MH509446	2
191062	MH791408_w20000_s40000	MH791408	2
191081	KP790010_w5000_s2500	KP790010	2
191094	OQ721911_w5000_s92500	OQ721911	2
191100	MK310146_w2000_s4000	MK310146	2
191111	MN871441_w5000_s127500	MN871441	2
191114	KU927497_w1000_s120500	KU927497	2
191132	AB243556_w5000_s7500	AB243556	2
191138	MG770379_w5000_s40000	MG770379	2
191147	MN032614_w5000_s97500	MN032614	2
191193	KF626665_w10000_s10000	KF626665	2
191209	OR845003_w5000_s45000	OR845003	2
191222	NC_048195_w2000_s3000	NC_048195	2
191240	NC_021531_w20000_s80000	NC_021531	2
191248	NC_042333_w2000_s1000	NC_042333	2
191251	OP617748_w10000_s55000	OP617748	2
191256	OP503978_w2000_s17000	OP503978	2
191260	KY210139_w1000_s39000	KY210139	2
191261	MN871488_w20000_s60000	MN871488	2
191265	KX228400_w10000_s15000	KX228400	2
191269	MT446405_w2000_s40000	MT446405	2
191273	NC_051665_w10000_s45000	NC_051665	2
191277	OL343755_w10000_s10000	OL343755	2
191283	MG962366_w20000_s0	MG962366	2
191297	MK907260_w20000_s0	MK907260	2
191302	NC_011810_w2000_s7000	NC_011810	2
191303	MG209611_w10000_s40000	MG209611	2
191311	KR534323_w1000_s124000	KR534323	2
191315	KX119175_w1000_s17500	KX119175	2
191338	PP763602_w10000_s35000	PP763602	2
191344	NC_047881_w5000_s7500	NC_047881	2
191347	ON042478_w2000_s36000	ON042478	2
191352	MZ669808_w2000_s43000	MZ669808	2
191361	MZ417338_w10000_s55000	MZ417338	2
191362	OL964749_w1000_s9500	OL964749	2
191367	MN119379_w5000_s15000	MN119379	2
191369	NC_031245_w5000_s165000	NC_031245	2
191372	MK095198_w5000_s37500	MK095198	2
191376	NC_091964_w1000_s199000	NC_091964	2
191379	KU927497_w5000_s20000	KU927497	2
191390	OZ196206_w1000_s30000	OZ196206	2
191391	KU886223_w5000_s75000	KU886223	2
191393	MK373799_w10000_s90000	MK373799	2
191399	NC_007610_w20000_s10000	NC_007610	2
191455	AF428260_w5000_s0	AF428260	2
191461	MT580897_w10000_s100000	MT580897	2
191478	MH926056_w20000_s30000	MH926056	2
191484	KR902361_w2000_s135000	KR902361	2
191490	PP660558_w5000_s15000	PP660558	2
191492	PP883967_w10000_s60000	PP883967	2
191505	KX349270_w10000_s140000	KX349270	2
191508	JQ965645_w2000_s82000	JQ965645	2
191511	NC_047945_w5000_s20000	NC_047945	2
191516	MF001361_w20000_s10000	MF001361	2
191520	PP274704_w5000_s52500	PP274704	2
191524	NC_069752_w2000_s19000	NC_069752	2
191538	OR532796_w10000_s75000	OR532796	2
191544	KT365399_w5000_s27500	KT365399	2
191548	OP067662_w1000_s35500	OP067662	2
191551	OL539454_w20000_s20000	OL539454	2
191570	NC_048195_w2000_s6000	NC_048195	2
191586	PQ362660_w1000_s61000	PQ362660	2
191587	MT723935_w20000_s30000	MT723935	2
191592	NC_023603_w20000_s10000	NC_023603	2
191605	MH460827_w10000_s5000	MH460827	2
191608	PP496443_w20000_s80000	PP496443	2
191617	MH892375_w20000_s0	MH892375	2
191618	MZ318363_w2000_s15000	MZ318363	2
191648	OM835951_w20000_s100000	OM835951	2
191650	PQ505478_w20000_s0	PQ505478	2
191652	PQ793803_w2000_s4000	PQ793803	2
191666	KX130727_w20000_s30000	KX130727	2
191669	MH925093_w5000_s22500	MH925093	2
191682	KX130727_w1000_s121000	KX130727	2
191684	KX266441_w2000_s3000	KX266441	2
191685	MK450429_w5000_s22500	MK450429	2
191688	NC_028676_w2000_s106000	NC_028676	2
191695	OZ035766_w1000_s33500	OZ035766	2
191707	PP978831_w1000_s41000	PP978831	2
191723	KF669661_w20000_s50000	KF669661	2
191729	ON470582_w5000_s12500	ON470582	2
191731	PQ533658_w10000_s0	PQ533658	2
191733	AP012540_w5000_s30000	AP012540	2
191740	HQ634190_w1000_s23500	HQ634190	2
191761	PQ356295_w2000_s25000	PQ356295	2
191782	MK721185_w5000_s0	MK721185	2
191788	MH077580_w2000_s24000	MH077580	2
191793	KF024731_w2000_s17000	KF024731	2
191802	PP444719_w5000_s65000	PP444719	2
191806	DQ203855_w5000_s37500	DQ203855	2
191817	OL742561_w2000_s1000	OL742561	2
191834	OZ196887_w10000_s60000	OZ196887	2
191849	KU886223_w2000_s73000	KU886223	2
191857	NC_073334_w2000_s32000	NC_073334	2
191892	PP723047_w10000_s0	PP723047	2
191897	NC_073334_w20000_s20000	NC_073334	2
191916	OM112209_w2000_s26000	OM112209	2
191951	MZ417315_w1000_s96000	MZ417315	2
191954	KC801932_w10000_s160000	KC801932	2
191961	MK721199_w10000_s10000	MK721199	2
191965	MH077577_w10000_s15000	MH077577	2
191967	OL770260_w5000_s25000	OL770260	2
191976	MW423738_w2000_s16000	MW423738	2
191988	PQ782953_w10000_s20000	PQ782953	2
191993	MW546067_w20000_s60000	MW546067	2
191998	OZ195913_w20000_s60000	OZ195913	2
192005	LC768496_w10000_s25000	LC768496	2
192012	MZ417315_w10000_s0	MZ417315	2
192013	PQ007101_w1000_s3500	PQ007101	2
192021	MK422454_w5000_s7500	MK422454	2
192022	NC_070789_w2000_s32000	NC_070789	2
192026	OR770614_w20000_s180000	OR770614	2
192027	ON080940_w5000_s27500	ON080940	2
192031	JF937090_w20000_s80000	JF937090	2
192033	MN508618_w20000_s100000	MN508618	2
192038	NC_030915_w1000_s2500	NC_030915	2
192047	PP723048_w1000_s152500	PP723048	2
192050	NC_054815_w5000_s10000	NC_054815	2
192052	ON602738_w2000_s12000	ON602738	2
192079	LC616033_w20000_s0	LC616033	2
192090	NC_054716_w20000_s40000	NC_054716	2
192091	NC_028861_w10000_s0	NC_028861	2
192100	MZ334511_w5000_s37500	MZ334511	2
192137	OQ225162_w2000_s77000	OQ225162	2
192152	NC_049379_w2000_s70000	NC_049379	2
192162	MN098329_w10000_s25000	MN098329	2
192208	MZ514874_w5000_s42500	MZ514874	2
192227	KF156340_w1000_s139500	KF156340	2
192232	NC_073093_w20000_s10000	NC_073093	2
192246	NC_013638_w2000_s9000	NC_013638	2
192259	JF704116_w1000_s26500	JF704116	2
192271	OZ195725_w5000_s30000	OZ195725	2
192282	NC_041863_w20000_s80000	NC_041863	2
192289	NC_022981_w1000_s48000	NC_022981	2
192312	MN043729_w1000_s126000	MN043729	2
192325	PP889468_w2000_s26000	PP889468	2
192339	KT184309_w5000_s2500	KT184309	2
192354	MT776812_w20000_s20000	MT776812	2
192370	AY176327_w2000_s37000	AY176327	2
192373	MW021753_w10000_s105000	MW021753	2
192374	JQ011317_w5000_s10000	JQ011317	2
192391	ON170331_w10000_s15000	ON170331	2
192393	NC_047715_w5000_s0	NC_047715	2
192395	KU737347_w1000_s144000	KU737347	2
192403	OL580764_w20000_s10000	OL580764	2
192409	MZ501098_w20000_s60000	MZ501098	2
192434	MZ616364_w20000_s40000	MZ616364	2
192437	ON170252_w1000_s17500	ON170252	2
192438	OP503985_w1000_s22000	OP503985	2
192443	MZ955869_w5000_s15000	MZ955869	2
192456	NC_052660_w20000_s20000	NC_052660	2
192473	MH078572_w1000_s103000	MH078572	2
192501	NC_031061_w2000_s27000	NC_031061	2
192505	MT310868_w10000_s25000	MT310868	2
192506	MZ622177_w1000_s22500	MZ622177	2
192508	NC_047750_w2000_s29000	NC_047750	2
192510	OQ378934_w1000_s95500	OQ378934	2
192513	MT498056_w5000_s20000	MT498056	2
192527	MH651171_w10000_s0	MH651171	2
192533	MT129653_w20000_s20000	MT129653	2
192542	KU686210_w10000_s25000	KU686210	2
192547	NC_042122_w2000_s7000	NC_042122	2
192581	PP978782_w20000_s10000	PP978782	2
192584	OP380601_w2000_s190000	OP380601	2
192602	KY705259_w10000_s5000	KY705259	2
192606	MN988561_w1000_s105500	MN988561	2
192610	MH697590_w10000_s110000	MH697590	2
192613	MH745368_w10000_s60000	MH745368	2
192621	MT446387_w1000_s18000	MT446387	2
192622	KR136260_w10000_s25000	KR136260	2
192630	OL451946_w5000_s40000	OL451946	2
192633	KF279412_w20000_s0	KF279412	2
192643	MW021758_w5000_s262500	MW021758	2
192646	MF919528_w5000_s15000	MF919528	2
192647	MN871446_w5000_s80000	MN871446	2
192648	MN562221_w5000_s122500	MN562221	2
192650	PQ480333_w2000_s51000	PQ480333	2
192656	PQ571282_w5000_s2500	PQ571282	2
192681	NC_070777_w2000_s24000	NC_070777	2
192692	PP579743_w5000_s60000	PP579743	2
192693	OZ196193_w2000_s41000	OZ196193	2
192698	OR896173_w5000_s40000	OR896173	2
192704	KJ019141_w1000_s59500	KJ019141	2
192705	KM606995_w20000_s20000	KM606995	2
192715	NC_075029_w1000_s2500	NC_075029	2
192735	NC_047828_w2000_s22000	NC_047828	2
192739	PQ119497_w1000_s16500	PQ119497	2
192751	MK559429_w10000_s5000	MK559429	2
192753	MK962633_w20000_s10000	MK962633	2
192764	NC_055783_w2000_s1000	NC_055783	2
192806	NC_031048_w10000_s15000	NC_031048	2
192815	MN703411_w2000_s26000	MN703411	2
192835	NC_028890_w1000_s4000	NC_028890	2
192840	KJ628499_w5000_s35000	KJ628499	2
192858	PV029541_w20000_s50000	PV029541	2
192869	KR080193_w1000_s8500	KR080193	2
192933	MH051248_w2000_s38000	MH051248	2
192935	KU160654_w10000_s20000	KU160654	2
192936	JN371768_w1000_s93000	JN371768	2
192938	OM249648_w5000_s15000	OM249648	2
192946	MT675124_w1000_s4000	MT675124	2
192951	MN562221_w20000_s130000	MN562221	2
192970	MK450429_w20000_s60000	MK450429	2
192977	NC_061444_w1000_s172500	NC_061444	2
192980	PQ818762_w5000_s20000	PQ818762	2
192984	MH807816_w20000_s10000	MH807816	2
193007	MN101226_w5000_s30000	MN101226	2
193013	OZ196679_w20000_s50000	OZ196679	2
193037	OR983333_w2000_s45000	OR983333	2
193058	NC_016567_w2000_s11000	NC_016567	2
193089	NC_073374_w10000_s20000	NC_073374	2
193097	LN610572_w2000_s60000	LN610572	2
193101	NC_025429_w10000_s20000	NC_025429	2
193102	MN850579_w10000_s5000	MN850579	2
193120	JX181828_w2000_s81000	JX181828	2
193123	OZ196140_w5000_s112500	OZ196140	2
193125	MH727546_w20000_s30000	MH727546	2
193139	KY653123_w2000_s22000	KY653123	2
193140	PP301341_w5000_s15000	PP301341	2
193141	MK448705_w20000_s0	MK448705	2
193145	OQ873415_w20000_s70000	OQ873415	2
193146	OR539218_w5000_s137500	OR539218	2
193150	KP876466_w5000_s35000	KP876466	2
193155	MN988561_w5000_s85000	MN988561	2
193157	KJ019029_w10000_s60000	KJ019029	2
193171	MW794146_w2000_s25000	MW794146	2
193180	MG592590_w20000_s0	MG592590	2
193186	MK279906_w5000_s27500	MK279906	2
193187	OL774874_w5000_s20000	OL774874	2
193191	KU886223_w20000_s70000	KU886223	2
193212	MW055904_w2000_s19000	MW055904	2
193217	NC_027366_w2000_s114000	NC_027366	2
193221	LC788704_w20000_s100000	LC788704	2
193235	OZ196059_w20000_s30000	OZ196059	2
193239	MN709128_w20000_s130000	MN709128	2
193242	LC739537_w1000_s66500	LC739537	2
193255	MW794163_w20000_s10000	MW794163	2
193257	NC_027366_w2000_s13000	NC_027366	2
193258	KU197013_w2000_s9000	KU197013	2
193260	HM114277_w20000_s0	HM114277	2
193263	NC_019442_w5000_s42500	NC_019442	2
193264	OR159660_w2000_s39000	OR159660	2
193284	KU737347_w20000_s70000	KU737347	2
193286	MW794163_w2000_s8000	MW794163	2
193287	MK972689_w10000_s30000	MK972689	2
193295	OR880647_w20000_s30000	OR880647	2
193307	MN234188_w5000_s15000	MN234188	2
193318	PQ309151_w5000_s95000	PQ309151	2
193319	NC_048633_w2000_s12000	NC_048633	2
193322	OL780484_w1000_s30500	OL780484	2
193334	MK494112_w2000_s40000	MK494112	2
193341	OZ196095_w1000_s99000	OZ196095	2
193354	NC_055804_w5000_s35000	NC_055804	2
193366	MN308080_w20000_s0	MN308080	2
193379	ON170148_w5000_s15000	ON170148	2
193381	NC_047964_w20000_s0	NC_047964	2
193384	OZ195969_w5000_s85000	OZ195969	2
193397	OZ196140_w5000_s172500	OZ196140	2
193402	PP715504_w5000_s32500	PP715504	2
193420	ON881243_w20000_s10000	ON881243	2
193425	PQ567651_w1000_s97000	PQ567651	2
193432	NC_054940_w2000_s58000	NC_054940	2
193447	ON170331_w5000_s17500	ON170331	2
193450	ON042478_w1000_s117000	ON042478	2
193453	MT682710_w2000_s7000	MT682710	2
193458	OR413581_w2000_s154000	OR413581	2
193479	NC_092456_w2000_s13000	NC_092456	2
193481	NC_041961_w10000_s15000	NC_041961	2
193488	MT074458_w1000_s72000	MT074458	2
193493	KY554777_w1000_s49000	KY554777	2
193498	NC_073677_w1000_s17500	NC_073677	2
193501	KM606995_w1000_s77500	KM606995	2
193510	MZ398241_w10000_s20000	MZ398241	2
193525	OR770614_w2000_s108000	OR770614	2
193535	NC_052660_w1000_s79000	NC_052660	2
193551	NC_029073_w1000_s94500	NC_029073	2
193554	MT732443_w20000_s30000	MT732443	2
193567	PQ362663_w5000_s35000	PQ362663	2
193575	MH450131_w20000_s10000	MH450131	2
193587	MH454077_w10000_s0	MH454077	2
193592	JN699625_w1000_s31500	JN699625	2
193594	OR896313_w20000_s0	OR896313	2
193600	MW353175_w1000_s145000	MW353175	2
193602	KT361920_w10000_s20000	KT361920	2
193612	NC_029021_w5000_s5000	NC_029021	2
193614	MK578530_w10000_s0	MK578530	2
193621	OL539446_w10000_s15000	OL539446	2
193635	OP331230_w2000_s26000	OP331230	2
193638	KU686210_w10000_s20000	KU686210	2
193644	MW349129_w20000_s0	MW349129	2
193661	PP465982_w5000_s7500	PP465982	2
193667	KX431560_w2000_s140000	KX431560	2
193703	MG945408_w1000_s5500	MG945408	2
193705	OQ221544_w20000_s70000	OQ221544	2
193742	MT497105_w2000_s48000	MT497105	2
193746	MZ375243_w1000_s24500	MZ375243	2
193759	NC_031226_w2000_s34000	NC_031226	2
193762	OM634661_w20000_s20000	OM634661	2
193764	JQ011317_w1000_s24500	JQ011317	2
193768	MH310936_w5000_s10000	MH310936	2
193785	MW812339_w20000_s20000	MW812339	2
193799	OR575929_w2000_s14000	OR575929	2
193809	KC465899_w5000_s10000	KC465899	2
193842	PP179317_w20000_s0	PP179317	2
193845	OL770259_w5000_s107500	OL770259	2
193855	OR845035_w1000_s3000	OR845035	2
193863	MT310865_w2000_s20000	MT310865	2
193865	KJ174318_w1000_s25500	KJ174318	2
193870	EU676000_w2000_s42000	EU676000	2
193871	MH926056_w1000_s23000	MH926056	2
193875	MN369766_w2000_s19000	MN369766	2
193877	MW056502_w1000_s30000	MW056502	2
193881	LT714109_w10000_s25000	LT714109	2
193903	NC_042067_w10000_s50000	NC_042067	2
193911	OL960567_w1000_s94500	OL960567	2
193916	NC_025429_w10000_s60000	NC_025429	2
193923	KY554774_w1000_s3000	KY554774	2
193938	MK994522_w5000_s2500	MK994522	2
193943	KX452695_w5000_s0	KX452695	2
193966	PP597384_w20000_s120000	PP597384	2
193990	KX130865_w5000_s37500	KX130865	2
193993	PP274704_w2000_s18000	PP274704	2
194005	LK985321_w10000_s5000	LK985321	2
194012	PP496443_w20000_s140000	PP496443	2
194029	MN871486_w2000_s29000	MN871486	2
194030	OR896224_w1000_s18500	OR896224	2
194049	MZ634338_w5000_s10000	MZ634338	2
194079	MW546067_w5000_s85000	MW546067	2
194084	MT446407_w20000_s10000	MT446407	2
194097	KR052482_w2000_s69000	KR052482	2
194101	NC_048851_w2000_s30000	NC_048851	2
194103	OZ196095_w20000_s50000	OZ196095	2
194106	OZ196841_w1000_s500	OZ196841	2
194111	OL539467_w10000_s35000	OL539467	2
194112	MK359319_w2000_s10000	MK359319	2
194113	OQ428192_w1000_s5000	OQ428192	2
194120	MZ417315_w5000_s12500	MZ417315	2
194129	MG592644_w2000_s9000	MG592644	2
194152	OZ196109_w1000_s15000	OZ196109	2
194155	LC616061_w1000_s29500	LC616061	2
194180	MH651178_w2000_s47000	MH651178	2
194182	OM913585_w10000_s10000	OM913585	2
194191	OZ035815_w20000_s10000	OZ035815	2
194200	ON809761_w5000_s0	ON809761	2
194204	NC_031007_w10000_s15000	NC_031007	2
194228	PP695294_w10000_s185000	PP695294	2
194229	OQ579025_w2000_s28000	OQ579025	2
194234	PP993148_w1000_s59000	PP993148	2
194242	KT184309_w10000_s55000	KT184309	2
194245	OZ196067_w5000_s20000	OZ196067	2
194270	OQ599309_w5000_s52500	OQ599309	2
194274	OZ196444_w1000_s78000	OZ196444	2
194275	OL770259_w1000_s22500	OL770259	2
194279	KJ019142_w10000_s160000	KJ019142	2
194285	NC_048717_w2000_s35000	NC_048717	2
194300	OQ599309_w5000_s145000	OQ599309	2
194313	OM033135_w5000_s65000	OM033135	2
194358	MK719703_w5000_s52500	MK719703	2
194359	OP021681_w20000_s110000	OP021681	2
194366	PP747256_w10000_s30000	PP747256	2
194384	ON548418_w2000_s84000	ON548418	2
194391	PQ505476_w5000_s30000	PQ505476	2
194398	ON528731_w2000_s29000	ON528731	2
194405	AY962392_w5000_s12500	AY962392	2
194417	NC_028922_w20000_s10000	NC_028922	2
194420	MZ576217_w20000_s10000	MZ576217	2
194421	OK340820_w10000_s45000	OK340820	2
194433	MW349129_w20000_s100000	MW349129	2
194440	MW055904_w20000_s30000	MW055904	2
194457	MT657339_w5000_s12500	MT657339	2
194466	MN695334_w1000_s239500	MN695334	2
194491	NC_005345_w10000_s25000	NC_005345	2
194492	PP554579_w2000_s80000	PP554579	2
194504	OQ818699_w2000_s40000	OQ818699	2
194507	ON602738_w20000_s20000	ON602738	2
194537	NC_019487_w10000_s120000	NC_019487	2
194545	MT197175_w20000_s10000	MT197175	2
194558	NC_048071_w10000_s30000	NC_048071	2
194627	LC465543_w10000_s115000	LC465543	2
194629	KT804923_w20000_s30000	KT804923	2
194631	CP000315_w5000_s27500	CP000315	2
194632	PP083312_w5000_s55000	PP083312	2
194634	PP357469_w20000_s10000	PP357469	2
194641	OP913464_w20000_s30000	OP913464	2
194699	JX290549_w1000_s8500	JX290549	2
194700	MN101230_w5000_s87500	MN101230	2
194713	NC_051728_w1000_s0	NC_051728	2
194727	KT264777_w1000_s3000	KT264777	2
194729	MW042807_w5000_s2500	MW042807	2
194743	MW423738_w2000_s0	MW423738	2
194755	MW202692_w1000_s18500	MW202692	2
194772	PQ657832_w1000_s46500	PQ657832	2
194784	NC_021339_w1000_s24500	NC_021339	2
194787	MF459646_w10000_s35000	MF459646	2
194798	PQ657784_w5000_s107500	PQ657784	2
194801	MW021753_w20000_s80000	MW021753	2
194802	NC_070726_w10000_s5000	NC_070726	2
194813	KC556897_w1000_s38000	KC556897	2
194818	PQ533668_w2000_s7000	PQ533668	2
194827	KF279411_w1000_s3000	KF279411	2
194831	NC_042122_w2000_s18000	NC_042122	2
194839	KU886223_w20000_s160000	KU886223	2
194840	MT114160_w1000_s34500	MT114160	2
194853	MT310865_w10000_s15000	MT310865	2
194876	NC_005091_w10000_s35000	NC_005091	2
194883	MT828552_w5000_s82500	MT828552	2
194889	NC_047945_w20000_s120000	NC_047945	2
194925	MT497087_w10000_s25000	MT497087	2
194931	NC_027366_w2000_s28000	NC_027366	2
194933	NC_021349_w2000_s141000	NC_021349	2
194955	PP496443_w1000_s118000	PP496443	2
194967	NC_023585_w5000_s15000	NC_023585	2
194968	PQ362660_w10000_s95000	PQ362660	2
194970	NC_054908_w20000_s80000	NC_054908	2
194981	LC567820_w5000_s40000	LC567820	2
194984	MT310865_w2000_s123000	MT310865	2
195002	MZ234053_w10000_s135000	MZ234053	2
195005	OZ196868_w20000_s90000	OZ196868	2
195041	MZ417350_w1000_s82500	MZ417350	2
195050	MN586013_w20000_s10000	MN586013	2
195068	PP680568_w20000_s50000	PP680568	2
195084	NC_028962_w20000_s90000	NC_028962	2
195088	MK005300_w1000_s12000	MK005300	2
195089	LC788704_w20000_s80000	LC788704	2
195098	MT074475_w2000_s78000	MT074475	2
195111	OZ196570_w1000_s16500	OZ196570	2
195114	NC_028744_w5000_s37500	NC_028744	2
195117	JX181828_w5000_s125000	JX181828	2
195120	NC_054815_w5000_s35000	NC_054815	2
195125	MT310884_w20000_s20000	MT310884	2
195140	NC_011344_w1000_s34000	NC_011344	2
195141	MW419087_w2000_s134000	MW419087	2
195150	OR532878_w1000_s20500	OR532878	2
195181	JX181828_w10000_s145000	JX181828	2
195189	MW712735_w5000_s42500	MW712735	2
195190	OQ680139_w1000_s10500	OQ680139	2
195197	NC_028962_w20000_s30000	NC_028962	2
195198	NC_007610_w10000_s70000	NC_007610	2
195204	PQ351672_w2000_s22000	PQ351672	2
195245	MT446392_w5000_s157500	MT446392	2
195254	NC_017969_w2000_s1000	NC_017969	2
195270	MT118292_w1000_s10000	MT118292	2
195272	KX266565_w5000_s0	KX266565	2
195278	PP098623_w20000_s0	PP098623	2
195281	KM434184_w1000_s6000	KM434184	2
195295	OR924234_w10000_s15000	OR924234	2
195303	MT080600_w2000_s76000	MT080600	2
195313	PQ114736_w20000_s70000	PQ114736	2
195326	OQ709198_w20000_s40000	OQ709198	2
195327	NC_070860_w1000_s41000	NC_070860	2
195334	KM366098_w20000_s10000	KM366098	2
195335	OP352124_w5000_s120000	OP352124	2
195336	MT416090_w10000_s30000	MT416090	2
195352	ON814136_w10000_s45000	ON814136	2
195360	MH571750_w20000_s30000	MH571750	2
195371	KX349318_w5000_s120000	KX349318	2
195378	KJ019069_w20000_s110000	KJ019069	2
195380	MT498059_w2000_s11000	MT498059	2
195391	OZ035850_w1000_s160000	OZ035850	2
195404	KJ019069_w1000_s103000	KJ019069	2
195428	MN101218_w1000_s7000	MN101218	2
195443	PQ006845_w1000_s3000	PQ006845	2
195453	NC_092455_w5000_s20000	NC_092455	2
195458	NC_028836_w20000_s0	NC_028836	2
195461	MN234211_w5000_s2500	MN234211	2
195494	PQ656107_w10000_s90000	PQ656107	2
195501	MN709128_w2000_s81000	MN709128	2
195502	MT438761_w20000_s0	MT438761	2
195503	MT446387_w20000_s90000	MT446387	2
195513	MN895438_w10000_s140000	MN895438	2
195519	KY385384_w10000_s25000	KY385384	2
195541	OR413581_w2000_s99000	OR413581	2
195550	KY549659_w1000_s39000	KY549659	2
195554	AM491472_w10000_s30000	AM491472	2
195555	NC_019917_w1000_s19500	NC_019917	2
195561	MK448830_w5000_s0	MK448830	2
195580	NC_070786_w2000_s17000	NC_070786	2
195583	LT960608_w1000_s7000	LT960608	2
195604	MK433268_w2000_s48000	MK433268	2
195607	OP021679_w2000_s9000	OP021679	2
195612	MG748547_w20000_s70000	MG748547	2
195618	NC_024789_w20000_s10000	NC_024789	2
195623	NC_023570_w2000_s10000	NC_023570	2
195635	NC_048131_w20000_s10000	NC_048131	2
195645	OL770259_w10000_s80000	OL770259	2
195649	MW349129_w2000_s163000	MW349129	2
195660	OZ196444_w10000_s0	OZ196444	2
195667	NC_020843_w5000_s55000	NC_020843	2
195668	HM114277_w5000_s110000	HM114277	2
195671	MT887289_w1000_s8000	MT887289	2
195675	OK143207_w5000_s42500	OK143207	2
195692	KC330679_w1000_s22500	KC330679	2
195700	OQ291031_w20000_s70000	OQ291031	2
195703	OZ196338_w20000_s40000	OZ196338	2
195715	OR532796_w2000_s0	OR532796	2
195722	MZ417315_w1000_s56000	MZ417315	2
195732	NC_011613_w5000_s15000	NC_011613	2
195738	PP511801_w2000_s3000	PP511801	2
195741	OR532796_w10000_s115000	OR532796	2
195744	MW349129_w2000_s43000	MW349129	2
195748	MZ592920_w1000_s12000	MZ592920	2
195768	MG065658_w2000_s35000	MG065658	2
195794	MT074475_w2000_s84000	MT074475	2
195802	KY554760_w2000_s1000	KY554760	2
195812	KU737347_w10000_s135000	KU737347	2
195825	OQ504984_w20000_s120000	OQ504984	2
195833	DQ203855_w20000_s20000	DQ203855	2
195849	KX130865_w5000_s120000	KX130865	2
195850	MK448925_w2000_s3000	MK448925	2
195857	OZ035805_w10000_s15000	OZ035805	2
195862	OL343755_w20000_s70000	OL343755	2
195868	PQ356295_w1000_s107000	PQ356295	2
195887	MW055912_w20000_s30000	MW055912	2
195895	KR093629_w5000_s0	KR093629	2
195904	HG518155_w1000_s20000	HG518155	2
195906	OZ195964_w1000_s23500	OZ195964	2
195907	DQ203855_w2000_s4000	DQ203855	2
195908	KC413987_w20000_s0	KC413987	2
195924	KX431560_w1000_s174000	KX431560	2
195960	MK373778_w2000_s70000	MK373778	2
195971	MH834599_w2000_s24000	MH834599	2
195974	NC_073677_w20000_s50000	NC_073677	2
195981	LC727889_w10000_s15000	LC727889	2
195984	ON645338_w1000_s31500	ON645338	2
195994	NC_028805_w1000_s82000	NC_028805	2
196014	NC_019932_w2000_s8000	NC_019932	2
196022	KC801932_w5000_s162500	KC801932	2
196027	NC_023744_w1000_s34000	NC_023744	2
196031	MH926056_w10000_s25000	MH926056	2
196032	OQ791220_w2000_s56000	OQ791220	2
196033	KP790010_w1000_s14500	KP790010	2
196049	LR595859_w10000_s10000	LR595859	2
196052	KU238069_w5000_s15000	KU238069	2
196053	PP083312_w1000_s83500	PP083312	2
196072	PQ824230_w2000_s20000	PQ824230	2
196073	DQ398046_w2000_s52000	DQ398046	2
196094	LC768496_w5000_s65000	LC768496	2
196097	AF085222_w2000_s12000	AF085222	2
196101	KX266502_w1000_s2000	KX266502	2
196108	NC_041898_w1000_s12000	NC_041898	2
196111	MZ501102_w10000_s60000	MZ501102	2
196125	OZ195735_w1000_s40500	OZ195735	2
196133	NC_041912_w10000_s15000	NC_041912	2
196140	OQ921339_w10000_s120000	OQ921339	2
196173	OL343755_w5000_s72500	OL343755	2
196181	LC739530_w10000_s10000	LC739530	2
196195	OZ195879_w5000_s145000	OZ195879	2
196197	PP534475_w20000_s70000	PP534475	2
196204	MH937471_w5000_s30000	MH937471	2
196209	OQ603359_w1000_s197000	OQ603359	2
196212	PP883967_w20000_s40000	PP883967	2
196214	NC_025429_w1000_s61500	NC_025429	2
196238	MN204499_w5000_s2500	MN204499	2
196239	HM114277_w10000_s110000	HM114277	2
196257	PQ309151_w1000_s200000	PQ309151	2
196258	OQ603353_w1000_s176500	OQ603353	2
196282	PP444719_w5000_s80000	PP444719	2
196304	MF405094_w5000_s85000	MF405094	2
196311	KY883643_w20000_s10000	KY883643	2
196329	MT771341_w2000_s22000	MT771341	2
196330	JX676771_w5000_s17500	JX676771	2
196332	NC_048102_w10000_s120000	NC_048102	2
196346	NC_070885_w20000_s110000	NC_070885	2
196353	EU822883_w2000_s11000	EU822883	2
196367	NC_050152_w20000_s40000	NC_050152	2
196387	MT596502_w20000_s40000	MT596502	2
196394	NC_048770_w20000_s70000	NC_048770	2
196407	KR052482_w20000_s10000	KR052482	2
196444	NC_051717_w10000_s30000	NC_051717	2
196449	MF001361_w20000_s40000	MF001361	2
196454	ON239132_w5000_s35000	ON239132	2
196463	NC_073063_w5000_s35000	NC_073063	2
196476	NC_054965_w1000_s28000	NC_054965	2
196487	KX349247_w1000_s20000	KX349247	2
196500	KJ019029_w10000_s140000	KJ019029	2
196518	LC739537_w5000_s127500	LC739537	2
196519	OR896834_w1000_s17000	OR896834	2
196542	MT310865_w10000_s45000	MT310865	2
196549	MZ514874_w5000_s17500	MZ514874	2
196559	NC_021799_w5000_s22500	NC_021799	2
196560	KJ019095_w1000_s144500	KJ019095	2
196576	OR896238_w5000_s15000	OR896238	2
196588	MT818424_w5000_s32500	MT818424	2
196592	MH450116_w2000_s39000	MH450116	2
196603	DQ111067_w1000_s21500	DQ111067	2
196607	ON528731_w2000_s31000	ON528731	2
196624	KM092515_w2000_s47000	KM092515	2
196662	PQ285366_w1000_s21000	PQ285366	2
196672	MZ375295_w10000_s20000	MZ375295	2
196674	OL799258_w1000_s38000	OL799258	2
196703	OZ196227_w5000_s55000	OZ196227	2
196707	MN689778_w10000_s5000	MN689778	2
196712	KF279412_w20000_s10000	KF279412	2
196728	MK524486_w2000_s55000	MK524486	2
196729	MK295205_w5000_s17500	MK295205	2
196758	LT714109_w5000_s17500	LT714109	2
196770	MT774376_w20000_s20000	MT774376	2
196781	PP974338_w20000_s100000	PP974338	2
196809	PQ741025_w10000_s15000	PQ741025	2
196811	NC_028890_w2000_s142000	NC_028890	2
196814	OP172695_w1000_s19000	OP172695	2
196834	LR794151_w10000_s10000	LR794151	2
196844	OM210019_w10000_s0	OM210019	2
196857	NC_073623_w5000_s32500	NC_073623	2
196860	MZ417339_w20000_s0	MZ417339	2
196862	MN038176_w2000_s43000	MN038176	2
196876	NC_028912_w2000_s7000	NC_028912	2
196890	MH431931_w2000_s3000	MH431931	2
196892	PQ867852_w10000_s25000	PQ867852	2
196904	KX452695_w10000_s135000	KX452695	2
196970	KJ019094_w20000_s110000	KJ019094	2
196975	MN428055_w5000_s2500	MN428055	2
196980	ON190024_w2000_s237000	ON190024	2
196988	JX415535_w1000_s22000	JX415535	2
196989	OP263967_w2000_s57000	OP263967	2
197004	MH744418_w20000_s50000	MH744418	2
197006	MT234340_w10000_s50000	MT234340	2
197017	NC_073623_w2000_s41000	NC_073623	2
197027	MH576958_w10000_s35000	MH576958	2
197030	PQ189589_w5000_s30000	PQ189589	2
197038	NC_073218_w1000_s27500	NC_073218	2
197042	MN892484_w5000_s22500	MN892484	2
197045	OZ195793_w20000_s0	OZ195793	2
197064	OK499980_w2000_s66000	OK499980	2
197065	MK494112_w10000_s75000	MK494112	2
197082	NC_042016_w2000_s0	NC_042016	2
197084	KF623294_w10000_s200000	KF623294	2
197089	ON637170_w5000_s102500	ON637170	2
197097	MW419087_w10000_s90000	MW419087	2
197101	PQ533658_w1000_s41500	PQ533658	2
197128	NC_051633_w2000_s33000	NC_051633	2
197135	OY720014_w10000_s70000	OY720014	2
197137	MT732432_w2000_s28000	MT732432	2
197138	OZ196027_w2000_s57000	OZ196027	2
197144	MT956952_w1000_s37000	MT956952	2
197145	KX228400_w10000_s35000	KX228400	2
197154	MN234211_w5000_s57500	MN234211	2
197174	OZ195978_w5000_s75000	OZ195978	2
197175	GQ468526_w2000_s12000	GQ468526	2
197178	KX349270_w5000_s95000	KX349270	2
197196	OP021681_w10000_s130000	OP021681	2
197204	OY731444_w1000_s60500	OY731444	2
197205	KP881232_w10000_s90000	KP881232	2
197215	MW794176_w1000_s90500	MW794176	2
197216	KU886223_w1000_s166000	KU886223	2
197218	JN699625_w20000_s100000	JN699625	2
197229	MK894437_w1000_s4000	MK894437	2
197239	NC_021348_w1000_s116500	NC_021348	2
197249	ON645338_w5000_s27500	ON645338	2
197254	NC_041980_w20000_s140000	NC_041980	2
197261	OL362269_w2000_s45000	OL362269	2
197266	OM194189_w10000_s20000	OM194189	2
197276	NC_092455_w1000_s8500	NC_092455	2
197283	MT345684_w10000_s0	MT345684	2
197316	OK040789_w2000_s126000	OK040789	2
197320	MK719704_w5000_s67500	MK719704	2
197322	OL780484_w10000_s135000	OL780484	2
197329	OP254195_w2000_s1000	OP254195	2
197340	PQ295877_w10000_s40000	PQ295877	2
197351	MK305892_w20000_s10000	MK305892	2
197365	OQ378314_w1000_s36500	OQ378314	2
197380	OZ195913_w5000_s130000	OZ195913	2
197384	MZ501265_w1000_s106500	MZ501265	2
197392	NC_049807_w1000_s39500	NC_049807	2
197394	OR180314_w20000_s0	OR180314	2
197412	ON170076_w10000_s30000	ON170076	2
197425	MN062185_w2000_s26000	MN062185	2
197430	OX241561_w5000_s32500	OX241561	2
197435	NC_048723_w20000_s0	NC_048723	2
197452	ON528745_w20000_s110000	ON528745	2
197457	NC_021327_w20000_s70000	NC_021327	2
197463	MW056502_w20000_s10000	MW056502	2
197465	KF623294_w20000_s80000	KF623294	2
197482	MW822145_w5000_s72500	MW822145	2
197485	OQ319933_w10000_s15000	OQ319933	2
197488	NC_009811_w1000_s128500	NC_009811	2
197494	OR352949_w1000_s163000	OR352949	2
197501	KU963253_w1000_s47000	KU963253	2
197506	OP559179_w1000_s46000	OP559179	2
197527	MT234340_w1000_s55500	MT234340	2
197539	NC_003050_w10000_s20000	NC_003050	2
197564	KJ019049_w1000_s160500	KJ019049	2
197574	MK443264_w2000_s67000	MK443264	2
197598	OP018999_w5000_s20000	OP018999	2
197600	PQ464597_w20000_s120000	PQ464597	2
197601	PQ657784_w5000_s100000	PQ657784	2
197607	MH553563_w1000_s151500	MH553563	2
197614	PQ336912_w5000_s27500	PQ336912	2
197623	MT118292_w10000_s20000	MT118292	2
197637	MK422454_w20000_s0	MK422454	2
197651	OZ035784_w2000_s2000	OZ035784	2
197659	MN234188_w2000_s48000	MN234188	2
197676	JX163858_w1000_s180000	JX163858	2
197686	OZ196664_w5000_s57500	OZ196664	2
197688	MW824420_w10000_s5000	MW824420	2
197707	OZ196605_w20000_s0	OZ196605	2
197723	OP503982_w2000_s33000	OP503982	2
197746	MT585310_w2000_s8000	MT585310	2
197755	OR896251_w10000_s35000	OR896251	2
197757	PP978830_w2000_s38000	PP978830	2
197758	PQ657784_w10000_s105000	PQ657784	2
197777	NC_021799_w1000_s25000	NC_021799	2
197780	PP496415_w5000_s5000	PP496415	2
197795	KY703222_w10000_s60000	KY703222	2
197798	OR608735_w10000_s45000	OR608735	2
197799	OQ572410_w5000_s17500	OQ572410	2
197800	PP993148_w2000_s5000	PP993148	2
197801	KY549659_w2000_s72000	KY549659	2
197804	OK076929_w5000_s87500	OK076929	2
197809	OP978391_w2000_s160000	OP978391	2
197828	MG748547_w2000_s98000	MG748547	2
197851	NC_091964_w2000_s80000	NC_091964	2
197875	NC_042025_w20000_s20000	NC_042025	2
197891	OZ196117_w1000_s104500	OZ196117	2
197893	MW021758_w2000_s190000	MW021758	2
197894	MW202812_w20000_s10000	MW202812	2
197897	DQ997624_w20000_s120000	DQ997624	2
197912	LC465543_w1000_s135000	LC465543	2
197919	MT446401_w5000_s42500	MT446401	2
197932	ON814134_w5000_s80000	ON814134	2
197935	OZ035773_w5000_s45000	OZ035773	2
197940	MT658804_w10000_s15000	MT658804	2
197945	OQ721911_w2000_s85000	OQ721911	2
197957	PQ850612_w10000_s45000	PQ850612	2
197961	NC_054924_w20000_s100000	NC_054924	2
197970	OR608735_w1000_s275500	OR608735	2
197974	MT074137_w5000_s117500	MT074137	2
197976	JQ340389_w2000_s3000	JQ340389	2
197998	MZ616364_w1000_s112500	MZ616364	2
198002	OZ195858_w20000_s20000	OZ195858	2
198026	NC_021298_w20000_s10000	NC_021298	2
198034	OR532878_w2000_s12000	OR532878	2
198037	OZ196706_w5000_s47500	OZ196706	2
198040	NC_021531_w2000_s171000	NC_021531	2
198053	PQ133616_w5000_s12500	PQ133616	2
198056	ON075799_w20000_s110000	ON075799	2
198065	GU169904_w1000_s40500	GU169904	2
198075	OQ504984_w20000_s140000	OQ504984	2
198079	MT354569_w1000_s92000	MT354569	2
198083	MT497228_w10000_s5000	MT497228	2
198098	MH929319_w1000_s32000	MH929319	2
198138	NC_021298_w10000_s10000	NC_021298	2
198140	MT446407_w5000_s25000	MT446407	2
198143	OZ196440_w2000_s63000	OZ196440	2
198146	NC_042067_w10000_s35000	NC_042067	2
198156	PQ533658_w5000_s42500	PQ533658	2
198159	KX119201_w2000_s21000	KX119201	2
198161	NC_073679_w20000_s10000	NC_073679	2
198167	MN871446_w1000_s32500	MN871446	2
198187	OZ196098_w1000_s33000	OZ196098	2
198227	OP021679_w2000_s6000	OP021679	2
198230	OZ195879_w10000_s5000	OZ195879	2
198257	MT074142_w20000_s10000	MT074142	2
198290	NC_092456_w2000_s17000	NC_092456	2
198293	PP516625_w10000_s5000	PP516625	2
198297	NC_031034_w5000_s117500	NC_031034	2
198298	MN032614_w10000_s205000	MN032614	2
198302	NC_021531_w20000_s190000	NC_021531	2
198306	MT074142_w5000_s5000	MT074142	2
198317	MW325771_w1000_s16000	MW325771	2
198332	PQ998983_w1000_s22500	PQ998983	2
198339	JX296113_w5000_s10000	JX296113	2
198372	LR535921_w20000_s180000	LR535921	2
198384	OQ709198_w1000_s2500	OQ709198	2
198393	PQ819472_w1000_s4500	PQ819472	2
198399	NC_025437_w5000_s0	NC_025437	2
198404	NC_028881_w2000_s142000	NC_028881	2
198407	ON456340_w10000_s30000	ON456340	2
198409	OQ871555_w10000_s70000	OQ871555	2
198429	MG867727_w2000_s39000	MG867727	2
198449	OR413581_w20000_s110000	OR413581	2
198455	PP695294_w2000_s98000	PP695294	2
198462	OP352125_w5000_s120000	OP352125	2
198474	OZ196125_w2000_s46000	OZ196125	2
198491	NC_027366_w5000_s45000	NC_027366	2
198500	PQ819475_w10000_s40000	PQ819475	2
198501	KU197013_w10000_s5000	KU197013	2
198503	MF919519_w20000_s20000	MF919519	2
198507	NC_070973_w1000_s47500	NC_070973	2
198510	ON470608_w10000_s30000	ON470608	2
198515	PP810247_w5000_s22500	PP810247	2
198522	PP889454_w1000_s33000	PP889454	2
198537	NC_048710_w2000_s5000	NC_048710	2
198564	MT863731_w20000_s90000	MT863731	2
198573	NC_054945_w2000_s151000	NC_054945	2
198579	OQ622005_w5000_s25000	OQ622005	2
198592	NC_014635_w20000_s80000	NC_014635	2
198594	LT960608_w20000_s50000	LT960608	2
198603	KY979241_w10000_s35000	KY979241	2
198605	MT380195_w1000_s37500	MT380195	2
198607	HQ634190_w5000_s65000	HQ634190	2
198614	NC_026923_w20000_s130000	NC_026923	2
198622	PQ571289_w10000_s10000	PQ571289	2
198626	MW349129_w5000_s82500	MW349129	2
198629	AP008954_w20000_s0	AP008954	2
198638	NC_041980_w20000_s50000	NC_041980	2
198643	OY757066_w2000_s7000	OY757066	2
198645	MG022439_w1000_s64000	MG022439	2
198653	KX229736_w1000_s123000	KX229736	2
198654	NC_055824_w20000_s20000	NC_055824	2
198676	NC_054923_w10000_s65000	NC_054923	2
198680	NC_023730_w2000_s19000	NC_023730	2
198725	MF405094_w5000_s132500	MF405094	2
198727	OQ603353_w10000_s175000	OQ603353	2
198737	CP069348_w5000_s67500	CP069348	2
198740	OP978391_w5000_s162500	OP978391	2
198756	NC_031245_w5000_s145000	NC_031245	2
198780	MN782535_w2000_s104000	MN782535	2
198782	OR424388_w20000_s130000	OR424388	2
198784	CP069348_w10000_s5000	CP069348	2
198792	MT522000_w1000_s47500	MT522000	2
198793	OZ195763_w10000_s140000	OZ195763	2
198806	OQ819458_w1000_s6000	OQ819458	2
198813	NC_028757_w5000_s17500	NC_028757	2
198830	NC_073315_w1000_s0	NC_073315	2
198836	MH937471_w2000_s29000	MH937471	2
198847	PP479939_w20000_s20000	PP479939	2
198850	MN586024_w5000_s50000	MN586024	2
198876	OY720021_w10000_s35000	OY720021	2
198885	NC_070788_w1000_s46500	NC_070788	2
198898	OM634653_w20000_s10000	OM634653	2
198904	JN204348_w1000_s75000	JN204348	2
198916	MN709128_w5000_s80000	MN709128	2
198930	OQ860964_w20000_s0	OQ860964	2
198934	PP429240_w10000_s65000	PP429240	2
198940	MH045559_w10000_s20000	MH045559	2
198942	NC_055870_w2000_s43000	NC_055870	2
198972	KR052482_w1000_s173000	KR052482	2
198975	MT580897_w1000_s84000	MT580897	2
198980	PQ114736_w1000_s52500	PQ114736	2
198985	OZ196403_w5000_s60000	OZ196403	2
198990	NC_028755_w20000_s150000	NC_028755	2
198991	OZ195879_w20000_s130000	OZ195879	2
198996	NC_048659_w20000_s10000	NC_048659	2
198997	ON809761_w20000_s0	ON809761	2
199005	MW006482_w10000_s65000	MW006482	2
199006	KX349261_w1000_s57500	KX349261	2
199015	KJ603229_w10000_s0	KJ603229	2
199016	NC_054965_w10000_s0	NC_054965	2
199026	NC_048040_w10000_s35000	NC_048040	2
199031	PQ480333_w1000_s158000	PQ480333	2
199049	MT774391_w1000_s79500	MT774391	2
199052	DQ398046_w5000_s32500	DQ398046	2
199056	PP597384_w20000_s110000	PP597384	2
199060	KJ174318_w1000_s125500	KJ174318	2
199063	MW355449_w5000_s17500	MW355449	2
199066	PP993148_w1000_s130000	PP993148	2
199067	KT970645_w1000_s26000	KT970645	2
199069	PP695294_w10000_s215000	PP695294	2
199072	KU927497_w20000_s0	KU927497	2
199092	OZ195889_w10000_s65000	OZ195889	2
199095	NC_008562_w5000_s72500	NC_008562	2
199101	OZ035784_w20000_s60000	OZ035784	2
199102	MN988521_w5000_s77500	MN988521	2
199105	JX163858_w20000_s180000	JX163858	2
199108	MH371109_w5000_s55000	MH371109	2
199145	OP978391_w5000_s145000	OP978391	2
199147	OQ873415_w10000_s15000	OQ873415	2
199176	OZ196701_w2000_s42000	OZ196701	2
199200	ON814136_w2000_s91000	ON814136	2
199206	OR521079_w10000_s30000	OR521079	2
199224	OP172634_w20000_s20000	OP172634	2
199225	LN610584_w10000_s45000	LN610584	2
199233	OL800604_w5000_s37500	OL800604	2
199240	PQ571289_w5000_s140000	PQ571289	2
199244	OP978391_w10000_s55000	OP978391	2
199263	NC_028448_w20000_s10000	NC_028448	2
199275	MN197465_w10000_s95000	MN197465	2
199276	MH746814_w5000_s40000	MH746814	2
199287	JX181825_w20000_s30000	JX181825	2
199319	OR896255_w1000_s33000	OR896255	2
199324	KX349323_w1000_s120500	KX349323	2
199331	NC_028817_w20000_s10000	NC_028817	2
199332	PP554577_w2000_s35000	PP554577	2
199339	NC_041978_w2000_s40000	NC_041978	2
199359	PV029541_w5000_s67500	PV029541	2
199381	MN782535_w2000_s88000	MN782535	2
199394	FJ870917_w5000_s0	FJ870917	2
199401	AF069529_w20000_s10000	AF069529	2
199409	MT310863_w1000_s33500	MT310863	2
199422	MN586017_w10000_s55000	MN586017	2
199429	NC_053011_w10000_s50000	NC_053011	2
199438	AF195902_w10000_s10000	AF195902	2
199454	LN881734_w1000_s32000	LN881734	2
199457	MN270269_w5000_s22500	MN270269	2
199459	OP172726_w5000_s15000	OP172726	2
199467	KT321476_w20000_s100000	KT321476	2
199480	NC_042348_w1000_s13000	NC_042348	2
199481	MK279842_w5000_s22500	MK279842	2
199490	OZ195889_w1000_s24500	OZ195889	2
199500	MT552976_w5000_s127500	MT552976	2
199506	NC_051633_w1000_s23500	NC_051633	2
199511	PV173278_w1000_s33500	PV173278	2
199533	PQ642265_w10000_s40000	PQ642265	2
199546	LC519601_w1000_s35000	LC519601	2
199550	KU686210_w10000_s125000	KU686210	2
199558	AF195902_w10000_s0	AF195902	2
199561	NC_013599_w20000_s10000	NC_013599	2
199564	PP496436_w1000_s107500	PP496436	2
199572	KF183314_w10000_s25000	KF183314	2
199573	MW021758_w5000_s245000	MW021758	2
199580	DQ997624_w1000_s132000	DQ997624	2
199588	OL964735_w5000_s107500	OL964735	2
199591	MG592665_w10000_s20000	MG592665	2
199595	MK279906_w20000_s10000	MK279906	2
199602	KJ019095_w10000_s90000	KJ019095	2
199617	OM386660_w20000_s80000	OM386660	2
199628	PQ114736_w5000_s2500	PQ114736	2
199637	PQ202980_w20000_s20000	PQ202980	2
199638	NC_055882_w10000_s40000	NC_055882	2
199640	NC_009804_w1000_s500	NC_009804	2
199643	OR159667_w5000_s52500	OR159667	2
199651	MW478290_w1000_s20000	MW478290	2
199654	MG945417_w5000_s0	MG945417	2
199655	MN988523_w5000_s77500	MN988523	2
199657	PP212877_w5000_s137500	PP212877	2
199661	MK373799_w2000_s36000	MK373799	2
199662	MK719703_w20000_s40000	MK719703	2
199665	MT074142_w2000_s30000	MT074142	2
199687	MK814756_w5000_s5000	MK814756	2
199692	JX163858_w20000_s50000	JX163858	2
199721	MT074476_w20000_s50000	MT074476	2
199737	MG065654_w1000_s69000	MG065654	2
199738	GU071090_w1000_s11000	GU071090	2
199745	NC_042334_w2000_s2000	NC_042334	2
199746	OP103918_w20000_s0	OP103918	2
199748	NC_016564_w5000_s47500	NC_016564	2
199749	PP885687_w2000_s29000	PP885687	2
199752	OL631484_w10000_s15000	OL631484	2
199755	MW056502_w10000_s20000	MW056502	2
199759	MN709128_w2000_s5000	MN709128	2
199803	KU884563_w2000_s36000	KU884563	2
199835	MN234209_w20000_s20000	MN234209	2
199842	MW419084_w10000_s5000	MW419084	2
199844	OR475284_w1000_s8500	OR475284	2
199858	OK272480_w20000_s0	OK272480	2
199900	OZ196552_w1000_s7000	OZ196552	2
199908	MN270269_w1000_s37500	MN270269	2
199909	NC_051723_w2000_s14000	NC_051723	2
199929	PQ666539_w20000_s20000	PQ666539	2
199932	PQ818762_w10000_s80000	PQ818762	2
199937	KF669663_w20000_s50000	KF669663	2
199943	MG962366_w5000_s7500	MG962366	2
199957	PQ181262_w1000_s24000	PQ181262	2
199960	MT446387_w1000_s75000	MT446387	2
199972	OZ195853_w5000_s0	OZ195853	2
199973	JX163858_w20000_s30000	JX163858	2
199990	NC_021789_w10000_s10000	NC_021789	2
200000	MN850583_w5000_s0	MN850583	2
200023	PQ096439_w5000_s25000	PQ096439	2
200033	NC_054653_w2000_s21000	NC_054653	2
200040	OP867026_w1000_s20500	OP867026	2
200044	MW349129_w20000_s160000	MW349129	2
200067	MH697587_w20000_s50000	MH697587	2
200070	MW325771_w1000_s122500	MW325771	2
200074	NC_021339_w10000_s40000	NC_021339	2
200080	PQ093899_w2000_s27000	PQ093899	2
200092	MG065645_w1000_s10500	MG065645	2
200094	PP496723_w2000_s63000	PP496723	2
200103	ON113167_w20000_s30000	ON113167	2
200111	OK499980_w1000_s101500	OK499980	2
200116	NC_048132_w2000_s45000	NC_048132	2
200129	PQ510734_w20000_s10000	PQ510734	2
200130	KX397373_w10000_s125000	KX397373	2
200147	OL539468_w10000_s190000	OL539468	2
200155	MK327942_w2000_s31000	MK327942	2
200170	JN797797_w1000_s146500	JN797797	2
200176	OR896857_w1000_s48500	OR896857	2
200209	MF158044_w1000_s61000	MF158044	2
200232	KJ019069_w10000_s80000	KJ019069	2
200247	MT325768_w10000_s95000	MT325768	2
200251	MG820632_w5000_s17500	MG820632	2
200255	KF156340_w1000_s96500	KF156340	2
200267	MW822145_w5000_s65000	MW822145	2
200271	ON814134_w1000_s124000	ON814134	2
200274	CP000625_w2000_s17000	CP000625	2
200286	PQ184830_w2000_s11000	PQ184830	2
200309	PQ561402_w1000_s54000	PQ561402	2
200319	MW584155_w1000_s27000	MW584155	2
200352	MW349129_w2000_s107000	MW349129	2
200362	MZ501098_w2000_s48000	MZ501098	2
200377	MH479914_w10000_s5000	MH479914	2
200379	PP978878_w2000_s24000	PP978878	2
200386	OK499992_w5000_s60000	OK499992	2
200402	OX638287_w20000_s0	OX638287	2
200410	KJ019076_w20000_s70000	KJ019076	2
200430	ON602753_w1000_s5500	ON602753	2
200439	OZ196473_w1000_s34500	OZ196473	2
200448	PQ657809_w2000_s1000	PQ657809	2
200452	KU686210_w20000_s130000	KU686210	2
200463	HQ634190_w10000_s20000	HQ634190	2
200475	MN096361_w20000_s20000	MN096361	2
200479	MK448689_w1000_s18500	MK448689	2
200495	JN377895_w5000_s27500	JN377895	2
200506	KT347314_w10000_s10000	KT347314	2
200509	PP883967_w10000_s140000	PP883967	2
200514	KX557273_w2000_s3000	KX557273	2
200518	MN782535_w1000_s28500	MN782535	2
200541	PQ824230_w10000_s70000	PQ824230	2
200549	MN553586_w10000_s0	MN553586	2
200558	ON970570_w10000_s15000	ON970570	2
200561	MW055912_w5000_s20000	MW055912	2
200567	MG592496_w1000_s41000	MG592496	2
200570	MT416090_w10000_s55000	MT416090	2
200586	LR597646_w2000_s7000	LR597646	2
200599	OL539468_w10000_s175000	OL539468	2
200602	JX006077_w1000_s57000	JX006077	2
200606	MN395285_w1000_s42000	MN395285	2
200622	MF288922_w1000_s12000	MF288922	2
200641	NC_008562_w2000_s70000	NC_008562	2
200657	PP444719_w20000_s10000	PP444719	2
200679	KP861230_w20000_s0	KP861230	2
200712	MH791402_w1000_s43500	MH791402	2
200713	MW590223_w5000_s37500	MW590223	2
200719	KJ019069_w5000_s12500	KJ019069	2
200725	PP738798_w20000_s20000	PP738798	2
200735	OM249648_w10000_s170000	OM249648	2
200742	OL455900_w2000_s18000	OL455900	2
200745	KU686197_w1000_s116000	KU686197	2
200753	PP723047_w5000_s77500	PP723047	2
200754	MZ443770_w2000_s252000	MZ443770	2
200758	MW794147_w20000_s70000	MW794147	2
200760	NC_009811_w1000_s80000	NC_009811	2
200774	OZ195964_w1000_s30000	OZ195964	2
200788	OR896260_w10000_s30000	OR896260	2
200795	MF919519_w1000_s8500	MF919519	2
200805	MG765276_w2000_s50000	MG765276	2
200808	KY658677_w5000_s17500	KY658677	2
200811	MG065662_w5000_s87500	MG065662	2
200816	OK076929_w1000_s74000	OK076929	2
200818	NC_015252_w20000_s10000	NC_015252	2
200862	OR640346_w1000_s65500	OR640346	2
200882	NC_073679_w2000_s25000	NC_073679	2
200885	MN218190_w10000_s40000	MN218190	2
200887	PQ741606_w5000_s12500	PQ741606	2
200932	MT863716_w20000_s10000	MT863716	2
200948	KJ858521_w5000_s30000	KJ858521	2
200959	MN850579_w5000_s65000	MN850579	2
200964	MZ501052_w1000_s114000	MZ501052	2
200967	OZ035784_w2000_s34000	OZ035784	2
200975	KX349261_w5000_s70000	KX349261	2
200977	ON970603_w2000_s44000	ON970603	2
200988	LC567831_w2000_s46000	LC567831	2
200990	MW822145_w5000_s95000	MW822145	2
201000	MF036691_w20000_s150000	MF036691	2
201008	OQ970439_w10000_s5000	OQ970439	2
201020	KY499642_w1000_s63000	KY499642	2
201029	MZ475898_w10000_s35000	MZ475898	2
201050	MH992121_w1000_s30500	MH992121	2
201051	LR031359_w2000_s17000	LR031359	2
201055	NC_031932_w5000_s12500	NC_031932	2
201056	OQ721911_w5000_s157500	OQ721911	2
201059	MT074141_w2000_s117000	MT074141	2
201064	OP503988_w1000_s27000	OP503988	2
201081	PP695294_w5000_s192500	PP695294	2
201087	OR424388_w5000_s37500	OR424388	2
201091	MT497087_w2000_s0	MT497087	2
201113	OK539824_w5000_s27500	OK539824	2
201123	MF459646_w10000_s120000	MF459646	2
201136	OP947159_w1000_s41500	OP947159	2
201147	OX241437_w10000_s10000	OX241437	2
201159	OZ195969_w1000_s110000	OZ195969	2
201167	PQ039555_w5000_s7500	PQ039555	2
201170	KU998245_w1000_s39000	KU998245	2
201182	NC_050152_w20000_s20000	NC_050152	2
201210	MG748547_w10000_s95000	MG748547	2
201212	MH431931_w2000_s22000	MH431931	2
201222	MN812207_w2000_s13000	MN812207	2
201239	OQ817842_w1000_s5500	OQ817842	2
201246	MK510989_w10000_s15000	MK510989	2
201278	KJ410134_w2000_s3000	KJ410134	2
201288	MK804891_w10000_s20000	MK804891	2
201290	MG592590_w2000_s30000	MG592590	2
201292	MW812339_w1000_s139000	MW812339	2
201303	KY951964_w1000_s17500	KY951964	2
201306	NC_055847_w5000_s102500	NC_055847	2
201310	LC616033_w2000_s18000	LC616033	2
201316	ON981384_w2000_s36000	ON981384	2
201336	NC_054924_w5000_s162500	NC_054924	2
201341	OM386660_w10000_s70000	OM386660	2
201353	MZ501046_w5000_s160000	MZ501046	2
201357	OP617748_w20000_s110000	OP617748	2
201373	MT080600_w20000_s30000	MT080600	2
201374	MT596502_w5000_s65000	MT596502	2
201378	MW822145_w10000_s70000	MW822145	2
201383	OR125554_w1000_s126500	OR125554	2
201388	OL780484_w10000_s25000	OL780484	2
201392	KC900379_w1000_s29500	KC900379	2
201403	KX349318_w20000_s80000	KX349318	2
201408	ON970592_w2000_s32000	ON970592	2
201412	ON190024_w1000_s205500	ON190024	2
201416	MK310226_w1000_s51000	MK310226	2
201425	OZ196720_w5000_s30000	OZ196720	2
201433	KX349247_w2000_s44000	KX349247	2
201465	OZ196403_w2000_s61000	OZ196403	2
201474	MK005300_w1000_s66000	MK005300	2
201483	MN270272_w2000_s38000	MN270272	2
201492	NC_022065_w1000_s9500	NC_022065	2
201495	KY705259_w10000_s0	KY705259	2
201503	NC_028679_w2000_s3000	NC_028679	2
201509	PQ309151_w20000_s120000	PQ309151	2
201510	NC_042003_w2000_s30000	NC_042003	2
201539	MN337573_w10000_s15000	MN337573	2
201557	OM835951_w20000_s10000	OM835951	2
201564	NC_019419_w5000_s7500	NC_019419	2
201568	PQ287319_w2000_s26000	PQ287319	2
201580	MK719749_w10000_s40000	MK719749	2
201596	NC_023704_w2000_s40000	NC_023704	2
201604	OZ196679_w20000_s70000	OZ196679	2
201670	OR846725_w20000_s0	OR846725	2
201677	OK143207_w20000_s30000	OK143207	2
201680	OL656108_w20000_s40000	OL656108	2
201681	JN699625_w10000_s30000	JN699625	2
201692	MZ955866_w10000_s5000	MZ955866	2
201697	OK275493_w2000_s26000	OK275493	2
201698	OR475271_w2000_s60000	OR475271	2
201702	LC644974_w5000_s30000	LC644974	2
201727	NC_071045_w2000_s3000	NC_071045	2
201739	MW021757_w2000_s15000	MW021757	2
201773	OM908766_w5000_s40000	OM908766	2
201785	OR539220_w10000_s125000	OR539220	2
201796	OQ291079_w2000_s1000	OQ291079	2
201804	KP869107_w1000_s17500	KP869107	2
201810	OQ599309_w2000_s126000	OQ599309	2
201813	ON170241_w2000_s29000	ON170241	2
201835	ON716453_w5000_s45000	ON716453	2
201837	MZ820085_w20000_s120000	MZ820085	2
201870	MH791402_w1000_s37500	MH791402	2
201892	NC_001835_w1000_s22000	NC_001835	2
201905	OP172652_w1000_s18500	OP172652	2
201909	NC_025429_w20000_s40000	NC_025429	2
201935	MK907231_w10000_s30000	MK907231	2
201952	NC_071146_w5000_s25000	NC_071146	2
201959	KX557279_w20000_s0	KX557279	2
201964	KY554774_w5000_s52500	KY554774	2
201966	KT319620_w2000_s7000	KT319620	2
201972	MH576958_w20000_s20000	MH576958	2
201977	OQ884028_w1000_s26500	OQ884028	2
201995	NC_055817_w20000_s10000	NC_055817	2
202012	MF975721_w10000_s25000	MF975721	2
202014	NC_018843_w2000_s21000	NC_018843	2
202015	OZ196174_w5000_s15000	OZ196174	2
202019	NC_029073_w10000_s110000	NC_029073	2
202048	OR475271_w2000_s66000	OR475271	2
202049	MK524493_w1000_s18500	MK524493	2
202053	AP008983_w2000_s177000	AP008983	2
202076	NC_005091_w20000_s0	NC_005091	2
202106	PQ657809_w5000_s50000	PQ657809	2
202156	NC_048754_w5000_s15000	NC_048754	2
202171	MW202796_w2000_s30000	MW202796	2
202176	OK085710_w2000_s31000	OK085710	2
202201	OP251154_w5000_s10000	OP251154	2
202206	NC_009904_w1000_s94500	NC_009904	2
202223	OR067835_w20000_s10000	OR067835	2
202228	MN807250_w5000_s7500	MN807250	2
202230	NC_025437_w2000_s73000	NC_025437	2
202233	MK719749_w2000_s45000	MK719749	2
202236	OK340822_w20000_s60000	OK340822	2
202245	KY316062_w5000_s22500	KY316062	2
202256	MT771341_w5000_s37500	MT771341	2
202263	MH051248_w10000_s5000	MH051248	2
202277	MF158046_w1000_s21000	MF158046	2
202288	NC_070951_w2000_s63000	NC_070951	2
202305	OR844767_w20000_s10000	OR844767	2
202318	MT732432_w1000_s70000	MT732432	2
202353	KJ019128_w5000_s115000	KJ019128	2
202357	NC_009904_w1000_s81500	NC_009904	2
202361	PQ039555_w5000_s0	PQ039555	2
202367	NC_070945_w1000_s8500	NC_070945	2
202399	NC_021327_w2000_s37000	NC_021327	2
202416	NC_031257_w1000_s9500	NC_031257	2
202429	MH078572_w5000_s72500	MH078572	2
202441	OZ196335_w5000_s32500	OZ196335	2
202455	LR794151_w5000_s12500	LR794151	2
202458	OL539446_w5000_s22500	OL539446	2
202461	KT438500_w5000_s7500	KT438500	2
202464	KU886223_w10000_s50000	KU886223	2
202480	PP554579_w10000_s25000	PP554579	2
202489	MN901520_w1000_s31000	MN901520	2
202499	AP008983_w2000_s29000	AP008983	2
202502	OQ223305_w2000_s148000	OQ223305	2
202505	OP297178_w5000_s62500	OP297178	2
202508	OR983333_w5000_s20000	OR983333	2
202512	MT310884_w5000_s37500	MT310884	2
202513	NC_031001_w20000_s20000	NC_031001	2
202520	MW349129_w10000_s5000	MW349129	2
202536	MW269554_w1000_s37000	MW269554	2
202539	NC_021806_w5000_s22500	NC_021806	2
202554	KX349261_w2000_s107000	KX349261	2
202557	NC_062736_w5000_s55000	NC_062736	2
202558	PP695294_w2000_s182000	PP695294	2
202604	JN882298_w1000_s23000	JN882298	2
202633	PP496415_w10000_s70000	PP496415	2
202637	NC_028962_w10000_s15000	NC_028962	2
202639	OZ196557_w5000_s22500	OZ196557	2
202641	MT074475_w1000_s72500	MT074475	2
202660	OZ196095_w2000_s37000	OZ196095	2
202675	PQ362665_w5000_s5000	PQ362665	2
202686	ON170184_w2000_s43000	ON170184	2
202696	MZ622164_w20000_s0	MZ622164	2
202706	AF424781_w10000_s30000	AF424781	2
202722	PP977459_w10000_s65000	PP977459	2
202737	OM728302_w1000_s58000	OM728302	2
202747	OK149215_w1000_s14000	OK149215	2
202756	NC_055799_w1000_s30000	NC_055799	2
202759	PP978878_w1000_s15500	PP978878	2
202762	LR595873_w5000_s0	LR595873	2
202764	MH299806_w10000_s5000	MH299806	2
202782	MN562221_w1000_s160500	MN562221	2
202783	MF036691_w1000_s142500	MF036691	2
202800	MK448886_w2000_s28000	MK448886	2
202805	OR983333_w10000_s35000	OR983333	2
202816	MT497274_w20000_s10000	MT497274	2
202821	NC_047729_w1000_s96000	NC_047729	2
202831	MF668282_w2000_s35000	MF668282	2
202856	LC519601_w5000_s35000	LC519601	2
202870	PP856728_w20000_s0	PP856728	2
202877	NC_021349_w10000_s30000	NC_021349	2
202890	NC_008562_w5000_s17500	NC_008562	2
202891	MK448669_w5000_s27500	MK448669	2
202901	MT658804_w5000_s7500	MT658804	2
202909	MH727546_w2000_s15000	MH727546	2
202926	MT074141_w1000_s122500	MT074141	2
202929	MN988523_w1000_s22000	MN988523	2
202932	KF192075_w2000_s65000	KF192075	2
202939	KU197013_w2000_s2000	KU197013	2
202954	NC_016567_w2000_s31000	NC_016567	2
202978	NC_054937_w1000_s160500	NC_054937	2
202980	OQ680481_w2000_s75000	OQ680481	2
202985	OR575929_w20000_s120000	OR575929	2
202993	MN027503_w2000_s34000	MN027503	2
202996	ON637170_w20000_s40000	ON637170	2
202998	NC_054910_w10000_s5000	NC_054910	2
203005	EU826467_w5000_s32500	EU826467	2
203031	PQ819472_w2000_s70000	PQ819472	2
203034	KF006818_w20000_s50000	KF006818	2
203039	NC_031061_w5000_s10000	NC_031061	2
203054	OZ196117_w20000_s30000	OZ196117	2
203055	NC_070951_w20000_s120000	NC_070951	2
203071	PP496414_w20000_s10000	PP496414	2
203078	ON881243_w20000_s90000	ON881243	2
203098	LR535921_w2000_s56000	LR535921	2
203107	NC_021335_w20000_s40000	NC_021335	2
203119	MT585310_w20000_s20000	MT585310	2
203135	KX657796_w1000_s47000	KX657796	2
203137	MW464860_w1000_s11000	MW464860	2
203138	PP531540_w10000_s85000	PP531540	2
203145	KU998245_w1000_s40000	KU998245	2
203146	LC727888_w2000_s25000	LC727888	2
203154	NC_055869_w5000_s37500	NC_055869	2
203158	OX241573_w10000_s10000	OX241573	2
203161	MH576958_w2000_s62000	MH576958	2
203170	OP422637_w1000_s6000	OP422637	2
203173	JN831653_w5000_s0	JN831653	2
203187	NC_070777_w20000_s90000	NC_070777	2
203215	OR532828_w2000_s34000	OR532828	2
203229	NC_048770_w1000_s80000	NC_048770	2
203240	JQ809703_w5000_s15000	JQ809703	2
203259	NC_073623_w1000_s41500	NC_073623	2
203273	MG925345_w1000_s1500	MG925345	2
203276	OR822025_w5000_s17500	OR822025	2
203281	OV298628_w10000_s20000	OV298628	2
203283	MK610268_w20000_s20000	MK610268	2
203292	NC_021787_w5000_s40000	NC_021787	2
203294	MG973030_w1000_s25500	MG973030	2
203296	MK279898_w20000_s20000	MK279898	2
203307	ON814136_w2000_s128000	ON814136	2
203311	OQ446486_w10000_s20000	OQ446486	2
203338	NC_048195_w5000_s60000	NC_048195	2
203355	OZ196887_w5000_s85000	OZ196887	2
203364	MW546067_w10000_s130000	MW546067	2
203370	MW824434_w1000_s42500	MW824434	2
203389	MT897903_w10000_s10000	MT897903	2
203392	MZ501102_w10000_s10000	MZ501102	2
203393	PP454752_w20000_s20000	PP454752	2
203399	JQ312117_w1000_s7500	JQ312117	2
203401	MF448559_w1000_s25000	MF448559	2
203403	LN610581_w10000_s5000	LN610581	2
203406	OQ721911_w1000_s28500	OQ721911	2
203431	NC_062739_w2000_s27000	NC_062739	2
203434	PP993148_w20000_s140000	PP993148	2
203437	KU599879_w20000_s10000	KU599879	2
203460	OQ401624_w1000_s48500	OQ401624	2
203473	OQ860986_w2000_s13000	OQ860986	2
203489	OP352124_w1000_s108500	OP352124	2
203490	MW629017_w20000_s130000	MW629017	2
203494	PP496436_w20000_s20000	PP496436	2
203497	KX349270_w1000_s159500	KX349270	2
203519	KJ829260_w2000_s57000	KJ829260	2
203522	OZ035815_w1000_s17500	OZ035815	2
203529	PP454754_w10000_s10000	PP454754	2
203533	JN698999_w1000_s4500	JN698999	2
203604	LC519601_w2000_s30000	LC519601	2
203609	NC_041980_w5000_s50000	NC_041980	2
203619	NC_014635_w20000_s0	NC_014635	2
203639	MT234338_w5000_s25000	MT234338	2
203641	KM983333_w2000_s9000	KM983333	2
203642	OP978391_w2000_s52000	OP978391	2
203664	KF669663_w5000_s57500	KF669663	2
203667	MZ826345_w10000_s25000	MZ826345	2
203671	MH571750_w5000_s37500	MH571750	2
203693	OZ195969_w10000_s0	OZ195969	2
203700	KJ003983_w1000_s83000	KJ003983	2
203701	JX181825_w20000_s10000	JX181825	2
203704	MW584183_w1000_s1000	MW584183	2
203725	OK143207_w2000_s45000	OK143207	2
203727	MT682710_w1000_s60000	MT682710	2
203738	MK005300_w1000_s69000	MK005300	2
203744	OP067662_w1000_s28500	OP067662	2
203752	KX397373_w1000_s174000	KX397373	2
203768	OM203156_w10000_s40000	OM203156	2
203769	MZ420150_w2000_s145000	MZ420150	2
203775	NC_048013_w5000_s15000	NC_048013	2
203802	OR640346_w1000_s16000	OR640346	2
203804	KF669661_w5000_s12500	KF669661	2
203832	AP012540_w2000_s47000	AP012540	2
203834	NC_055817_w10000_s25000	NC_055817	2
203836	MN270269_w5000_s42500	MN270269	2
203864	MN038176_w10000_s145000	MN038176	2
203880	MW794147_w10000_s40000	MW794147	2
203881	NC_010324_w5000_s15000	NC_010324	2
203886	OZ196365_w2000_s18000	OZ196365	2
203887	LC727699_w2000_s169000	LC727699	2
203894	OP617748_w1000_s50500	OP617748	2
203903	NC_024789_w10000_s35000	NC_024789	2
203908	KX397371_w20000_s50000	KX397371	2
203925	OL539468_w10000_s150000	OL539468	2
203929	LC567820_w1000_s86000	LC567820	2
203930	MK279881_w2000_s9000	MK279881	2
203933	EU826467_w2000_s34000	EU826467	2
203943	JQ287645_w5000_s37500	JQ287645	2
203972	NC_021784_w2000_s29000	NC_021784	2
203973	KU963253_w10000_s20000	KU963253	2
203982	MK279883_w20000_s30000	MK279883	2
203984	NC_009804_w1000_s22000	NC_009804	2
203992	AF064539_w20000_s0	AF064539	2
204039	ON075799_w20000_s80000	ON075799	2
204049	NC_027361_w1000_s10500	NC_027361	2
204055	KF623294_w10000_s175000	KF623294	2
204057	NC_000924_w20000_s10000	NC_000924	2
204078	OM982621_w2000_s162000	OM982621	2
204097	KX452695_w20000_s50000	KX452695	2
204101	LC567820_w2000_s65000	LC567820	2
204103	MT863716_w10000_s35000	MT863716	2
204105	AY954953_w1000_s32000	AY954953	2
204113	NC_048851_w1000_s74500	NC_048851	2
204116	OR896831_w1000_s10000	OR896831	2
204124	MN988521_w20000_s60000	MN988521	2
204133	MK907231_w10000_s10000	MK907231	2
204170	KJ019049_w5000_s7500	KJ019049	2
204190	KF156340_w2000_s128000	KF156340	2
204201	MT675124_w10000_s30000	MT675124	2
204220	MH045559_w1000_s28000	MH045559	2
204231	LC727699_w10000_s150000	LC727699	2
204244	MN062712_w1000_s9000	MN062712	2
204247	NC_071045_w5000_s137500	NC_071045	2
204248	OR545057_w5000_s27500	OR545057	2
204257	NC_022065_w10000_s5000	NC_022065	2
204271	KJ019162_w10000_s105000	KJ019162	2
204272	MT732470_w20000_s0	MT732470	2
204293	MK756084_w10000_s15000	MK756084	2
204299	PP541513_w20000_s60000	PP541513	2
204301	OM835951_w1000_s56500	OM835951	2
204304	KJ019041_w1000_s127500	KJ019041	2
204318	MW314854_w20000_s0	MW314854	2
204326	OZ196147_w10000_s15000	OZ196147	2
204332	PP725417_w10000_s5000	PP725417	2
204336	MW056502_w5000_s35000	MW056502	2
204367	LC805022_w20000_s0	LC805022	2
204376	OK040789_w10000_s80000	OK040789	2
204377	AY027935_w1000_s27000	AY027935	2
204379	MT118292_w5000_s35000	MT118292	2
204380	NC_023744_w1000_s23000	NC_023744	2
204382	PP429226_w10000_s35000	PP429226	2
204387	PQ768829_w2000_s18000	PQ768829	2
204390	PP848854_w5000_s7500	PP848854	2
204396	KU998252_w20000_s60000	KU998252	2
204419	OZ196039_w10000_s20000	OZ196039	2
204430	NC_054808_w5000_s5000	NC_054808	2
204432	OP272493_w2000_s8000	OP272493	2
204438	PQ181262_w2000_s43000	PQ181262	2
204439	PP750866_w1000_s27000	PP750866	2
204462	KR997934_w2000_s44000	KR997934	2
204463	MF805809_w1000_s81000	MF805809	2
204465	KR935216_w2000_s0	KR935216	2
204469	OR159667_w20000_s0	OR159667	2
204473	NC_028676_w1000_s15500	NC_028676	2
204474	MF490239_w1000_s13000	MF490239	2
204513	KP881232_w10000_s85000	KP881232	2
204539	OM194189_w10000_s30000	OM194189	2
204550	FM887021_w10000_s15000	FM887021	2
204555	LR031359_w2000_s33000	LR031359	2
204577	MK016496_w1000_s31000	MK016496	2
204581	ON970603_w20000_s30000	ON970603	2
204582	LR800396_w5000_s20000	LR800396	2
204589	ON755186_w10000_s45000	ON755186	2
204601	OQ221544_w2000_s52000	OQ221544	2
204609	MW042807_w1000_s13000	MW042807	2
204619	KU985092_w1000_s3000	KU985092	2
204634	OY720014_w2000_s57000	OY720014	2
204637	OK583892_w2000_s8000	OK583892	2
204651	MK770414_w10000_s5000	MK770414	2
204652	OX335403_w20000_s10000	OX335403	2
204673	MW419086_w1000_s82000	MW419086	2
204677	PQ666539_w1000_s49500	PQ666539	2
204681	OY720021_w20000_s110000	OY720021	2
204688	PQ006516_w1000_s0	PQ006516	2
204694	KR296689_w2000_s38000	KR296689	2
204696	NC_021348_w10000_s80000	NC_021348	2
204697	NC_023570_w20000_s0	NC_023570	2
204700	PQ516283_w5000_s27500	PQ516283	2
204717	PP695294_w1000_s238000	PP695294	2
204735	OR584013_w1000_s25500	OR584013	2
204741	OR475284_w5000_s17500	OR475284	2
204747	KT373978_w10000_s20000	KT373978	2
204748	PP885687_w2000_s42000	PP885687	2
204750	OZ196444_w10000_s95000	OZ196444	2
204761	PP841127_w5000_s35000	PP841127	2
204764	EU570103_w2000_s20000	EU570103	2
204767	KY779849_w10000_s130000	KY779849	2
204771	OM249648_w10000_s150000	OM249648	2
204775	CAKLQH020000051_w2000_s5000	CAKLQH020000051	2
204779	OQ622005_w5000_s32500	OQ622005	2
204783	MT074458_w20000_s0	MT074458	2
204790	MZ326860_w5000_s15000	MZ326860	2
204801	DQ466086_w1000_s0	DQ466086	2
204822	MN782535_w10000_s110000	MN782535	2
204837	NC_047715_w20000_s20000	NC_047715	2
204838	AY954953_w2000_s14000	AY954953	2
204842	MF459646_w20000_s50000	MF459646	2
204852	MH153799_w20000_s0	MH153799	2
204854	MW021749_w2000_s74000	MW021749	2
204868	NC_048084_w5000_s117500	NC_048084	2
204875	NC_091964_w2000_s60000	NC_091964	2
204887	OQ291031_w2000_s87000	OQ291031	2
204895	MH319737_w2000_s13000	MH319737	2
204901	MK448772_w20000_s20000	MK448772	2
204938	OZ196288_w20000_s20000	OZ196288	2
204940	OQ466432_w10000_s145000	OQ466432	2
204948	MN813051_w20000_s50000	MN813051	2
204951	MK373778_w1000_s67500	MK373778	2
204954	MN895434_w5000_s72500	MN895434	2
204956	MN038176_w5000_s45000	MN038176	2
204964	PP582180_w10000_s80000	PP582180	2
204980	PP885687_w5000_s60000	PP885687	2
204992	MK719703_w5000_s27500	MK719703	2
205003	MZ501265_w20000_s100000	MZ501265	2
205005	NC_031029_w10000_s15000	NC_031029	2
205006	KM652554_w10000_s100000	KM652554	2
205026	OX335405_w10000_s70000	OX335405	2
205037	MG962366_w1000_s125500	MG962366	2
205052	KX397373_w2000_s132000	KX397373	2
205059	NC_025115_w10000_s30000	NC_025115	2
205073	OZ196227_w10000_s145000	OZ196227	2
205082	NC_041923_w20000_s30000	NC_041923	2
205086	OZ035850_w10000_s120000	OZ035850	2
205093	MW055904_w10000_s5000	MW055904	2
205099	NC_051723_w10000_s25000	NC_051723	2
205112	KT184309_w2000_s144000	KT184309	2
205119	KX452695_w1000_s118500	KX452695	2
205123	CP069348_w2000_s17000	CP069348	2
205126	NC_073086_w5000_s5000	NC_073086	2
205160	PQ533658_w1000_s63500	PQ533658	2
205172	ON042478_w2000_s97000	ON042478	2
205184	NC_048644_w5000_s5000	NC_048644	2
205192	ON470608_w2000_s39000	ON470608	2
205201	MK279888_w2000_s62000	MK279888	2
205208	MZ005676_w5000_s7500	MZ005676	2
205216	OQ466432_w10000_s15000	OQ466432	2
205218	PP537960_w20000_s30000	PP537960	2
205231	KY979241_w20000_s10000	KY979241	2
205232	PP738775_w20000_s80000	PP738775	2
205255	NC_019456_w10000_s5000	NC_019456	2
205281	LC616070_w1000_s44000	LC616070	2
205285	NC_026923_w5000_s20000	NC_026923	2
205287	PQ819472_w5000_s10000	PQ819472	2
205290	MK907231_w10000_s20000	MK907231	2
205300	PP442062_w20000_s0	PP442062	2
205322	MK112548_w10000_s90000	MK112548	2
205323	NC_018281_w5000_s10000	NC_018281	2
205334	NC_041912_w10000_s20000	NC_041912	2
205336	OZ035734_w1000_s2500	OZ035734	2
205358	NC_028679_w2000_s26000	NC_028679	2
205379	KM925136_w1000_s1000	KM925136	2
205395	PP579742_w2000_s95000	PP579742	2
205396	PP856727_w10000_s15000	PP856727	2
205421	KC801932_w1000_s50500	KC801932	2
205450	OR148984_w5000_s17500	OR148984	2
205453	MK524486_w1000_s26000	MK524486	2
205458	OL539454_w20000_s30000	OL539454	2
205467	ON724011_w10000_s30000	ON724011	2
205468	PQ244014_w5000_s0	PQ244014	2
205473	MH937501_w10000_s20000	MH937501	2
205476	LN881734_w5000_s67500	LN881734	2
205485	OP172809_w10000_s20000	OP172809	2
205487	OV877085_w20000_s40000	OV877085	2
205501	NC_055783_w20000_s50000	NC_055783	2
205506	OR521066_w1000_s43500	OR521066	2
205521	NC_000924_w2000_s15000	NC_000924	2
205546	NC_003356_w20000_s20000	NC_003356	2
205553	MN508618_w20000_s70000	MN508618	2
205574	LC788709_w10000_s5000	LC788709	2
205588	KJ628499_w2000_s71000	KJ628499	2
205591	MK373778_w10000_s0	MK373778	2
205592	KY385384_w10000_s15000	KY385384	2
205594	LR535921_w10000_s120000	LR535921	2
205600	OR608735_w5000_s185000	OR608735	2
205615	NC_054910_w20000_s30000	NC_054910	2
205630	OR424388_w10000_s75000	OR424388	2
205648	OR712157_w1000_s88000	OR712157	2
205666	OR553913_w2000_s38000	OR553913	2
205667	MK967392_w1000_s16500	MK967392	2
205672	NC_003288_w20000_s0	NC_003288	2
205673	OZ196096_w5000_s97500	OZ196096	2
205678	MH697587_w10000_s45000	MH697587	2
205680	NC_007610_w20000_s90000	NC_007610	2
205683	PP496433_w1000_s14000	PP496433	2
205684	MN929097_w20000_s20000	MN929097	2
205699	KX011028_w20000_s50000	KX011028	2
205703	AB016282_w2000_s24000	AB016282	2
205707	MN043729_w5000_s2500	MN043729	2
205719	OQ653963_w20000_s20000	OQ653963	2
205726	AJ888457_w2000_s9000	AJ888457	2
205729	OP380601_w2000_s154000	OP380601	2
205760	OQ709198_w1000_s43500	OQ709198	2
205802	NC_054716_w20000_s20000	NC_054716	2
205803	KU599879_w20000_s0	KU599879	2
205811	KT124228_w2000_s36000	KT124228	2
205816	KX397371_w2000_s227000	KX397371	2
205817	ON814134_w20000_s20000	ON814134	2
205819	MZ322011_w2000_s10000	MZ322011	2
205821	MZ669808_w20000_s30000	MZ669808	2
205830	KU716095_w10000_s30000	KU716095	2
205839	MK972689_w1000_s2000	MK972689	2
205851	MG770213_w10000_s0	MG770213	2
205860	OZ195975_w2000_s99000	OZ195975	2
205867	MK433274_w1000_s44500	MK433274	2
205877	NC_026017_w10000_s30000	NC_026017	2
205897	OK483201_w20000_s40000	OK483201	2
205905	MH651171_w5000_s20000	MH651171	2
205910	JQ086369_w1000_s27500	JQ086369	2
205911	JQ809703_w20000_s10000	JQ809703	2
205923	KX349270_w2000_s133000	KX349270	2
205933	MH920362_w10000_s45000	MH920362	2
205937	KJ603229_w10000_s30000	KJ603229	2
205948	MZ398241_w2000_s18000	MZ398241	2
205971	OZ196473_w1000_s77500	OZ196473	2
205976	NC_048084_w1000_s49000	NC_048084	2
205981	MW584175_w2000_s31000	MW584175	2
205989	AF085222_w5000_s17500	AF085222	2
205991	MF158046_w10000_s120000	MF158046	2
205993	MZ501099_w20000_s20000	MZ501099	2
206004	KJ019105_w20000_s30000	KJ019105	2
206008	OZ035773_w10000_s10000	OZ035773	2
206010	NC_024142_w20000_s20000	NC_024142	2
206032	NC_023610_w2000_s152000	NC_023610	2
206037	MG018928_w1000_s20500	MG018928	2
206043	PV173766_w10000_s0	PV173766	2
206044	PP400782_w10000_s40000	PP400782	2
206060	NC_022339_w10000_s15000	NC_022339	2
206077	OR896342_w1000_s17500	OR896342	2
206121	NC_053505_w1000_s67500	NC_053505	2
206128	MZ375249_w10000_s25000	MZ375249	2
206131	LC483177_w1000_s91000	LC483177	2
206144	OZ195913_w10000_s75000	OZ195913	2
206156	NC_011222_w1000_s1500	NC_011222	2
206159	MG592470_w10000_s20000	MG592470	2
206163	NC_047822_w1000_s105500	NC_047822	2
206175	PQ480333_w20000_s20000	PQ480333	2
206179	NC_030953_w20000_s70000	NC_030953	2
206195	MK511005_w2000_s6000	MK511005	2
206212	KX349261_w5000_s97500	KX349261	2
206225	NC_020877_w5000_s60000	NC_020877	2
206255	MT682710_w5000_s145000	MT682710	2
206290	MK095198_w5000_s15000	MK095198	2
206301	ON548418_w1000_s132000	ON548418	2
206325	NC_031226_w1000_s31500	NC_031226	2
206339	MN508618_w5000_s30000	MN508618	2
206385	OZ195913_w2000_s59000	OZ195913	2
206407	KJ489402_w5000_s87500	KJ489402	2
206415	MK279906_w1000_s52000	MK279906	2
206420	PP514361_w10000_s30000	PP514361	2
206459	PQ166232_w2000_s39000	PQ166232	2
206464	NC_027293_w1000_s72500	NC_027293	2
206469	KT870145_w2000_s78000	KT870145	2
206475	OL770107_w5000_s7500	OL770107	2
206490	NC_021063_w1000_s14500	NC_021063	2
206495	KR296689_w5000_s22500	KR296689	2
206496	MT639649_w1000_s2500	MT639649	2
206497	JN699625_w10000_s130000	JN699625	2
206505	PP028463_w20000_s10000	PP028463	2
206521	JN712910_w10000_s70000	JN712910	2
206522	MF805809_w5000_s132500	MF805809	2
206544	NC_026017_w1000_s1000	NC_026017	2
206563	OM033135_w1000_s9500	OM033135	2
206565	OZ196868_w10000_s75000	OZ196868	2
206589	NC_041867_w5000_s10000	NC_041867	2
206591	MT723935_w10000_s25000	MT723935	2
206599	MT374853_w2000_s22000	MT374853	2
206601	MN043729_w10000_s10000	MN043729	2
206617	LC744188_w1000_s28000	LC744188	2
206624	OQ999401_w5000_s42500	OQ999401	2
206629	OL741432_w1000_s120500	OL741432	2
206632	PP883967_w10000_s20000	PP883967	2
206638	MH299806_w20000_s20000	MH299806	2
206656	NC_048754_w10000_s20000	NC_048754	2
206657	MK433274_w10000_s35000	MK433274	2
206661	OP867026_w20000_s20000	OP867026	2
206686	OR896843_w2000_s103000	OR896843	2
206688	OQ504984_w1000_s134500	OQ504984	2
206691	PP695294_w10000_s230000	PP695294	2
206697	MW021758_w20000_s130000	MW021758	2
206708	MG592659_w1000_s26500	MG592659	2
206714	ON602760_w1000_s42500	ON602760	2
206724	NC_031007_w1000_s7500	NC_031007	2
206725	NC_049944_w5000_s15000	NC_049944	2
206732	MT310868_w10000_s20000	MT310868	2
206742	MT074137_w10000_s140000	MT074137	2
206774	OK076929_w5000_s40000	OK076929	2
206789	JX486087_w10000_s20000	JX486087	2
206791	MH746814_w5000_s87500	MH746814	2
206795	OZ196125_w1000_s12500	OZ196125	2
206808	PP442062_w1000_s34500	PP442062	2
206812	NC_030920_w10000_s10000	NC_030920	2
206822	KJ019105_w2000_s17000	KJ019105	2
206823	MT496971_w10000_s35000	MT496971	2
206859	MF324908_w20000_s20000	MF324908	2
206867	NC_073374_w1000_s37500	NC_073374	2
206895	LR535921_w20000_s0	LR535921	2
206908	MN592897_w1000_s32000	MN592897	2
206909	KT365399_w5000_s30000	KT365399	2
206910	MT828552_w20000_s50000	MT828552	2
206918	ON529864_w2000_s76000	ON529864	2
206924	NC_047729_w10000_s50000	NC_047729	2
206925	OM912978_w10000_s105000	OM912978	2
206941	KJ019095_w5000_s165000	KJ019095	2
206944	MW353175_w20000_s70000	MW353175	2
206967	PP723048_w2000_s117000	PP723048	2
206973	MW021757_w1000_s143500	MW021757	2
206982	MN782535_w20000_s130000	MN782535	2
206984	PQ362665_w5000_s35000	PQ362665	2
206999	NC_028744_w10000_s35000	NC_028744	2
207007	NC_015294_w20000_s30000	NC_015294	2
207014	NC_027342_w20000_s0	NC_027342	2
207031	PQ356295_w10000_s45000	PQ356295	2
207039	MW394390_w20000_s80000	MW394390	2
207040	OM912978_w5000_s2500	OM912978	2
207047	OZ196570_w5000_s10000	OZ196570	2
207074	MW629017_w2000_s37000	MW629017	2
207081	MW421579_w5000_s40000	MW421579	2
207097	OQ378934_w5000_s32500	OQ378934	2
207115	MK005300_w1000_s33500	MK005300	2
207116	MT446395_w2000_s41000	MT446395	2
207149	AF489521_w5000_s20000	AF489521	2
207173	MH719195_w20000_s10000	MH719195	2
207185	NC_042003_w5000_s5000	NC_042003	2
207189	JX006077_w2000_s74000	JX006077	2
207200	NC_042016_w2000_s49000	NC_042016	2
207204	NC_015210_w5000_s15000	NC_015210	2
207213	ON456339_w5000_s15000	ON456339	2
207218	OQ223305_w1000_s123500	OQ223305	2
207223	KX452695_w2000_s112000	KX452695	2
207249	MN428065_w20000_s80000	MN428065	2
207252	NC_030920_w20000_s70000	NC_030920	2
207265	MT310868_w1000_s27500	MT310868	2
207271	MW862982_w2000_s43000	MW862982	2
207277	MN812207_w20000_s0	MN812207	2
207281	MF374379_w2000_s28000	MF374379	2
207297	PV029541_w20000_s20000	PV029541	2
207315	MN988523_w20000_s150000	MN988523	2
207318	JQ686190_w1000_s8000	JQ686190	2
207323	ON970603_w10000_s15000	ON970603	2
207326	KM677211_w10000_s45000	KM677211	2
207350	OZ196163_w5000_s20000	OZ196163	2
207359	KR347354_w10000_s10000	KR347354	2
207361	OQ627808_w10000_s25000	OQ627808	2
207366	DQ222851_w5000_s7500	DQ222851	2
207367	NC_041993_w2000_s53000	NC_041993	2
207371	OR261031_w2000_s30000	OR261031	2
207381	OM982621_w20000_s110000	OM982621	2
207392	OQ378934_w1000_s107000	OQ378934	2
207411	OP380601_w5000_s205000	OP380601	2
207412	LC727889_w10000_s25000	LC727889	2
207413	OZ195889_w2000_s16000	OZ195889	2
207418	MT799840_w20000_s200000	MT799840	2
207436	NC_091964_w1000_s189500	NC_091964	2
207449	MT104122_w20000_s20000	MT104122	2
207464	MH316562_w1000_s21000	MH316562	2
207466	MN850633_w5000_s52500	MN850633	2
207481	NC_053235_w5000_s20000	NC_053235	2
207514	MH316562_w2000_s32000	MH316562	2
207540	MT074462_w2000_s24000	MT074462	2
207560	MZ501098_w2000_s90000	MZ501098	2
207563	NC_049402_w20000_s0	NC_049402	2
207566	OR352949_w10000_s140000	OR352949	2
207574	OQ680481_w10000_s25000	OQ680481	2
207594	OP067662_w1000_s23500	OP067662	2
207605	NC_028659_w5000_s77500	NC_028659	2
207612	KP793113_w20000_s10000	KP793113	2
207633	MH926058_w20000_s20000	MH926058	2
207635	PQ782953_w1000_s16000	PQ782953	2
207647	MH553563_w20000_s10000	MH553563	2
207649	NC_047996_w5000_s10000	NC_047996	2
207659	KX160206_w2000_s22000	KX160206	2
207662	MT491205_w10000_s40000	MT491205	2
207664	MW353175_w2000_s152000	MW353175	2
207666	NC_048818_w1000_s81500	NC_048818	2
207668	NC_042025_w1000_s2500	NC_042025	2
207691	MK511060_w1000_s16500	MK511060	2
207692	MN812216_w10000_s10000	MN812216	2
207724	MF374379_w2000_s16000	MF374379	2
207726	OR453399_w1000_s36500	OR453399	2
207741	NC_074632_w2000_s1000	NC_074632	2
207742	MF001361_w20000_s100000	MF001361	2
207743	OR779980_w5000_s22500	OR779980	2
207756	NC_027366_w1000_s149000	NC_027366	2
207766	MF754116_w1000_s64500	MF754116	2
207775	OR290783_w10000_s15000	OR290783	2
207804	KM092515_w20000_s0	KM092515	2
207811	MW021749_w20000_s110000	MW021749	2
207827	PQ571285_w1000_s9000	PQ571285	2
207832	NC_055847_w5000_s37500	NC_055847	2
207834	OP172674_w5000_s5000	OP172674	2
207846	MZ443770_w20000_s40000	MZ443770	2
207851	OZ196428_w20000_s10000	OZ196428	2
207859	HM114277_w20000_s110000	HM114277	2
207866	OK040785_w20000_s10000	OK040785	2
207872	KY554777_w1000_s96500	KY554777	2
207900	LR031359_w20000_s60000	LR031359	2
207913	MT552976_w20000_s90000	MT552976	2
207917	MT657342_w10000_s25000	MT657342	2
207927	KJ003983_w10000_s60000	KJ003983	2
207932	OL631484_w20000_s0	OL631484	2
207939	MW394390_w20000_s70000	MW394390	2
207942	OR234010_w1000_s36500	OR234010	2
207950	MK524509_w20000_s10000	MK524509	2
207955	PP597384_w10000_s80000	PP597384	2
207964	MN234211_w20000_s120000	MN234211	2
207988	OZ195877_w5000_s22500	OZ195877	2
207994	OP380601_w1000_s137500	OP380601	2
207995	MZ443787_w10000_s20000	MZ443787	2
208000	NC_031245_w20000_s100000	NC_031245	2
208006	PP496723_w10000_s40000	PP496723	2
208011	MN101217_w5000_s32500	MN101217	2
208022	NC_048718_w2000_s22000	NC_048718	2
208034	MH460463_w1000_s26000	MH460463	2
208036	KX130865_w5000_s67500	KX130865	2
208057	NC_001706_w10000_s10000	NC_001706	2
208066	NC_041898_w10000_s30000	NC_041898	2
208091	KR296689_w10000_s45000	KR296689	2
208093	OK483201_w2000_s3000	OK483201	2
208111	MH450130_w1000_s37000	MH450130	2
208119	MK433268_w1000_s35500	MK433268	2
208131	JN712910_w2000_s73000	JN712910	2
208137	KX397373_w1000_s187000	KX397373	2
208150	OR472445_w20000_s30000	OR472445	2
208161	MW794151_w1000_s84000	MW794151	2
208163	PP464953_w10000_s40000	PP464953	2
208165	MW584175_w5000_s27500	MW584175	2
208166	MT799840_w1000_s8000	MT799840	2
208187	PP579743_w20000_s60000	PP579743	2
208191	PQ006691_w2000_s0	PQ006691	2
208209	MH892376_w1000_s20500	MH892376	2
208219	OQ921337_w10000_s20000	OQ921337	2
208222	NC_054910_w5000_s125000	NC_054910	2
208233	OR475284_w10000_s0	OR475284	2
208235	OR553912_w2000_s1000	OR553912	2
208238	NC_006884_w10000_s70000	NC_006884	2
208240	GQ502199_w20000_s10000	GQ502199	2
208241	NC_041912_w5000_s32500	NC_041912	2
208260	MW021758_w5000_s202500	MW021758	2
208264	AF165214_w10000_s25000	AF165214	2
208272	JX006077_w20000_s20000	JX006077	2
208273	NC_073441_w10000_s15000	NC_073441	2
208274	NC_028890_w5000_s5000	NC_028890	2
208284	NC_042132_w5000_s5000	NC_042132	2
208288	PP597384_w1000_s125500	PP597384	2
208295	MK433264_w20000_s20000	MK433264	2
208303	MH745368_w10000_s90000	MH745368	2
208329	MN871441_w5000_s172500	MN871441	2
208332	MN782535_w5000_s112500	MN782535	2
208337	PP400782_w2000_s26000	PP400782	2
208343	NC_042030_w20000_s30000	NC_042030	2
208377	LC645425_w10000_s35000	LC645425	2
208378	KR080195_w1000_s44000	KR080195	2
208381	HQ634195_w1000_s96000	HQ634195	2
208382	OZ195923_w1000_s39000	OZ195923	2
208388	MK279871_w10000_s0	MK279871	2
208395	PP716131_w2000_s61000	PP716131	2
208405	MF678789_w20000_s10000	MF678789	2
208417	MG646671_w20000_s50000	MG646671	2
208423	MW460246_w20000_s50000	MW460246	2
208428	OM203161_w5000_s12500	OM203161	2
208454	MK814756_w5000_s2500	MK814756	2
208458	PQ114736_w10000_s75000	PQ114736	2
208463	MK240351_w5000_s142500	MK240351	2
208466	NC_047944_w1000_s11000	NC_047944	2
208467	ON637170_w2000_s33000	ON637170	2
208473	OR896349_w10000_s0	OR896349	2
208486	OZ035784_w20000_s20000	OZ035784	2
208497	MT585310_w2000_s3000	MT585310	2
208532	OQ291031_w1000_s86000	OQ291031	2
208535	KT239446_w1000_s111500	KT239446	2
208540	MW824427_w5000_s10000	MW824427	2
208546	MW419087_w1000_s143500	MW419087	2
208550	JQ837901_w5000_s0	JQ837901	2
208555	OZ196403_w2000_s81000	OZ196403	2
208565	MF405094_w10000_s95000	MF405094	2
208567	PP429240_w10000_s60000	PP429240	2
208573	OZ196140_w5000_s177500	OZ196140	2
208577	HG007973_w1000_s1500	HG007973	2
208579	MT658804_w20000_s0	MT658804	2
208588	LT960608_w5000_s12500	LT960608	2
208604	JQ287645_w5000_s22500	JQ287645	2
208614	NC_042016_w5000_s25000	NC_042016	2
208618	MT682710_w5000_s20000	MT682710	2
208625	PQ181262_w20000_s120000	PQ181262	2
208632	NC_047729_w1000_s22000	NC_047729	2
208637	OL964745_w1000_s119500	OL964745	2
208638	MW794163_w1000_s35000	MW794163	2
208641	PP496415_w20000_s70000	PP496415	2
208642	MN585992_w20000_s50000	MN585992	2
208677	OQ357865_w2000_s5000	OQ357865	2
208684	KJ019069_w1000_s27500	KJ019069	2
208688	PP889454_w10000_s5000	PP889454	2
208691	NC_047892_w10000_s40000	NC_047892	2
208701	NC_042038_w1000_s33000	NC_042038	2
208707	PP357460_w1000_s14000	PP357460	2
208708	NC_047888_w5000_s0	NC_047888	2
208725	KT454805_w10000_s0	KT454805	2
208729	OX335405_w1000_s66000	OX335405	2
208730	NC_027387_w20000_s0	NC_027387	2
208733	OQ921337_w5000_s122500	OQ921337	2
208734	MN552148_w20000_s0	MN552148	2
208738	PP920558_w10000_s5000	PP920558	2
208746	KM925136_w10000_s100000	KM925136	2
208751	MK448921_w20000_s10000	MK448921	2
208757	OQ059336_w20000_s20000	OQ059336	2
208760	MW021757_w2000_s150000	MW021757	2
208778	PQ374146_w2000_s6000	PQ374146	2
208784	OM912978_w5000_s77500	OM912978	2
208807	MG770213_w1000_s2000	MG770213	2
208808	NC_023603_w2000_s21000	NC_023603	2
208817	MF490238_w5000_s57500	MF490238	2
208821	KY883643_w2000_s6000	KY883643	2
208823	MG592621_w2000_s8000	MG592621	2
208827	KU686197_w10000_s130000	KU686197	2
208848	MK448824_w20000_s10000	MK448824	2
208853	MW021749_w10000_s55000	MW021749	2
208854	NC_054636_w20000_s20000	NC_054636	2
208855	PP554579_w20000_s0	PP554579	2
208860	MG925349_w1000_s11500	MG925349	2
208870	MN114083_w10000_s35000	MN114083	2
208876	NC_007610_w5000_s125000	NC_007610	2
208894	PQ181262_w2000_s113000	PQ181262	2
208925	OK340820_w10000_s15000	OK340820	2
208940	NC_048754_w1000_s58500	NC_048754	2
208943	OR594342_w10000_s10000	OR594342	2
208955	OL770107_w20000_s140000	OL770107	2
208959	OM095401_w10000_s10000	OM095401	2
208960	KM606995_w2000_s68000	KM606995	2
208990	OM386659_w5000_s72500	OM386659	2
209027	NC_055847_w1000_s0	NC_055847	2
209035	OZ196094_w5000_s57500	OZ196094	2
209038	OK076929_w5000_s92500	OK076929	2
209041	MW042804_w2000_s1000	MW042804	2
209049	MF288920_w10000_s35000	MF288920	2
209052	NC_070885_w2000_s53000	NC_070885	2
209053	OQ921337_w20000_s50000	OQ921337	2
209057	OL770107_w20000_s150000	OL770107	2
209081	MT498050_w2000_s18000	MT498050	2
209102	JN377895_w20000_s70000	JN377895	2
209121	MK511041_w5000_s20000	MK511041	2
209122	OM203156_w2000_s57000	OM203156	2
209131	KU197013_w2000_s12000	KU197013	2
209138	MN270269_w5000_s2500	MN270269	2
209142	NC_022969_w20000_s40000	NC_022969	2
209160	OZ195945_w10000_s25000	OZ195945	2
209191	ON881243_w10000_s95000	ON881243	2
209203	PQ819472_w5000_s102500	PQ819472	2
209235	NC_055869_w20000_s10000	NC_055869	2
209238	OZ035773_w2000_s134000	OZ035773	2
209253	MG065662_w20000_s120000	MG065662	2
209255	OQ749652_w5000_s120000	OQ749652	2
209264	MN562221_w1000_s68000	MN562221	2
209266	NC_054934_w2000_s23000	NC_054934	2
209268	KM242061_w2000_s18000	KM242061	2
209277	MK054215_w1000_s9000	MK054215	2
209281	NC_008562_w10000_s75000	NC_008562	2
209283	KJ019029_w20000_s70000	KJ019029	2
209286	PQ309151_w20000_s30000	PQ309151	2
209306	MK510980_w2000_s15000	MK510980	2
209321	MG065671_w10000_s0	MG065671	2
209335	NC_011344_w5000_s27500	NC_011344	2
209352	MH450116_w20000_s40000	MH450116	2
209376	MG592621_w5000_s25000	MG592621	2
209378	PQ666539_w10000_s80000	PQ666539	2
209381	PQ362678_w5000_s0	PQ362678	2
209400	MZ417350_w5000_s62500	MZ417350	2
209412	PQ571282_w10000_s15000	PQ571282	2
209438	OK499980_w20000_s20000	OK499980	2
209442	KJ174318_w10000_s5000	KJ174318	2
209454	OR608735_w20000_s130000	OR608735	2
209455	OL742561_w5000_s30000	OL742561	2
209462	KJ174318_w1000_s133500	KJ174318	2
209464	MT446392_w1000_s133000	MT446392	2
209466	PP706156_w10000_s40000	PP706156	2
209477	KX349270_w10000_s100000	KX349270	2
209478	KT184309_w2000_s99000	KT184309	2
209489	MG592525_w2000_s31000	MG592525	2
209493	KC691256_w20000_s0	KC691256	2
209517	OQ129425_w10000_s5000	OQ129425	2
209523	LC727889_w1000_s36000	LC727889	2
209526	PP856727_w2000_s81000	PP856727	2
209530	NC_070975_w10000_s15000	NC_070975	2
209542	NC_023570_w5000_s17500	NC_023570	2
209543	OZ196059_w1000_s51000	OZ196059	2
209547	LT960608_w20000_s40000	LT960608	2
209549	MG649966_w10000_s105000	MG649966	2
209562	MT446392_w10000_s50000	MT446392	2
209577	NC_047952_w20000_s20000	NC_047952	2
209585	NC_028844_w2000_s36000	NC_028844	2
209613	NC_071045_w20000_s30000	NC_071045	2
209619	DQ398045_w2000_s34000	DQ398045	2
209621	PQ007363_w2000_s3000	PQ007363	2
209633	MW149275_w5000_s17500	MW149275	2
209640	PQ516283_w10000_s165000	PQ516283	2
209647	OL770259_w10000_s25000	OL770259	2
209651	OZ196109_w5000_s55000	OZ196109	2
209677	LN610585_w10000_s40000	LN610585	2
209696	JN797797_w2000_s39000	JN797797	2
209702	NC_051614_w20000_s0	NC_051614	2
209719	MK994515_w2000_s218000	MK994515	2
209730	PP848854_w5000_s22500	PP848854	2
209736	NC_023741_w5000_s45000	NC_023741	2
209747	ON190024_w1000_s2000	ON190024	2
209752	NC_047882_w1000_s15500	NC_047882	2
209761	MK977703_w20000_s10000	MK977703	2
209774	PP925828_w10000_s90000	PP925828	2
209790	PP978820_w1000_s8500	PP978820	2
209821	OQ603353_w10000_s95000	OQ603353	2
209822	KY499642_w20000_s140000	KY499642	2
209826	MH571750_w10000_s40000	MH571750	2
209829	NC_047802_w10000_s25000	NC_047802	2
209838	OP172809_w20000_s0	OP172809	2
209851	MN043729_w20000_s60000	MN043729	2
209867	OZ195879_w2000_s27000	OZ195879	2
209873	OZ196444_w2000_s12000	OZ196444	2
209878	OZ195867_w10000_s95000	OZ195867	2
209884	OR770614_w5000_s55000	OR770614	2
209897	MZ826345_w10000_s20000	MZ826345	2
209899	JQ340389_w10000_s55000	JQ340389	2
209910	OP263967_w20000_s90000	OP263967	2
